м.,Дніпропетровськ
м.,Вільногірськ
м.,Дніпродзержинськ
с-ще,Світле
смт,Карнаухівка
м.,Жовті Води
с.,Суха Балка
м.,Кривий Ріг
с-ще,Авангард
с-ще,Гірницьке
с-ще,Коломійцеве
с.,Новоіванівка
с.,Тернуватий Кут
м.,Марганець
смт,Мар'ївка
с-ще,Максимівка
м.,Нікополь
м.,Новомосковськ
м.,Орджонікідзе
смт,Гірницьке
смт,Чортомлик
м.,Павлоград
м.,Першотравенськ
м.,Синельникове
м.,Тернівка
с.,Зелена Долина
м.,Апостолове
с-ще,Українка
с.,Новомар'янівка
м.,Зеленодольськ
с.,Мала Костромка
с.,Велика Костромка
с.,Володимирівка
с.,Сергіївка
с.,Шевченко
с.,Вільне
с.,Веселі Чумаки
с.,Єлизаветпілля
с.,Пам'ять Ілліча
с.,Кам'янка
с-ще,Жовте
с.,Новоіванівка
с.,Слов'янка
с.,Тарасо-Григорівка
с.,Червона Колона
с.,Ленінське
с-ще,Гранітне
с.,Усть-Кам'янка
с.,Мар'янське
с.,Михайлівка
с.,Катеринівка
с.,Михайло-Заводське
с.,Широчани
с.,Нива Трудова
с.,Садове
с.,Солдатське
с.,Червона Зірка
с.,Перше Травня
с.,Запорізьке
с.,Нова Січ
с.,Новосеменівка
с-ще,Токівське
с-ще,Тік
с-ще,Червоний Запорожець
с.,Червоний Тік
смт,Васильківка
с.,Бондареве
с.,Вовчанське
с.,Зоря
с.,Іванівка
с.,Красне
с.,Манвелівка
с.,Петриківка
с.,Правда
с.,Улянівка
с.,Вербівське
с.,Возвратне
с.,Воронізьке
с.,Дібрівка
с.,Зелений Гай
с.,Іванівське
с.,Кіровське
с.,Луб'янці
с.,Новоіванівка
с.,Рубанівське
с.,Солонці
с.,Шевченківське
смт,Чаплине
с.,Журавлинка
с.,Касаєве
с.,Петрикове
с.,Рівне
с.,Богданівка
с.,Катеринівка
с.,Колоно-Миколаївка
с.,Нововасильківка
с.,Петрівське
с.,Великоолександрівка
с.,Первомайське
с.,Преображенське
с.,Воскресенівка
с.,Нововоскресенівка
с.,Григорівка
с.,Дебальцеве
с.,Веселий Кут
с.,Лугове
с.,Новотерсянське
с.,Охотниче
с.,Перевальське
с.,Пришиб
с.,Добровілля
с.,Бровки
с.,Гришаї
с.,Лиса Балка
с.,Очеретувате
с.,Зелений Гай
с.,Довге
с.,Копані
с.,Крутеньке
с.,Новоандріївка
с.,Таранове
с.,Хвилі
с.,Миколаївка
с.,Артемівка
с.,Дачне
с.,Дубовики
с.,Зелена Роща
с.,Медичне
с.,Павлівка
с.,Аврамівка
с.,Інтернаціональне
с.,Каплистівка
с.,Кобзар
с.,Криворізьке
с.,Крутоярка
смт,Червоногригорівка
с.,Дмитрівка
с.,Борисівка
с.,Привільне
с.,Кірове
с.,Високопіль
с.,Колгоспне
с.,Мар'ївка
с.,Олександрівка
с.,Підгірне
с.,Таврійське
с.,Криничувате
с.,Веселе
с.,Голубівка
с.,Довгівка
с.,Дружба
с.,Змагання
с.,Лебединське
с.,Лукіївка
с.,Менделєєвка
с.,Охотниче
с.,Пахар
с.,Томаківське
с.,Лошкарівка
с.,Головкове
с.,Зелене
с.,Межуївка
с.,Нова Балта
с.,Сорочине
с.,Христофорівка
с.,Менжинське
с.,Олексіївка
с.,Старозаводське
с.,Новоіванівка
с.,Високе
с.,Новоселівка
с.,Новософіївка
с.,Орджонікідзе
с.,Путилівка
с.,Хмельницьке
с.,Павлопілля
с.,Водяне
с.,Звізда
с.,Іванівка
с.,Маринопіль
с.,Приют
с.,Шишкине
с.,Першотравневе
с.,Західне
с.,Східне
с.,Південне
с.,Покровське
с.,Капулівка
с.,Катеринівка
с.,Красне
с.,Набережне
с.,Шахтар
с.,Придніпровське
с-ще,Кам'янське
с.,Мусіївка
с.,Чкалове
с.,Шевченкове
с.,Крутий Берег
с.,Максимівка
с.,Олександропіль
с.,Шолохове
с.,Миронівка
с.,Улянівка
м.,Перещепине
с.,Комінтерн
с.,Малокозирщина
с.,Олександрія
с.,Свічанівка
с-ще,Фрунзе
смт,Гвардійське
смт,Губиниха
с.,Євецько-Миколаївка
смт,Меліоративне
смт,Черкаське
с.,Багате
с.,Панасівка
с.,Рівне
с.,Василівка
с.,Андріївка
с.,Всесвятське
с.,Вільне
с.,Хащеве
с.,Голубівка
с-ще,Видвиженець
с.,Воскресенівка
с-ще,Кільчень
с.,Троїцьке
с.,Знаменівка
с.,Новотроїцьке
с.,Підпільне
с.,Керносівка
с.,Ганнівка
с.,Орілька
с.,Мар'янівка
с.,Скотувате
с.,Новоскотувате
с-ще,Мирне
с.,Михайлівка
с.,Левенцівка
с.,Миколаївка
с.,Дніпрельстан
с.,Королівка
с.,Нове
с.,Новостепанівка
с.,Варварівка
с.,Герасимівка
с.,Гнатівка
с.,Івано-Михайлівка
с.,Радсело
с.,Орлівщина
с.,Піщанка
с.,Новоселівка
с.,Соколове
с.,Ягідне
с.,Попасне
с.,Надеждівка
с.,Привільне
с.,Тарасове
с.,Спаське
с.,Дмитрівка
с.,Хуторо-Губиниха
с.,Богданівка
с.,Мерцалівка
с.,Самарське
с.,Тельмана
с.,Богуслав
с.,Булахівка
с.,Червона Долина
с.,Вербки
с.,Морозівське
с.,Нові Вербки
с.,В'язівок
с.,Веселе
с.,Карабинівка
с.,Лиманське
с-ще,Мінеральні Води
с.,Новоолександрівське
с.,Кочережки
с.,Жолобок
с.,Підлісне
с.,Межиріч
с.,Домаха
с.,Котовець
с-ще,Новоселівське
с.,Оженківка
с.,Червона Нива
с.,Нова Дача
с.,Кохівка
с.,Нова Русь
с.,Зелене
с.,Мар'ївка
с.,Поперечне
с.,Новомиколаївське
с.,Свідівок
с.,Степ
с.,Привовчанське
с.,Малоолександрівка
с.,Вербове
с.,Левадки
смт,Петриківка
с.,Жовтневе
с.,Сотницьке
с.,Червонопартизанське
смт,Курилівка
смт,Миколаївка
с.,Єлизаветівка
с.,Іванівка
с.,Гречане
с.,Клешнівка
с.,Куліші
с.,Радсело
с.,Лобойківка
с.,Хутірське
с.,Чаплинка
с.,Улянівка
с.,Шульгівка
с.,Плавещина
с.,Сорочине
с.,Судівка
смт,Петропавлівка
смт,Брагинівка
с.,Олександропіль
с.,Новодмитрівка
с.,Озерне
с.,Товсте
с.,Успенівка
с.,Брагинівка
с.,Богдано-Вербки
с.,Зелений Гай
с.,Нововербське
с.,Олександрівка
с.,Сонцеве
с.,Шевченка
с-ще,Васильківське
с.,Запоріжжя
с.,Кунінова
с.,Русакове
с.,Сидоренко
с.,Дмитрівка
с.,Новогригорівка
с.,Перепеляче
с.,Пролетарське
с.,Самарське
с.,Червона Долина
с.,Шевченко
с.,Шев'якине
с.,Широке
с.,Шевченкове
с.,Краснощокове
с.,Свиридове
с.,Хуторо-Чаплине
м.,Верхньодніпровськ
м.,Верхівцеве
с-ще,Соколівка
с.,Широке
смт,Дніпровське
смт,Новомиколаївка
с.,Братське
с.,Воєводівка
с.,Чепине
с.,Чкаловка
с.,Ганнівка
с.,Заполички
с.,Клин
с.,Мости
с.,Новоселівка
с.,Попівка
с.,Боровківка
с.,Авксенівка
с.,Вільні Хутори
с.,Матюченкове
с.,Павло-Григорівка
с.,Ярок
с.,Бородаївка
с.,Правобережне
с.,Водяне
с.,Андріївка
с.,Діденкове
с.,Зелене
с.,Зуботрясівка
с.,Кривоносове
с.,Миколаївка
с.,Солов'ївка
с.,Томаківка
с.,Дмитрівка
с.,Дідове
с.,Доброгірське
с.,Кринички
с.,Кушнарівка
с.,Мар'янівка
с.,Мотронівка
с.,Новоганнівка
с.,Посуньки
с.,Соколове
с.,Дніпровокам'янка
с.,Івашкове
с.,Калужине
с.,Павлівка
с.,Суслівка
с.,Заріччя
с.,Бородаївські Хутори
с.,Василівка
с.,Домоткань
с.,Корнило-Наталівка
с.,Якимівка
с.,Малоолександрівка
с.,Адалимівка
с.,Гранове
с.,Калинівка
с.,Дубове
с.,Карла Маркса
с.,Петрівка
с.,Полівське
с.,Мишурин Ріг
с.,Перше Травня
с.,Новогригорівка
с.,Підлужжя
с.,Самоткань
с.,Тарасівка
с.,Пушкарівка
м.,Підгородне
с.,Перемога
смт,Кіровське
с.,Горянівське
смт,Ювілейне
с.,Олександрівка
с.,Василівка
с.,Волоське
с.,Майорка
с.,Ракшівка
с.,Червоний Садок
с-ще,Горького
с-ще,Долинське
с.,Нове
с.,Пашена Балка
с-ще,Шевченко
с.,Любимівка
с.,Перше Травня
с.,Придніпрянське
с.,Миколаївка
с.,Сурське
с.,Новоолександрівка
с.,Братське
с.,Дніпрове
с.,Дороге
с-ще,Дослідне
с.,Кам'янка
с.,Старі Кодаки
с.,Новомиколаївка
с.,Зелений Гай
с.,Сурсько-Клевцеве
с.,Партизанське
с.,Балівка
с.,Степове
с.,Степове
с.,Благовіщенка
с.,Сурсько-Литовське
с.,Орджонікідзе
с.,Чумаки
с.,Виноградне
с-ще,Зоря
с.,Маївка
смт,Радушне
смт,Христофорівка
с.,Валове
с.,Іванівка
с.,Веселе
с.,Бурлацьке
с.,Львів
с.,Нова Зоря
с.,Новий Шлях
с.,Новомар'янівське
с.,Вільне
с.,Радгоспне
с.,Гейківка
с.,Іванівка
с.,Кривбас
с.,Новий Кременчук
с.,Павлівка
с.,Ранній Ранок
с.,Глеюватка
с.,Веселий Кут
с.,Красна Балка
с.,Новоіванівка
с.,Грузьке
с.,Анастасівка
с.,Новолозуватка
с.,Тернівка
с.,Златоустівка
с.,Андрусівка
с.,Кам'янське
с.,Новогригорівка
с.,Кіровка
с.,Зелений Гай
с.,Зелений Луг
с.,Кудашівка
с-ще,Мусіївка
с.,Новий Мир
с-ще,Червона Поляна
с.,Красіне
с.,Водяне
с.,Красне
с.,Леніна
с-ще,Нові Садки
с.,Новожитомир
с.,Суворовка
с.,Трудове
с.,Лозуватка
с.,Базарове
с.,Мар'янівка
с.,Новоганнівка
с.,Раєво-Олександрівка
с.,Надеждівка
с.,Братсько-Семенівка
с.,Маяк
с-ще,Пичугине
с.,Недайвода
с.,Зоря
с.,Тернуватка
с.,Новопілля
с.,Златопіль
с.,Золота Поляна
с.,Дніпровка
с.,Коломійцеве
с-ще,Лісопитомник
с.,Новомайське
с.,Чапаєвка
с.,Червоні Поди
с.,Орджонікідзе
с.,Високе Поле
с.,Зелене Поле
с.,Кам'яне Поле
с.,Кірове
с.,Новопокровка
с.,Червоне
с.,Гомельське
с.,Запорожець
с.,Калініна
с-ще,Рудничне
с.,Чабанове
с.,Чкаловка
с.,Грузька Григорівка
с.,Дружба
с.,Інгулець
с.,Радіонівка
с.,Широке
с.,Вільний Посад
с.,Вільний Табір
с.,Новоселівка
с.,Романівка
с.,Шевченкове
смт,Кринички
с.,Гримуче
с.,Новопідгірне
с.,Новопушкарівка
с.,Одарівка
с.,Суворовське
с.,Червоний Яр
с.,Чернече
с.,Яблуневе
смт,Аули
смт,Щорськ
с.,Веселе
с.,Вільне
с.,Людмилівка
с.,Надія
с.,Олексіївка
с.,Потоки
с.,Скелюватка
с.,Трудове
с.,Адамівка
с.,Зелена Долина
с.,Світлогірське
с.,Болтишка
с.,Калинівка
с.,Олександрівка
с.,Бикове
с.,Василівка
с.,Водяне
с.,Гуляйполе
с.,Березине
с.,Благодатне
с.,Бузулуки
с.,Високе
с.,Леніна
с.,Малософіївка
с.,Октябрське
с.,Первомайське
с.,Смоленка
с.,Тарасівка
с.,Удачне
с.,Дружба
с.,Кам'янчани
с.,Мирне
с.,Первозванівка
с.,Сухий Хутір
с.,Улянівка
с.,Червона Українка
с.,Червоний Став
с.,Жовтневе
с.,Божедарівка
с.,Теплівка
с.,Затишне
с-ще,Гранітне
с.,Лугове
с.,Катеринопіль
с.,Зоря
с.,Нова Праця
с.,Новогурівка
с.,Павлівка
с.,Привілля
с.,Кудашівка
с.,Андріївка
с.,Благословенна
с.,Катеринівка
с.,Ковалівка
с.,Новожитлівка
с.,Поляна
с.,Маломихайлівка
с.,Діброва
с.,Новокалинівка
с.,Шмакове
с.,Новоселівка
с.,Барвінок
с.,Зелений Кут
с.,Іллінка
с.,Рогівське
с.,Степанівка
с.,Покровка
с.,Весела Долина
с.,Грузинівка
с.,Зелений Яр
с.,Кіровка
с-ще,Милорадівка
с.,Новомилорадівка
с-ще,Сорокопанівка
с.,Червоний Орлик
с.,Преображенка
с.,Вітрівка
с.,Кімовка
с.,Лозуватка
с.,Михайлівка
с.,Чапаєвка
с.,Червона Балка
с.,Червоне
с.,Семенівка
с.,Весела Роща
с.,Котлярівка
с.,Любимівка
с.,Любомирівка
с.,Підгірне
с.,Червоний Прапор
с.,Українка
с.,Вишневе
с.,Червоноіванівка
с.,Козодуб
с.,Коробчине
с.,Червоний Промінь
с.,Володимирівка
с.,Грушівка
с.,Єгорівка
с.,Оленівка
смт,Магдалинівка
с.,Дубравка
с.,Радянське
с.,Олександрівка
с.,Запоріжжя
с.,Малоандріївка
с.,Бузівка
с.,Йосипівка
с.,Ковпаківка
с.,Гупалівка
с.,Дмухайлівка
с.,Жданівка
с.,Грабки
с.,Деконка
с.,Дудківка
с.,Крамарка
с.,Заплавка
с.,Краснопілля
с.,Кременівка
с.,Минівка
с.,Казначеївка
с.,Котовка
с.,Степанівка
с.,Личкове
с.,Великокозирщина
с.,Мар'ївка
с.,Олянівка
с.,Трудолюбівка
с.,Новопетрівка
с.,Виноградівка
с.,Водяне
с.,Шевське
с.,Оленівка
с.,Очеретувате
с.,Першотравенка
с.,Поливанівка
с.,Веселий Гай
с.,Карла Маркса
с.,Новоіванівка
с.,Почино-Софіївка
с.,Січкарівка
с.,Тарасівка
с.,Приют
с.,Веселе
с.,Вишневе
с.,Іванівка
с.,Нововасилівка
с.,Новоспаське
с.,Тарасо-Шевченківка
с-ще,Пролетарське
с.,Гавришівка
с.,Новопролетарське
с.,Топчине
с.,Тарасівка
с.,Чернеччина
с.,Мусієнкове
с.,Шевченківка
с.,Євдокіївка
с.,Тарасівка
смт,Межова
с.,Веселе
с.,Вознесенське
с.,Жукове
с.,Запорізьке
с.,Ленінське
с.,Новолозуватівка
с.,Славне
с.,Українка
смт,Демурине
с.,Василівка
с.,Володимирівка
с.,Богданівка
с.,Антонівське
с.,Миколаївка
с.,Солоне
с.,Тарасівка
с.,Федорівське
с.,Чаус
с.,Веселе
с.,Олександрівка
с.,Попутне
с.,Зоряне
с.,Крутоярівка
с.,Мала Покровка
с.,Малієве
с.,Маліївське
с.,Новопетровське
с.,Петровське
с.,Полтавське
с.,Іванівка
с.,Новогригорівка
с.,Водолазьке
с.,Красногорівка
с.,Юр'ївка
с.,Новопавлівка
с.,Дачне
с.,Філія
с.,Чугуєве
с.,Преображенка
с.,Всесвятське
с.,Новотроїцьке
с.,Райполе
с.,Колона-Межова
с.,Краснознам'янка
с.,Мар'ївка
с.,Новоолександрівка
с.,Новопідгородне
с.,Сухарева Балка
с.,Слов'янка
с.,Андронівка
с.,Наталівка
с.,Бажани
с.,Відродження
с.,Кардаші
с.,Олефірівка
с.,Чумаки
с.,Лозове
с.,Роздори
с.,Росішки
с.,Миколаївка
с.,Петрівка
с.,Катеринівка
с.,Маломиколаївка
с.,Мар'їна Роща
с.,Новопричепилівка
с.,Осадче
с.,Водяне
с.,Добринька
с.,Самарське
с.,Васюківка
с.,Лугове
с.,Троїцьке
с-ще,Українське
с.,Василівка
с.,Вереміївка
с.,Зелений Гай
с.,Мар'янка
с.,Новоселівка
с.,Новохорошевське
с.,Хороше
с.,Коханівка
с.,Старий Колодязь
смт,Покровське
с.,Водяне
с.,Гапоно-Мечетне
с.,Зелена Долина
с.,Отрішки
с.,Петриків
с.,Романки
с.,Скотувате
с.,Старокасянівське
с.,Цикове
с.,Чорненкове
смт,Просяна
с.,Олександрівка
с.,Тихе
с.,Богодарівка
с.,Вовче
с.,Відрадне
с.,Гай
с.,Коломійці
с.,Новоскелювате
с.,Олексіївка
с.,Писанці
с.,Червоний Лиман
с.,Андріївка
с.,Братське
с.,Вільне
с.,Герасимівка
с.,Комунарівка
с.,Нечаївка
с.,Остапівське
с.,Піщане
с.,Радісне
с.,Березове
с.,Запорізьке
с.,Калинівське
с.,Новогеоргіївка
с.,Новомиколаївка
с.,Новопетрівське
с.,Степове
с.,Великомихайлівка
с.,Вороне
с.,Лісне
с.,Маліївка
с.,Новоселівка
с.,Орестопіль
с.,Соснівка
с.,Хороше
с.,Январське
с.,Вишневе
с.,Вербове
с.,Данилівка
с.,Єгорівка
с.,Кирпичне
с.,Новоолександрівка
с.,Першотравневе
с.,Привілля
с.,Гаврилівка
с.,Підгаврилівка
с.,Катеринівка
с.,Зарічне
с.,Кіровка
с.,Маломихайлівка
с.,Яблунівка
с.,Орли
с.,Діброва
с.,Киричкове
с.,Кривобокове
с.,Малинівка
с.,Маяк
с.,Мечетне
с.,Солоне
м.,П'ятихатки
смт,Вишневе
с.,Кулябкине
смт,Лихівка
с.,Комунарівка
с.,Степове
с.,Біленщина
с.,Верхньокам'яниста
с.,Катеринівка
с.,Липове
с.,Михайлівка
с.,"Олександро-
Григорівка"
с.,Плоске
с.,Плоско-Таранівка
с.,Богдано-Надеждівка
с.,Калинівка
с.,Культура
с-ще,Мирне
с.,Миролюбівка
с.,Полтавобоголюбівка
с.,Грушуватка
с.,Комсомольське
с.,Красноіванівка
с.,Нерудсталь
с.,Семенівка
с.,Жовте
с-ще,Зелене
с-ще,Зоря Комунізму
с-ще,Авангард
с.,Зелений Луг
с.,Касинівка
с.,Осикувате
с.,Петрівка
с.,Івашинівка
с-ще,Радгоспне
с.,Красна Воля
с.,Комісарівка
с.,Лозуватка
с.,Байківка
с.,Іванівка
с.,Ликошине
с.,Новоукраїнка
с.,Терно-Лозуватка
с.,Червоний Яр
с.,Мар'янівка
с.,Волочаївка
с.,Пальмирівка
с.,Веселий Поділ
с.,Дмитрівка
с.,Жовтоолександрівка
с.,Красний Луг
с.,Нововасилівка
с.,Новозалісся
с.,Ровеньки
с.,Трудолюбівка
с.,Савро
с.,Балкове
с.,Вільне
с.,Галина Лозуватка
с.,Демурино-Варварівка
с.,Кам'яне
с.,Новоіванівка
с.,Червона Поляна
с.,Чигринівка
с.,Саївка
с.,Долинське
с.,Тернувате
с.,Саксагань
с.,Чумаки
с.,Троїцьке
с.,Березняк
с.,Зелений Клин
с.,Золотницьке
с.,Миколаївка
с.,Новотроїцьке
с.,Червона Деріївка
с.,Холодіївка
с.,Володимирівка
с.,Грамівка
с.,Григорівка
с.,Миронівка
с.,Цвіле
с.,Червона Гірка
с.,Яковлівка
с.,Виноградівка
с.,Запоріжжя
с.,Суханівка
с.,Чистопіль
смт,Іларіонове
с.,Знаменівське
с.,Іванівка
с.,Лозуватка
с.,Старолозуватка
смт,Роздори
с.,Гострий Камінь
с.,Нововознесенка
с.,Роздолля
смт,Сад
смт,Славгород
с.,Бегма
с.,Новоолександрівське
с.,Новоолександропіль
с.,Першозванівка
с.,Польове
с.,Тургенєвка
с.,Варварівка
с.,Андріївка
с.,Грякувате
с.,Дубо-Осокорівка
с.,Зелене
с.,Мар'ївське
с.,Обоянівське
с.,Олександропіль
с.,Осокорівка
с.,Попове
с.,Великомихайлівка
с.,Заяче
с.,Київське
с.,Кодацьке
с.,Носачі
с.,Вільне
с.,Новоолексіївка
с.,Воронове
с.,Василівка-на-Дніпрі
с.,Мар'ївка
с.,Ненаситець
с.,Гірки
с.,Бурханівка
с.,Володимирівське
с.,Запорізьке
с.,Надеждине
с.,Третяківка
с.,Троїцьке
с.,Дерезувате
с.,Дороге
с.,Лугове
с-ще,Степове
с.,Широкосмоленка
с.,Діброва
с.,Веселе
с.,Воронівка
с.,Зайцеве
с.,Калинівка
с.,Красне
с.,Очеретувате
с.,Тернове
с.,Кислянка
с.,Кам'януватка
с.,Надеждівка
с.,Хорошеве
с.,Луб'янка
с.,Березнуватка
с.,Калинівське
с.,Садове
с.,Токове
с.,Циганівка
с.,Ясне
с.,Майське
с.,Козачий Гай
с.,Нове
с.,Новомиколаївка
с.,Октябрське
с.,Романівка
с.,Мар'ївка
с.,Мар'їнка
с-ще,Первомайське
с.,Ракове
с-ще,Хорошеве
с-ще,Шахтарське
с.,Миролюбівка
с.,Андріївка
с.,Новий Посьолок
с.,Новочернігівське
с.,Партизани
с.,Терса
с.,Михайлівка
с.,Василівка
с.,Павлівка
с.,Новоолександрівка
с.,Панасівка
с.,Петрівське
с.,Новогніде
с.,Вербове
с.,Грушувато-Криничне
с.,Дубове
с.,Запорожець
с.,Іванівка
с.,Суха Калина
с.,Писарівка
с.,Зелений Гай
с.,Мар'ївка
с.,Новоіларіонівське
с.,Пристень
с.,Раївка
с.,Богуславка
с.,Веселе
с.,Георгіївка
с.,Морозівське
с.,Старовишневецьке
с.,Водяне
с.,Катражка
с.,Новопавлоградське
с.,Парне
с-ще,Фрунзе
с.,Шевченківське
с.,Дніпровське
с.,Котлярівське
с.,Мажари
с.,Рудево-Миколаївка
смт,Солоне
с.,Аполлонівка
с.,Гончарка
с.,Дніпровське
с-ще,Жданове
с.,Сергіївка
с.,Чувилине
смт,Новопокровка
с.,Дружелюбівка
с.,Котлярівка
с.,Малинове
с.,Олександропіль
с.,Бутовичівка
с.,Віленка
с.,Гаркушине
с.,Долинське
с.,Кринички
с.,Михайлівка
с.,Новоандріївка
с.,Петриківка
с-ще,Тихе
с.,Башмачка
с.,Кам'яно-Зубилівка
с.,Любимівка
с.,Любов
с.,Перше Травня
с.,Широкополе
с.,Березнуватівка
с.,Грушівка
с.,Костянтинівка
с.,Червоне
с.,Василівка
с.,Антонівка
с.,Дніпрельстан
с.,Дороганівка
с.,Кам'яне
с.,Новоселівка
с.,Червонокам'яне
с.,Військове
с.,Вовніги
с.,Гроза
с.,Калинівка
с.,Петро-Свистунове
с.,Дзержинівка
с.,Кашкарівка
с.,Мала Калинівка
с.,Миколо-Мусіївка
с.,Миропіль
с.,Олександрівка
с.,Осипенко
с.,Розтання
с.,Червоноармійське
с-ще,Єлізарове
с.,Орлове
с.,Рясне
с.,Чорнопарівка
с.,Шульгівка
с.,Малозахарине
с.,Лікнеп
с.,Мопрівське
с.,Водяне
с.,Григорівка
с.,Суданівка
с.,Товариський Труд
с.,Тракторне
с.,Наталівка
с.,Барвінок
с.,Незабудине
с.,Хижине
с.,Микільське-На-Дніпрі
с.,Звонецьке
с.,Звонецький Хутір
с.,Олексіївка
с.,Оріхове
с.,Новомар'ївка
с-ще,Незабудине
с.,Томаківка
с.,Чернігівка
с.,Павлівка
с.,Войкове
с.,Мирне
с.,Пропашне
с.,Письмечеве
с.,Безбородькове
с.,Круте
с.,Пшеничне
с.,Стародніпровське
с.,Привільне
с.,Малинівка
с.,Микільське
с.,Новотернуватка
с.,Петрівське
с.,Трудолюбівка
с.,Червоний Маяк
с.,Червоний Яр
с.,Промінь
с.,Голубинівка
с.,Дальнє
с.,Карайкове
с.,Матросове
с.,Якимівка
с.,Сурсько-Михайлівка
с.,Ленінське
с.,Новотарасівка
с.,Широке
с.,Радянське
с.,Тритузне
с.,Шестипілля
смт,Софіївка
с.,Менжинка
с.,Михайлівка
с.,Петрове
с.,Тарасівка
с.,Любимівка
с-ще,Девладове
с.,Водяне
с.,Веселе Поле
с.,Гончарове
с.,Грушки
с.,Зелений Гай
с.,Жовтневе
с.,Калашники
с.,Леніна
с.,Мар'ївка
с.,Павлівка
с.,Петропавлівка
с.,Садове
с.,Українка
с.,Явдохівка
с.,Запорізьке
с.,Братське
с.,Кам'янка
с.,Вишневе
с.,Ізлучисте
с.,Олексіївка
с.,Новохортиця
с.,Мар'є-Дмитрівка
с.,Довгівка
с.,Ковалеве
с.,Кринички
с.,Спокойствіє
с.,Червоне Поле
с.,Червоний Яр
с.,Миколаївка
с.,Вільне Життя
с.,Володимирівка
с.,Зелене
с.,Катеринівка
с.,Катерино-Наталівка
с-ще,Лошкарівка
с.,Назарівка
с.,Непереможне
с.,Олександро-Білівка
с.,Петрівка
с.,Нововасилівка
с.,Базавлучок
с.,Жовте
с.,Нові Ковна
с.,Нововітебське
с.,Новоподільське
с.,Одрубок
с.,Тернуватка
с.,Новоолексіївка
с.,Новоюлівка
с.,Авдотівка
с.,Новопетрівка
с.,Степове
с.,Трудолюбівка
с.,Ордо-Василівка
с.,Володимирівка
с.,Зав'ялівка
с.,Кодак
с.,Мар'є-Костянтинівка
с.,Мар'ївка
с.,Мотина Балка
с.,Новомихайлівка
с.,Райполе
с.,Сергіївка
с.,Перше Травня
с.,Андріївка
с.,Вербове
с.,Ганно-Миколаївка
с.,Криничувате
с.,Любе
с.,Макорти
с.,Нова Зоря
с.,Олександрівка
с-ще,Потоцьке
с.,Южне
смт,Томаківка
с.,Катьощине
с.,Олександрівка
с.,Петрівка
с.,Семенівка
с.,Сергіївка
с.,Володимирівка
с.,Ганнівка
с.,Грушеве
с.,Запорізька Балка
с.,Запорізьке
с.,Миролюбівка
с.,Новомиколаївка
с.,Новоукраїнка
с.,Садове
с.,Степанівка
с.,Урожайне
с.,Новомихайлівка
с.,Виводове
с.,Глухе
с.,Долинське
с.,Жмерине
с.,Новий Мир
с.,Новопавлівка
с.,Стрюківка
с.,Вищетарасівка
с-ще,Зоря
с-ще,Маяк
с-ще,Прогрес
с.,Зелений Гай
с.,Краснопіль
с.,Новокраснопіль
с.,Тарасівка
с.,Червоноукраїнка
с.,Кисличувата
с.,Китайгородка
с.,Зелений Клин
с-ще,Мирове
с.,Весела Федорівка
с.,Настасівка
с.,Топила
с.,Михайлівка
с.,Гарбузівка
с.,Новокатьощине
с.,Чайки
с.,Новокиївка
с.,Вільне
с.,Добра Надія
с.,Іллінка
с.,Новокам'янка
с.,Преображенка
с.,Баркове
с.,Чумаки
с.,Кірове
с.,Червоний Яр
смт,Царичанка
с.,Драгівка
с.,Дубове
с.,Калинівка
с.,Лисківка
с.,Пилипівка
с.,Селянівка
с.,Тарасівка
с.,Турове
с.,Бабайківка
с.,Вербове
с.,Івано-Яризівка
с.,Кущівка
с.,Новостроївка
с.,Залелія
с.,Андріївка
с.,Лозуватка
с.,Нетесівка
с.,Помазанівка
с.,Проточі
с.,Китайгород
с.,Ляшківка
с.,Назаренки
с.,Орлівка
с.,Шарівка
с.,Михайлівка
с.,Гнатівка
с.,Заорілля
с.,Червона Орілька
с.,Могилів
с.,Новопідкряж
с.,Супина
с.,Прядівка
с.,Рудка
с.,Кравцівка
с.,Рибалки
с.,Щербинівка
с.,Цибульківка
с.,Єгорине
с.,Зубківка
с.,Катеринівка
с-ще,Молодіжне
с.,Новоселівка
с.,Плавещина
с.,Салівка
с.,Юр'ївка
с.,Ненадівка
с.,Преображенка
с.,Семенівка
смт,Широке
смт,Миколаївка
с.,Вишневе
с.,Зелений Гай
с.,Карпівка
с.,Розівка
с.,Тихий Став
с.,Цвіткове
с.,Широка Дача
с.,Олександрівка
с.,Нове Життя
с.,Андріївка
с.,Веселий Став
с.,Городуватка
с.,Могилівка
с.,Радевичеве
с.,Запоріжжя
с.,Весела Дача
с.,Григорівка
с.,Дачне
с.,Кошове
с.,Надія
с.,Новоукраїнка
с.,Одрадне
с.,Оленівка
с.,Подидар
с.,Свердловське
с.,Чапаєвка
с.,Зелена Балка
с.,Курганка
с.,Макарівка
с.,Нове
с.,Червоний Ранок
с.,Шведове
с.,Новоселівка
с.,Інгулець
с.,Латівка
с.,Новолатівка
с.,Стародобровільське
с.,Рози Люксембург
с.,Калинівка
с.,Красний Під
с.,Миролюбівка
с.,Свистунове
с.,Трудолюбівка
с.,Степове
с.,Водяне
с.,Кравці
с.,Кряжове
с.,Озерне
с.,Подове
с.,Пологи
с.,Червоне
с.,Дем'янівка
с.,Зелений Став
с.,Казанківка
с.,Котовське
с.,Малинівка
с.,Новомалинівка
с.,Олександрія
с.,Полтавка
с.,Червоний Плугатар
с.,Широка Долина
с.,Яблунівка
с.,Явдотівка
с.,Шестірня
с.,Ганнівка
с.,Новокурське
смт,Юр'ївка
с.,Бразолове
с-ще,Жемчужне
с.,Івано-Межиріцьке
с.,Новогригорівка
с.,Українське
с.,Олександрівка
с.,Комсомольське
с.,Оленівка
с.,Сергіївка
с.,Олексіївка
с.,Новочорноглазівське
с.,Пшеничне
с.,Сокільське
с.,Улянівка
с.,Федорівське
с.,Варварівка
с.,Вербське
с.,Весела Гірка
с.,В'язівське-Водяне
с.,Призове
с.,Широка Балка
с.,Юр'ївське
с.,Вербуватівка
с.,Долина
с.,Нижнянка
с.,Жемчужне
с.,Варламівка
с.,Василівка
с.,Затишне
с.,Катеринівка
с.,Кіндратівка
с.,Новов'язівське
с.,Водяне
с.,Дубове
с.,Зарічне
с.,Орлівське
с.,Новоіванівське
с.,Новотимофіївське
с.,П'ятихатки
с.,Преображенка
с.,Білозерське
с.,Голубівське
с.,Новомосковське
с.,Первомайське
с.,Чаплинка
с.,Новостроївка
с.,Чернявщина
с.,Терни
с.,Чорноглазівка
с.,Яблунівка
с.,Шандрівка
с.,Новошандрівка
смт,Авіаторське
с.,Новомар'ївка
с.,Мала Костромочка
с.,Красний Кут
с.,Нововесела
с.,Кривопатове
с.,Соколівка
с.,Олександрівка
с.,Коржів
с.,Новопетрівське
с.,Петровського
с.,Крутоправка
с.,Безкронівка
с.,Трудколонія
с.,Новоукраїнка
с.,Запорізьке
с.,Крутий Яр
с.,Луб'янське
с.,Шульгівка
с.,Красногірське
с.,Кудашівка
с-ще,"с-ще радгоспу
Поливанівка"
с.,Водяне
с.,Тарасо-Шевченківка
с-ще,Адамівське
с.,Андріївка
с-ще,"с-ще радгоспу
Пролетар"
с.,Степанівка Друга
с.,Куроїдівка
с.,Дніпровське
с-ще,"с-ще радгоспу ""
Батрак"""
с.,Іванівка
с.,Попово-Балівка
с.,Миколаївка
с.,Ворошиловське
с.,"Кринички Перший
квартал"
с.,Милорадівка
с.,Настопіль
с.,Андріївка
с.,Новоукраїнка
с.,Кваки
с.,Радушний
с.,Софіївка
с.,Грузький Перший
с.,Анастасівка Друга
с.,Новоулянівське
с.,Тернуватка
с.,Благодатне
с.,Василево-Заметне
с.,Трудколонія
с.,Новоселівка
с.,Новов'язівка
с.,Хуторо-Грузьке
с.,Тернуватка Перша
с.,Новоукраїнка
с.,Тернівка
с.,Українка
с.,Вільне
с.,Зелений Луг
с.,Михайлівка
с.,Целіки
с.,Петрикове
с.,Охримівка
с.,Солдатське
с.,Петровського
с.,Попова Балка
с.,Калинівка
с.,Долина
с.,Карла Лібкнехта
с.,Ново-Петрівка
с.,Сталінське
с.,Войкове
с.,Малинівка Друга
с.,Малинівка Перша
с.,Ворошиловка
с.,Олексіївка
с.,Василівка
с.,Іванівка
с.,Мар`янівка
с.,Ново-Миколаївка
с.,Авдотівка
с.,Молодогвардійське
с.,Оленівка
с.,Микольське Перше
с.,Червоний Промінь
с.,Заплавка
с.,Кирилівка
с.,Червоний Дуб
с.,Григорівка
с.,Петровське
с.,Українське
с.,Шевченко
с.,Петрівський
с.,Сергіївське
с.,Ново-Павлівка
с.,Богданівський
с.,Веселе
с.,Петровського
с.,Водяне
с.,Воронцівське
с.,Єлизаветівське
с.,Петроротатівське
с.,"Ново-Краснопіль
Перший"
с.,"Ново-Краснопіль
Другий"
с-ще,"с-ще радгоспу
``Висуванець``"
с.,Олефірівка
с.,Любимівка
с.,Ворошиловка
с.,Новоукраїнка
с.,Старокодацьке
с.,Рата
с.,Бойківка
с.,Бекетівка Друга
с-ще,Ерастівка
с.,Шевченкове
с.,Логошине
с.,Іванівка
с.,Цівок
с.,Брянське
с.,Рівне
с.,Польове
с.,Садове
с.,Андріївка
с.,Ілліча
с.,Петровського
с.,Семенівка
с.,Дубівка
с.,Малі Лозки
с.,Молотова
с.,Володимирівка
с.,Іванівка
с.,Ново-Григорівський
с.,Калинівський
с.,Новоселівка
с.,Ягідне
с.,Луначарське
с.,Олексіївка
с.,Троїцьке
с.,Кочеріжки
с.,Петровське
с.,Водяне
с-ще,Бурі Вуглі
с-ще,Кагановича
с-ще,Шахтарське
с.,Подидар
с-ще,с-ще Лубзаводу
с.,Петрівське
с.,Красне
с.,Покровського
с.,Софіївка
с.,Софієво
с.,Софієво-Гейківка
с.,Бекетівка Перша
с.,Ворошилове
с.,Петровське Друге
с-ще,Жовті Води
с.,Новоукраїнка
с-ще,"с-ще радгоспу
Широківський"
с.,Новоулянівське
с.,Троїцьке
с.,Василиво-Бразолове
с.,Лозуватка
с.,Жигаїв
с.,Підгірне
с.,Степове
с.,Червоний Яр
с.,Діброва
с.,Ганно-Зачатівка
с.,Колгоспівка
с.,Новомиколаївка
с.,Петрово-Долина
с.,"с-ще радгоспу
""Латівка"""
с.,Червоне
с.,Андріївка
с.,Олефірівка
с.,Боголюбівка
с-ще,Ізобільне
с.,Петрівське
с.,Новопавлівка
с.,Михайлівка
с.,"с-ще зернорадгоспу
""Дніпропетровський”"
с.,Миколаївка
с.,Будьонівка
с-ще,с-ще Фрунзівка
смт,Таромське
с.,Грушівка
смт,Божедарівка
с.,Біляківка
с.,Радісне
смт,Залізничне
м.,Кам’янське
смт,Обухівка
с.,Новотаромське
с.,Софіївка
с.,Данилівка
с.,Надія
с.,Саксаганське
с.,Крута Балка
с.,Лозуватське
с.,Малярщина
с.,Промінь
с.,Миронове
с.,Зелене
с.,Тернове
с.,Христофорівка
с.,Добропасове
с.,Вершинне
с.,Байдаківка
с.,Вербки-Осокорівка
с.,Панькове
с.,Богданівка
с.,Ганно-Мусіївка
с.,Вакулове
с.,Високе
с.,Гречані Поди
с.,Новоукраїнське
с.,Зоряне
с.,Саксагань
смт,Слобожанське
с.,Калинівка
с.,Лісове
с.,Садове
с.,Шевченківське
с.,Степове
с.,Черкаське
с.,Козаче
с.,Українське
с.,Прапор
с.,Зоряне
с-ще,Приорільське
с.,Степове
с.,Чистопіль
с.,Бекетівка
с.,Приміське
с.,Степове
с.,Затишне
с.,Дачне
с.,Шахтарське
с.,Богинівка
с.,Дрозди
с.,Цівки
с.,Райдужне
с.,Вільне
с.,Квітуче
с.,Іверське
с-ще,Надіївка
с-ще,Святовасилівка
с.,Сонячне
с.,Багате
с.,Вишневе
с.,Межове
с.,Маяк
с.,Гайдамацьке
с.,Дачне
с.,Крутеньке
с.,Веселий Яр
с.,Плугатар
с.,Солонці
смт,Криничанське
с.,Довге
с.,Морозівське
с.,Тихе
с.,Бабакове
с.,Красівське
с.,Калинівка
с.,Кільчень
с-ще,Миролюбівка
с.,Козирщина
с-ще,Вишневе
с.,Веселе
м.,Покров
с.,Кулішеве
с.,Мала Петриківка
с.,Левадне
с-ще,Зоря
с.,Максимівка
с-ще,Вишневецьке
с.,Широке
с.,Мирне
с.,Благодатне
с.,Спаське
м.,Дніпро
м.,Самар
м.,Шахтарське
