м.,Житомир
м.,Бердичів
м.,Коростень
м.,Новоград-Волинський
м.,Андрушівка
смт,Червоне
с.,Антопіль
с.,Бровки Перші
с.,Ярешки
с.,Великі Мошківці
с.,Волиця
с.,Волосів
с.,Чубарівка
с.,Гальчин
с.,Глинівці
с.,Городківка
с.,Забара
с.,Котівка
с.,Зарубинці
с.,Лісівка
с.,Тарасівка
с.,Іванків
с.,Івниця
с.,Борок
с-ще,Новоівницьке
с.,Камені
с.,Бровки Другі
с.,Жерделі
с.,Крилівка
с.,Лебединці
с.,Любимівка
с.,Малі Мошківці
с.,Мала П'ятигірка
с.,Міньківці
с.,Городище
с.,Мостове
с.,Нехворощ
с.,Нова Котельня
с.,Павелки
с.,Гарапівка
с.,Стара Котельня
с.,Старосілля
с.,Степок
с.,Корчмище
с.,Яроповичі
м.,Баранівка
смт,Довбиш
с.,Адамівка
с.,Лісова Поляна
с.,Любарська Гута
с.,Наталія
с.,Осичне
смт,Кам'яний Брід
с.,Дібрівка
с.,Жовте
с.,Тартак
с.,Червонодвірка
смт,Мар'янівка
с.,Дорогань
с.,Зятинець
с.,Ожгів
с.,Турова
смт,Першотравенськ
смт,Полянка
с.,Будисько
с.,Берестівка
с.,Зрубок
с.,Мирославль
с.,Ситисько
с.,Вірля
с.,Климентіївка
с.,Дубрівка
с.,Зірка
с.,Красуля
с.,П'ятирічка
с.,Жари
с.,Деревищина
с.,Зеремля
с.,Вишнівка
с.,Середня
с.,Йосипівка
с.,Табори
с.,Кашперівка
с.,Гриньки
с.,Озерянка
с.,Марківка
с.,Глибочок
с.,Стара Гута
с.,Мокре
с.,Вересня
с.,Забара
с.,Закриниччя
с.,Радулин
с.,Зелений Гай
с.,Рогачів
с.,Млини
с.,Острожок
с.,Рудня
с.,Смолдирів
с.,Іванівка
с.,Червонопрапорне
с.,Суємці
с.,Володимирівка
с.,Хижівка
с.,Стовпи
с.,Ялишів
с.,Лісове
с.,Явне
смт,Гришківці
с.,Андріяшівка
с.,Буряки
с.,Бистрик
с.,Житинці
с.,Великі Низгірці
с.,Нова Олександрівка
с.,Велика П'ятигірка
с.,Любомирка
с.,Мирне
с.,Червона Зірка
с.,Гальчин
с.,Сьомаки
с.,Гардишівка
с.,Кустин
с.,Закутинці
с.,Малі Гадомці
с.,Сингаївка
с.,Іванківці
с.,Семенівка
с.,Красівка
с.,Дубівка
с.,Малосілка
с-ще,Берізки
с.,Маркуші
с.,Обухівка
с.,Мирославка
с.,Демчин
с.,Никонівка
с.,Кукільня
с.,Озадівка
с.,Богданівка
с.,Костянтинівка
с.,Лісова Слобідка
с.,Осикове
с.,Агатівка
с.,Дубова
с.,Половецьке
с-ще,Хмельове
с.,Радянське
с.,Бенедівка
с.,Райгородок
с.,Лемеші
с.,Мартинівка
с.,Райки
с.,Рея
с.,Гвіздава
с.,Садки
с.,Великі Гадомці
с.,Скаківка
с.,Журбинці
с.,Хмелище
с.,Скраглівка
с.,Підгородне
с.,Слободище
с.,Старий Солотвин
с.,Новий Солотвин
с.,Терехове
с.,Кикишівка
с.,Хажин
с.,Швайківка
с.,Катеринівка
смт,Брусилів
с.,Водотиї
с.,Болячів
с.,Дивин
с.,Карабачин
с.,Містечко
с.,Ковганівка
с.,Лазарівка
с.,Старицьке
с.,Хом'янка
с.,Морозівка
с.,Малинівка
с.,Нові Озеряни
с.,Озера
с.,Биків
с.,Западня
с.,Мар'янівка
с.,Осівці
с.,Приворіття
с.,Покришів
с.,Романівка
с.,Пилипонка
с.,Скочище
с-ще,Скочище
с.,Соболівка
с.,Долинівка
с.,Соловіївка
с.,Ставище
с.,Високе
с.,Йосипівка
с.,Костівці
с.,Хомутець
с.,Вільшка
с.,Краківщина
с.,Яструбенька
с.,Дібрівка
с.,Яструбна
смт,"Володарськ-
Волинський"
с.,П'ятирічка
с.,Рудня-Шляхова
смт,Іршанськ
смт,Нова Борова
с.,Березівка
с.,Полівська Гута
с.,Торчин
с.,Грушки
с.,Грабняк
с.,Давидівка
с.,Дашинка
с.,Курганці
с.,Писарівка
с.,Теренці
с.,Дворище
с.,Заздрівка
с.,Солодирі
с.,Добринь
с.,Губенкове
с.,Гута-Добринь
с.,Ємилівка
с.,Зубринка
с.,Вишняківка
с.,Ліски
с.,Михайлівка
с.,Ставки
с.,Човнова
с.,Краївщина
с.,Іванівка
с.,Омелівка
с.,Шадура
с.,Яблунівка
с.,Кропивня
с.,Гацьківка
с.,Луковець
с.,Рудня-Гацьківка
с.,Небіж
с.,Краснорічка
с.,Хичів
с.,Поромівка
с.,Калинівка
с.,Красногірка
с.,Радичі
с.,Будо-Рижани
с.,Гайки
с.,Закомірня
с.,Катеринівка
с.,Стебниця
с.,Рижани
с.,Волянщина
с.,Грабівка
с.,Данилівка
с.,Жовтнівка
с.,Знам'янка
с.,Кропивенка
с.,Невирівка
с.,Сколобів
с.,Суховоля
с.,Крук
с.,Мар'янівка
с.,Топорище
с.,Галинівка
с.,Комарівка
с.,Копанівка
с.,Копелянка
с.,Коритище
с.,Лизник
с.,Олішівка
с-ще,Червоногранітне
с.,Фасова
с.,Ісаківка
с.,Кам'яний Брід
с.,Рудня-Фасова
с.,Томашівка
с.,Ягодинка
с.,Валки
с.,Старий Бобрик
с.,Турчинка
с.,Ягодинка Друга
смт,Романів
смт,Биківка
с.,Сарнівка
с.,Товща
смт,Миропіль
с.,Дертка
с.,Булдичів
с.,Шевченка
с.,Велика Козара
с.,Омильне
с.,Вільха
с.,Мала Токарівка
с.,Врублівка
с.,Корчівка
с.,Годиха
с.,Межирічка
с.,Микільськ
с.,Гордіївка
с.,Камінь
с.,Химрич
с.,Карвинівка
с.,Бартуха
с.,Грем'яче
с.,Станіславівка
с.,Колодяжне
с.,Мала Козара
с.,Олександрівка
с.,Пилипо-Кошара
с.,Нивна
с.,Голубин
с.,Яблунівка
с.,Ольшанка
с.,Бубни
с.,Улянівка
с.,Цеберка
с.,Печанівка
с.,Паволочка
с.,Прутівка
с.,Білки
с.,Жовтий Брід
с.,Костянтинівка
с.,Новопрутівка
с.,Новохатки
с.,Романівка
с.,Разіне
с.,Садки
с.,Гвіздярня
с.,Тевеліївка
с.,Соболівка
с.,Вила
с.,Старочуднівська Гута
с.,Сульжинівка
с.,Червоні Хатки
с.,Залужне
с.,Хижинці
с.,Мані
с.,Ягодинка
с.,Борятин
с.,Іванівщина
с.,Лісна Рудня
с.,Ясногород
с.,Монастирок
с.,Синява
смт,Ємільчине
с.,Горбове
с.,Здоровець
с.,Руденька
смт,Яблунець
с.,Андрієвичі
с.,Ганнопіль
с.,Бобрицька Болярка
с.,Євгенівка
с.,Єлизаветпіль
с.,Киселівка
с.,Новоолександрівка
с.,Бараші
с.,Березники
с.,Адамове
с.,Ситне
с.,Березівка
с.,Верби
с.,Новосілка
с.,Бобриця
с.,Йосипівка
с.,Будо-Бобриця
с.,Антонівка
с.,Гута-Бобрицька
с.,Сорочень
с.,Варварівка
с.,Вересівка
с.,Катеринівка
с.,Мойсіївка
с.,Радичі
с.,Велика Глумча
с.,Лука
с.,Малоглумчанка
с.,Велика Цвіля
с.,Дзержинськ
с.,Болярка
с.,Осова
с.,Рогівка
с.,Великий Яблунець
с.,Вірівка
с.,Малий Яблунець
с.,Непізнаничі
с.,Старі Непізнаничі
с.,Зелениця
с.,Гута-Зеленицька
с.,Дуга
с.,Вікторівка
с.,Ольхівка
с.,Киянка
с.,Крем'янка
с.,Кочичине
с.,Володимирівка
с.,Дібрівка
с.,Забаро-Давидівка
с.,Кривотин
с.,Косяк
с.,Малий Кривотин
с.,Яменець
с.,Куліші
с.,Красногірка
с.,Нараївка
с.,Хутір-Мокляки
с.,Мала Глумча
с.,Паранине
с.,Медведеве
с.,Заровенка
с.,Мокляки
с.,Аполлонівка
с.,Кам'яногірка
с.,Неділище
с.,Бастова Рудня
с.,Шевченкове
с.,Миколаївка
с.,Омелуша
с.,Полоничеве
с.,Рудня-Миколаївка
с.,Спаське
с.,Осівка
с.,Льонівка
с.,Чміль
с.,Підлуби
с.,Нитине
с.,Рудня-Іванівська
с.,Рихальське
с.,Маринівка
с.,Мар'янівка
с.,Стара Гута
с.,Рясне
с.,Кам'янка
с.,Хотиж
с.,Сімаківка
с.,Зорянка
с.,Михайлівка
с.,Серби
с.,Вільшанка
с.,Зосимівка
с.,Нові Серби
с.,Старі Серби
с.,Сербо-Слобідка
с.,Яблунівка
с.,Сергіївка
с.,Запруда
с.,Середи
с.,Покощеве
с.,Садки
с.,Симони
с.,Брідок
с.,Червоний Бір
с.,Степанівка
с.,Ганнівка
с.,Королівка
с.,Лебідь
с.,Тайки
с.,Ілляшівка
с.,Старий Хмерин
с.,Просіка
с.,Усолуси
с.,Майдан
с.,Синявка
смт,Гуйва
смт,Новогуйвинське
смт,Озерне
с.,Березівка
с.,Богданівка
с.,Дубовець
с.,Черемошне
с.,Буки
с.,Нова Рудня
с.,Руденька
с.,Тригір'я
с.,Василівка
с.,Болярка
с.,Мусіївка
с.,Рудківка
с.,Нова Василівка
с.,Вереси
с.,Вертокиївка
с.,Городище
с.,Іванківці
с.,Висока Піч
с.,Покостівка
с.,Рудня-Пошта
с.,Старошийка
с.,Глибочок
с.,Крути
с.,Глибочиця
с.,Березина
с.,Гадзинка
с.,Нова Вигода
с.,Головенка
с.,Залізня
с.,Дениші
с.,Михайлівка
с.,Улянівка
с.,Заможне
с.,Зарічани
с.,Іванівка
с.,Барашівка
с.,Бондарці
с.,Давидівка
с.,Кам'янка
с.,Довжик
с.,Новоселиця
с.,Сонячне
с.,Кодня
с.,Корчак
с.,Катеринівка
с.,Перлявка
с.,Левків
с.,Калинівка
с.,Клітчин
с.,Ліщин
с.,Тарасівка
с.,Лука
с.,Вершина
с.,Млинище
с.,Миролюбівка
с.,Леонівка
с.,Червоний Степок
с.,Озерянка
с.,Павленківка
с.,Ружки
с.,Оліївка
с.,Піщанка
с.,Світин
с.,Піски
с.,Скоморохи
с.,Рудня-Городище
с.,Гай
с.,Роздольне
с.,Соснівка
с.,Садки
с.,Вигода
с.,Сінгури
с.,Вишневе
с.,Волиця
с.,Двірець
с.,Пряжів
с.,Станишівка
с.,Бистрі
с.,Слобода-Селець
с.,Тетерівка
с.,Троянів
с.,Ставецьке
с.,Туровець
с.,Грабівка
с.,Кринички
с.,Лісівщина
с.,Мошківка
с.,Білка
с.,Рудня-Білківська
с.,Берестовець
с.,Бехи
с.,Вороневе
с-ще,Сокорики
с.,Бондарівка
с-ще,Броди
с.,Гулянка
с.,Іванопіль
с.,Охотівка
с.,Першотравневе
с.,Ушиця
с-ще,Нова Ушиця
с.,Васьковичі
с.,Вигів
с.,Боровиця
с.,Краснопіль
с.,Горщик
с.,Березівка
с.,Жупанівка
с.,Піски
с.,Давидки
с.,Видень
с.,Дружбівка
с.,Дідковичі
с.,Булахівка
с.,Каленське
с.,Корма
с.,Калинівка
с.,Красногірка
с.,Мошківка
с.,Радянське
с.,Ковалі
с.,Красносілка
с.,Кожухівка
с.,Клочеве
с.,Купище
с.,Велень
с.,Жабче
с.,Лісівщина
с.,Лісобуда
с.,Мойсіївка
с.,Мала Зубівщина
с.,Зубівщина
с.,Мединівка
с.,Великий Ліс
с.,Межирічка
с.,Барди
с.,Мелені
с.,Винарівка
с.,Граби
с.,Полянка
с.,Михайлівка
с.,Плещівка
с.,Новаки
с.,Новина
с.,Олександрівка
с.,Рудня
с.,Обиходи
с.,Обиходівка
с.,Поліське
с.,Рудня
с.,Веселівка
с.,Іванівка
с.,Ковалівщина
с.,Розівка
с.,Ришавка
с.,Сарновичі
с.,Сингаї
с.,Грозине
с.,Купеч
с.,Немирівка
с.,Шатрище
с.,Ставище
с.,Зарубинка
с.,Кропивня
с.,Стремигород
с.,Болярка
с.,Діброва
с.,Майданівка
с.,Сушки
с.,Кам'яна Гора
с.,Ушомир
с.,Березневе
с.,Заріччя
с.,Ковбащина
с.,Пугачівка
с.,Рудня-Ушомирська
с.,Садибне
с.,Сантарка
с.,Струмок
с.,Ходаки
с.,Горбачі
с.,Субине
с.,Холосне
с.,Злобичі
с.,Нивки
с.,Хотинівка
с.,Домолоч
с.,Іскорость
с.,Розтяжин
с.,Соболівка
с.,Шершні
с.,Десятини
с.,Старики
с.,Щорсівка
с.,Ходачки
м.,Коростишів
с.,Бобрик
с.,Теснівка
с.,Більківці
с.,Козак
с.,Вільнянка
с.,Борок
с.,Радівка
с.,Вільня
с.,Віленька
с.,Онишпіль
с.,Городське
с.,Високий Камінь
с.,Новогородецьке
с.,Гуменники
с.,Червоний Ровець
с.,Здвижка
с.,Семенівка
с.,Кам'яний Брід
с.,Квітневе
с.,Антонівка
с.,Браженець
с.,Красилівка
с.,Царівка
с.,Кмитів
с.,Великі Кошарища
с.,Малі Кошарища
с.,Козіївка
с.,Кропивня
с.,Видумка
с.,Голубівка
с.,Єлизаветівка
с.,Минійки
с.,Садове
с.,Травневе
с.,Слобідка
с.,Червоний Гай
с.,Старосільці
с.,Кашперівка
с.,Смиківка
с.,Стрижівка
с.,Колодязьки
с.,Студениця
с.,Городенка
с.,Руденька
с.,Торчин
с.,Харитонівка
с.,Глибочок
с.,Мамрин
с.,Розкидайлівка
с.,Рудня
с.,Смолівка
с.,Шахворостівка
с.,Горіхове
с.,Кулішівка
с.,Машина
с.,Осикове
с.,Осиковий Копець
с.,Трикопці
с.,Щигліївка
с.,Вишневе
с.,Грубське
с.,Продубіївка
с.,Струцівка
смт,Лугини
с.,Глухова
с.,Крупчатка
с.,Лугинки
с.,Станційне
смт,Жовтневе
с.,Бовсуни
с.,Діброва
с.,Солов'ї
с.,Будо-Літки
с.,Березовий Груд
с.,Радогоща
с.,Великий Дивлин
с.,Вербівка
с.,Іванівка
с.,Малий Дивлин
с.,Жеревці
с.,Запілля
с.,Зарічка
с.,Рудня-Жеревці
с.,Калинівка
с.,Підостапи
с.,Красностав
с.,Теснівка
с.,Кремне
с.,Леонівка
с.,Літки
с.,Великий Ліс
с.,Липники
с.,Малахівка
с.,Осни
с.,Остапи
с.,Кам'яна Гірка
с.,Повч
с.,Буда
с.,Рудня-Повчанська
с.,Путиловичі
с.,Старосілля
с.,Нова Рудня
с.,Нові Новаки
с.,Новосілка
с.,Степанівка
с.,Старі Новаки
с.,Топільня
с.,Чапаєвка
с.,Червона Волока
с.,Бобричі
с.,Волошине
с.,Красносілка
смт,Любар
с.,Авратин
с.,Кириївка
с.,Березівка
с.,Северинівка
с.,Горопаї
с.,Бичева
с.,Рогізна
с.,Великий Браталів
с.,Великобраталівське
с.,Велика Волиця
с.,Великі Деревичі
с.,Веселка
с.,Михайлівка
с.,Филинці
с.,Вигнанка
с.,Гізівщина
с.,Демківці
с.,Житинці
с.,Ленінське
с.,Озерне
с.,Глезне
с.,Мала Деревичка
с.,Перетік
с.,Громада
с.,Коростки
с.,Липне
с.,Кутище
с.,Малий Браталів
с.,Гринівці
с.,Меленці
с.,Виноградівка
с.,Мотовилівка
с.,Семенівка
с.,Нова Чортория
с.,Панасівка
с.,Коваленки
с.,Пединка
с.,Провалівка
с.,Привітів
с.,Стара Чортория
с.,Борушківці
с.,Дослідне
с.,Стрижівка
с.,Іванківці
с.,Старий Любар
с.,Юрівка
с.,Новий Любар
м.,Малин
смт,Гранітне
смт,Чоповичі
с.,Пристанційне
с.,Стримівщина
с.,Барвінки
с.,Загребля
с.,Новобратське
с.,Горинь
с.,Березине
с.,В'юнище
с.,Гута-Логанівська
с.,Єлівка
с.,Ободівка
с.,Соснівка
с.,Будо-Вороб'ї
с.,Клітня
с.,Привітне
с.,Луки
с.,Буки
с.,Бучки
с.,Забране
с.,Сичівка
с.,Владівка
с.,Писарівка
с.,Репище
с.,Ворсівка
с.,Візня
с.,Зибин
с.,Королівка
с.,Рудня-Городищенська
с.,Вишів
с.,Мар'ятин
с.,Трудолюбівка
с.,Червоний Плугатар
с.,Головки
с.,Жовтневе
с.,Квітневе
с.,Лідівка
с.,Лісове
с.,Омелянівка
с.,Червоний Лан
с.,Діброва
с.,Гуска
с.,Лісна Колона
с.,Нова Діброва
с.,Ярочище
с.,Іванівка
с.,Жабоч
с.,Нянівка
с.,Рубанка
с.,Йосипівка
с.,Будницьке
с.,Гутянське
с.,Липляни
с.,Ксаверів
с.,Рудня-Калинівка
с.,Савлуки
с.,Любовичі
с.,Білий Берег
с.,Новоселиця
с.,Стасева
с.,Ялцівка
с.,Малинівка
с.,Лумля
с.,Різня
с.,Юрівка
с.,Морозівка
с.,Вороб'ївщина
с.,Нова Гута
с.,Нова Рутвянка
с.,П'ятидуб
с.,Рутвянка
с.,Свиридівка
с.,Стара Гута
с.,Недашки
с.,Вишнянка
с.,Зелений Гай
с.,Нові Вороб'ї
с.,Дружне
с.,Нове Життя
с.,Рудня-Вороб'ївська
с.,Яблунівка
с.,Пиріжки
с.,Баранівка
с.,Скурати
с.,Заліски
с.,Кам'янка
с.,Слобідка
с.,Гамарня
с.,Щербатівка
с.,Старі Вороб'ї
с.,Крупське
с.,Першотравневе
с.,Українка
с.,Устинівка
с.,Тарасівка
с.,Тростяниця
с.,Фортунатівка
с.,Федорівка
с.,Шевченкове
с.,Крушники
с.,Кутище
с.,Тишів
смт,Народичі
с.,Базар
с.,Великі Міньки
с.,Колосівка
с.,Листвинівка
с.,Рудня-Базарська
с.,Болотниця
с.,Червоне
с.,В'язівка
с.,Липлянщина
с.,Слобода-В'язівка
с.,Голубієвичі
с.,Буда-Голубієвичі
с.,Васьківці
с.,Вила
с.,Заводне
с.,Недашківка
с.,Гуто-Мар'ятин
с.,Рубежівка
с.,Сингаї
с.,Славковиці
с.,Старий Кужіль
с.,Залісся
с.,Давидки
с.,Закусили
с.,Бабиничі
с.,Жерев
с.,Ласки
с.,Межиліска
с.,Карпилівка
с.,Осика
с.,Новий Дорогинь
с.,Одруби
с.,Славенщина
с.,Яжберень
с.,Норинці
с.,Клочки
с.,Оржів
с.,Савченки
с.,Радча
с.,Вільхова
с.,Грезля
с.,Нова Радча
с.,Ровба
с.,Стара Радча
с.,Тичків
с.,Розсохівське
с.,Батьківщина
с.,Ганнівка
с.,Гута-Ксаверівська
с.,Рудня-Кам'янка
с.,Журавлинка
с.,Калинівка
с.,Любарка
с.,Лозниця
с.,Селець
с.,Булів
с.,Старий Дорогинь
с.,Латаші
с.,Снитище
с.,Сухарівка
с.,Бродник
с.,Мотійки
с.,Христинівка
с.,Ноздрище
смт,Городниця
с.,Барвинівка
с.,Тальки
с.,Тальківка
с.,Броники
с.,Кропивня
с.,Марушівка
с.,Романівка
с.,Броницька Гута
с.,Велика Горбаша
с.,Мала Горбаша
с.,Великий Молодьків
с.,Багате
с.,Груд
с.,Гульськ
с.,Дідовичі
с.,Борисівка
с.,Жолобне
с.,Будища
с.,Коритища
с.,Кам'яний Майдан
с.,Болярка
с.,Варварівка
с.,Лагульськ
с.,Миколаївка
с.,Кикова
с.,Немильня
с.,Українське
с.,Киянка
с.,Кленова
с.,Брониця
с.,Дубники
с.,Липине
с.,Колодянка
с.,Кожушки
с.,Косенів
с.,Крайня Деражня
с.,Красилівка
с.,Дібрівське
с.,Красилівське
с.,Морозівка
с.,Таращанка
с.,Курчиця
с.,Курчицька Гута
с.,Михіївка
с.,Ходурки
с.,Лебедівка
с.,Владин
с.,Яворівка
с.,Лучиця
с.,Анастасівка
с.,Мала Анастасівка
с.,Перелісок
с.,Майстрів
с.,Майстрова Воля
с.,Маковиці
с.,Мала Цвіля
с.,Берегове
с.,Вірівка
с.,Карпилівка
с.,Наталівка
с.,Олександрівка
с.,Несолонь
с.,Дубівка
с.,Теснівка
с.,Нова Романівка
с.,Вершниця
с.,Кущове
с.,Перемога
с.,Слобода-Романівська
с.,Ужачин
с.,Яблуневе
с.,Орепи
с.,Лідівка
с.,Пилиповичі
с.,Анета
с.,Городище
с.,Степове
с.,Піщів
с.,Дублинки
с.,Жеребилівка
с.,Повчине
с.,Калинівка
с.,Поліянівка
с.,Вироби
с.,Малинівка
с.,Середня Деражня
с.,Велика Деражня
с.,Стриєва
с.,Кануни
с.,Сусли
с.,Івашківка
с.,Суховоля
с.,Партизанське
с.,Тернівка
с.,Токарів
с.,Кам'янка
с.,Тупальці
с.,Абрамок
с.,Катюха
с.,Новозелене
с.,Федорівка
с.,Червона Воля
с.,Перелісянка
с.,Прихід
с.,Чижівка
с.,Вербівка
с.,Вишківка
с.,Ярунь
с.,Гірки
м.,Овруч
смт,Першотравневе
с.,Кам'янівка
с.,Бігунь
с.,Селезівка
с.,Бондарі
с.,Бондарівка
с.,Красносілка
с.,Папірня
с.,Велика Фосня
с.,Мала Фосня
с.,Велика Хайча
с.,Великий Кобилин
с.,Мала Хайча
с.,Малий Кобилин
с.,Велика Чернігівка
с.,Богданівка
с.,Камінь
с.,Мала Чернігівка
с.,Мамеч
с.,Нивки
с.,Привар
с.,Гладковичі
с.,"Гладковицька
Кам'янка"
с.,Гусарівка
с.,Радчиці
с.,Сташки
с.,Товкачі
с.,Городець
с.,Побичі
с.,Сирниця
с.,Гошів
с.,Базарівка
с.,Потаповичі
с.,Смоляне
с.,Заріччя
с.,Острів
с.,Ігнатпіль
с-ще,Білокам'янка
с.,Млини
с.,Павлюківка
с.,Рудня
с.,Семени
с.,Кирдани
с.,Корчівка
с.,Дубовий Гай
с.,Левковичі
с.,"Левковицький
Млинок"
с.,Острови
с.,Збраньківці
с.,Личмани
с-ще,Магдин
с.,Листвин
с.,Кошечки
с.,Рокитне
с.,Лучанки
с.,Возничі
с.,Козулі
с.,Мацьки
с.,Можари
с.,Верпа
с.,Червоносілка
с.,Невгоди
с.,Веселівка
с.,Нові Велідники
с.,Іллімка
с.,Красилівка
с.,Прибитки
с.,Сорокопень
с.,Старі Велідники
с.,Чабан
с.,Норинськ
с.,Мощаниця
с.,Підвелідники
с.,Піщаниця
с.,Клинець
с.,Мишковичі
с.,Мочульня
с.,Павловичі
с.,Поліське
с.,Підруддя
с.,Колосівка
с.,Яцковичі
с.,Покалів
с.,Барвінкове
с.,Гаєвичі
с.,Дівошин
с.,Коптівщина
с.,Полохачів
с.,Скребеличі
с.,Раківщина
с.,Великі Мошки
с.,Гуничі
с.,Малі Мошки
с.,Новосілки
с.,"Слобода-
Новоселицька"
с.,Рудня
с.,Бережесть
с.,Бірківське
с.,Думинське
с.,Прилуки
с.,Виступовичі
с.,Слобода
с.,Верхня Рудня
с.,Заболоть
с.,Кораки
с.,Нижня Рудня
с.,Середня Рудня
с.,Ясенець
с.,Словечне
с.,Антоновичі
с.,Дуби
с.,Задорожок
с.,Тхорин
с.,Усове
с.,Кованка
с.,Нова Рудня
с.,Переброди
с.,Червонка
с.,Хлупляни
с.,Нагоряни
с.,Оленичі
с.,Сирківщина
с.,Стугівщина
с.,Теклівка
с.,Черевки
с.,Білка
с.,Возлякове
с.,Черепин
с.,Заськи
с.,Коренівка
с.,Лукішки
с.,Черепинки
с.,Шоломки
с.,Довгиничі
с.,Збраньки
с.,"Слобода-
Шоломківська"
м.,Олевськ
смт,Бучмани
смт,Діброва
смт,Дружба
смт,Новоозерянка
с.,Озеряни
с.,Рудня-Озерянська
смт,Нові Білокоровичі
с.,Білокоровичі
с.,Жовтневе
с.,Бацеве
с.,Ліски
с.,Жубровичі
с.,Журжевичі
с.,Рудня
с.,Замисловичі
с.,Рудня-Замисловицька
с.,Устинівка
с.,Шебедиха
с.,Зольня
с.,Ковалівка
с.,Сердюки
с.,Зубковичі
с.,Кам'янка
с.,Лісове
с.,Кишин
с.,Болярка
с.,Забороче
с-ще,Лугове
с.,Комсомольське
с.,Будки
с.,Михайлівка
с.,Млинок
с.,Копище
с.,"Майдан-
Копищенський"
с.,Лопатичі
с.,Майдан
с.,Джерело
с.,Сарнівка
с.,Радовель
с.,Пояски
с.,Рудня-Радовельська
с.,Рудня-Бистра
с.,Варварівка
с.,Корощине
с-ще,Сновидовичі
с.,Стовпинка
с.,Держанівка
с.,Сущани
с.,Андріївка
с.,Тепениця
с.,Артинськ
с.,Обище
с.,Соснівка
с.,Хмелівка
с.,Хочине
с.,Перга
с.,Рудня-Перганська
с.,Рудня-Хочинська
с.,Юрове
смт,Попільня
смт,Корнин
с.,Королівка
с-ще,Радгоспне
с.,Андрушки
с-ще,Новопаволоцьке
с.,Білки
с.,Мохначка
с.,Василівка
с.,Великі Лісівці
с.,Голуб'ятин
с.,Єрчики
с.,Велика Чернявка
с.,Яблунівка
с.,Жовтневе
с.,Кам'янка
с.,Котлярка
с.,Красногірка
с.,Криве
с.,Рудка
с.,Липки
с.,Бухалівщина
с.,Лучин
с.,Лисівка
с.,Мишерине
с.,Макарівка
с.,Миролюбівка
с.,Новоселиця
с.,Паволоч
с.,Соколів Брід
с.,Парипси
с.,Попільня
с.,Почуйки
с.,Романівка
с.,Дехтярка
с.,Кошляки
с.,Саверці
с.,Піски
с.,Сокільча
с.,Маркова Волиця
с.,Ставище
с.,Строків
с.,Сущанка
с.,Турбівка
с.,Харліївка
с.,Ходорків
с-ще,Відродження
с.,Пустельники
м.,Радомишль
с.,Глухів Перший
смт,Біла Криниця
с.,Осів
с.,Борщів
с.,Велика Рача
с.,Мала Рача
с.,Чудин
с.,Веприн
с.,Верлок
с.,Бистріївка
с.,Вишевичі
с.,Гута-Потіївка
с.,Вихля
с.,Заміри
с.,Клен
с.,Мирне
с.,Нова Мар'янівка
с.,Стара Буда
с.,Забілоччя
с.,Гута-Забілоцька
с.,Заболоть
с.,Заньки
с.,Гришківка
с.,Дорогунь
с.,Дубовик
с.,Прибуток
с.,Теклянівка
с.,Ірша
с.,Вирва
с.,Кичкирі
с.,Брід
с.,Глиниця
с.,Нова Юрівка
с.,Котівка
с.,Філонівка
с.,Кочерів
с.,Поташня
с.,Став-Слобода
с.,Кримок
с.,Білка
с.,Спірне
с.,Таборище
с.,Хомівка
с.,Краснобірка
с.,Красносілка
с.,Леніне
с.,Мар'янівка
с.,Рудня-Городецька
с.,Лутівка
с.,Березці
с.,Глухів Другий
с.,Макалевичі
с.,Садки
с.,Межирічка
с.,Меньківка
с.,Городчин
с.,Ходори
с.,Мірча
с.,Меделівка
с.,Нова Буда
с.,Буглаки
с.,Будилівка
с.,Новосілка
с.,Облітки
с.,Вівче
с.,Дітинець
с.,Морогівка
с.,Стара Гребля
с.,Осички
с.,Русанівка
с.,Пилиповичі
с.,Журавлинка
с.,Кайтанівка
с.,Переміжжя
с.,Потіївка
с.,Моделів
с.,Раковичі
с.,Негребівка
с.,Раївка
с.,Товсте
с.,Чайківка
смт,Ружин
с.,Заріччя
с.,Білилівка
с.,Йосипівка
с.,Котелянка
с.,Березянка
с.,Причепівка
с.,Чехова
с.,Бистріївка
с.,Бистрик
с.,Вербівка
с.,Трубіївка
с.,Верхівня
с.,Мусіївка
с.,Вишневе
с.,Вільнопілля
с.,Вчорайше
с.,Лісове
с.,Голубівка
с.,Черемуха
с.,Городок
с.,Дерганівка
с.,Кордонівка
с.,Мар'янівка
с.,Жовтневе
с-ще,Звиняче
с.,Зарудинці
с-ще,Городоцьке
с.,Зоряне
с.,Карабчиїв
с.,Княжики
с.,Сахни
с.,Крилівка
с.,Ярославка
с.,Малі Низгірці
с.,Мала Чернявка
с-ще,Першотравневе
с.,Мовчанівка
с-ще,Мовчанівське
с.,Немиринці
с.,Зелене
с.,Огіївка
с.,Плоска
с.,Роставиця
с.,Рогачі
с.,Прибережне
с.,Топори
с.,Чорнорудка
с.,Шпичинці
с.,Ягнятин
смт,Червоноармійськ
с.,Буряківка
с.,Веселе
с.,Ягодинка
с.,Андріївка
с.,Рудокопи
с.,Улашанівка
с.,Бабичівка
с.,Будище
с.,Видумка
с.,Великий Луг
с.,Новини
с.,Червоносілка
с.,В'юнки
с.,Олізарка
с.,Зелена Поляна
с.,Мирне
с.,Нарцизівка
с.,Івановичі
с.,Кошелівка
с.,Веснянка
с.,В'язовець
с.,Радецька Болярка
с.,Радецьке Будище
с.,Сколобів
с.,Ужівка
с-ще,Курне
с.,Березова Гать
с.,Курне
с.,Цвітянка
с.,Молодіжне
с.,Мартинівка
с.,Корчівка
с.,Липівка
с.,Неборівка
с.,Новий Завод
с.,Гута-Юстинівка
с.,Тартачок
с.,Трудове
с.,Чехівці
с.,Очеретянка
с.,Ясна Поляна
с.,Павлівка
с.,Шереметів
с.,Старий Майдан
с.,Білка
с.,Стрибіж
с.,Грузливець
с.,Калиновий Гай
с.,Підлісне
с.,Слобідка
с.,Соколів
с.,Теньківка
с.,Зелена Діброва
с.,Стара Рудня
с.,Тетірка
с.,Муравня
с.,Ходорівка
с.,Пулино-Гута
с.,Чернявка
с.,Ясенівка
с.,Ялинівка
с.,Колодіївка
с.,Поплавка
с.,Стара Олександрівка
с.,Юлянівка
с.,Ясногірка
смт,Черняхів
с.,Новосілка
смт,Головине
с.,Андріївка
с.,Бежів
с.,Велика Горбаша
с.,Мала Горбаша
с.,Вільськ
с.,Перемога
с.,Щербини
с.,Ялинівка
с.,Видибор
с.,Ганнопіль
с.,Коростелівка
с.,Свидя
с.,Високе
с.,Осники
с.,Горбулів
с.,Науменка
с.,Городище
с.,Дівочки
с.,Жадьки
с.,Карла Маркса
с.,Нераж
с.,Забріддя
с.,Щеніїв
с.,Зороків
с.,Вишпіль
с.,Іванків
с.,Клітище
с.,Плехів
с.,Ксаверівка
с.,Крученець
с.,Новопіль
с.,Івановичі
с.,Окілок
с.,Очеретянка
с.,Рудня
с.,Пекарщина
с.,Мокренщина
с.,Сали
с.,Нові Сали
с.,Осівка
с.,Росівка
с.,Селець
с.,Браженка
с.,Селянщина
с.,Вишневе
с.,Славів
с.,Сліпчиці
с.,Корчівка
с.,Стирти
с.,Малинівка
с.,Федорівка
с.,Троковичі
с.,Некраші
м.,Чуднів
смт,Вакуленчук
смт,Великі Коровинці
с.,Михайленки
смт,Іванопіль
с.,Медведиха
с.,Радісне
с.,Бабушки
с.,Дацьки
с.,М'ясківка
с.,Безпечна
с.,Бейзимівка
с.,Будичани
с.,Бурківці
с.,Лихосілка
с.,Галіївка
с.,Дриглів
с.,Кихті
с.,Рижів
с.,Дубище
с.,Дідківці
с.,Жеребки
с.,Певна
с.,Польова Слобідка
с-ще,Поштове
с.,Степок
с.,Карпівці
с.,Шевченка
с.,Кілки
с.,Волосівка
с.,Красногірка
с.,Красноволиця
с.,Довбиші
с.,Йосипівка
с.,Краснопіль
с.,Красносілка
с.,Ясногірка
с.,Мала Волиця
с.,Дібрівка
с.,Молочки
с.,Мотрунки
с.,Носівки
с.,Суслівка
с.,Вільшанка
с.,П'ятка
с.,Пилипівка
с.,Рачки
с.,Стетківці
с.,Стовпів
с.,Дреники
с.,Троща
с.,Ясопіль
с.,Турчинівка
с.,Княжин
с.,Тютюнники
с.,Городище
с.,Короченки
с.,Малі Коровинці
с.,Судачівка
с.,Подолянці
смт,Дзержинськ
с.,Вербів
с.,Сіряки
с.,Слобода Шевченка
с.,Іванівка
с.,Погоріле
с.,Могилівка
с.,Рижани Треті
с.,Рижани П'яті
с.,Веселівка
с.,Свинобичі
с.,Погоріле
с.,Володимирівка
с.,Нова Богушівка
с.,Жаборицька Гута
с.,Уварівка
с.,Іванівка
с.,Боголюбівка
с.,Злотин
с.,Бобрик-Теснівський
с.,Дубовець
с.,Рудня
с.,Рудня Городенка
с.,Озеряни
с.,Чигирі
с.,Гнилець
с.,Могильня
с.,Житомирське
с-ще,Мирний
с.,Андріївка
с.,Вільшанка
с.,Розкопана Могила
с.,Мотилі
с.,Голіївка
с.,Бите Озеро
с.,Чолівка
с.,Ворошилова
с.,Нове Шарне
с.,Млин
с.,Звіздаль
с.,Шишелівка
с.,Малі Міньки
с.,Малі Кліщі
с.,Перемога
с.,Хрипля
с.,Северівка
с.,Поліське
с.,Великі Кліщі
с.,Бороневе
с.,Хвалибог
с.,Мужиловичі
с.,Сталінський
с.,Бабина Лоза
с.,Кам'яно-Товкачі
с.,Кошелів
с.,Делета
с.,Малинка
с.,Омельники
с.,Довгий Ліс
с.,Рудня-Осошня
с.,Мар`їн Підварок
с.,Борутине
с.,Червоний Лан
с.,Поліське
с.,Олександри
с.,Калинівка
с.,Могильне
с.,Журба
с.,Будолюбівка
с.,Грязеве
с.,Пинязевичі
с.,Деревці
с.,Щебзавод
с.,Жолудівка
с.,Маленівка
с.,Переїзд
с.,Підчашшя
с.,Ситівка
с.,Соснівка
с.,Степки
с.,Ранній Дуб
с.,Чиста Лужа
с.,Радровель
с.,Недбаївка
с.,Слобода-Чернецька
с.,Вербове
с.,Липські Романи
с.,Серениче
с.,Деркачі
с.,Собичине
с.,Колесники
с.,Незаможник
с.,Великий Ліс
с.,Ситори
с.,Юрівка
с.,Городище
с.,Старчанка
с.,Дібровка
с.,Будьонівка
с.,Стахановський
с-ще,Самгородоцьке
с.,Велика Чернявка
с.,Ревуха
с.,Голиші
с.,Добрий Кут
с.,Зелена Поляна
с.,Журавлинка
с.,Мала Чернявка
с.,Будище
с.,Людвинівка
с.,Піхоцьке
с.,Лозовики
с.,Кілівка
с.,Яблунівка
с.,Вольвахівка
с.,Соснова Болярка
с.,Стара Буда
с.,Цицелівка
с.,Адамівка
с.,Носівка
с.,Вілень
с.,Лалове
с.,Малі Низгірці
с.,Чорторийськ
с.,Федорівка
с.,Вересна
с.,Велень
с.,Старий Тартак
с.,Березівка
с.,Рудківський
с.,Корчівка
с.,Буда-Обиходівська
с.,Лобаші
с.,Мар'янівка
с.,Старе Шарне
с.,Шевченка
с.,Іванівка
с.,Довга Нива
с.,Слобода
с.,Солотине
с.,Заріччя
с.,Гранкар`єр
с.,Шевченка
с.,Кіровка
с.,Черниця
с.,Соснова Поляна
с.,Стовпичне
с.,Роги
с.,Білокамінка
с.,Привороття
с.,Дібрівка
с.,Голодьки
с.,Гнилець
с.,Краснорічка
с.,Рижани Другі
с.,Кука-Гута
с.,Здань-Болярка
с.,Нова Болярка
с.,Розкопана Могила
с.,Кринички
с.,Ворошилова
с.,Рудня-Грабівка
с-ще,Ушиця
с.,Гута Мошківська
с.,Стара Богушівка
с.,Довгі Поля
с.,Баранівка
с.,Рудня Баранівська
с.,Рудня-Мошинська
с.,Хутір-Вілянський
с.,Мощаниця
с.,Вищикуси
с.,Дослідне Поле
с.,Гойч
с.,Щербаківка
с.,Черниця
с.,Волярка
с.,Бондарі Другі
с.,Бідуни
с.,Вовча Слобода
с.,Жолонь Ситівка
с.,Стовпи
с.,Щербини
с.,Торчин
с.,Веселка
с.,Града
с.,Лісове
с.,Романівка
смт,Хорошів
с.,Вишневе
с.,Лісове
с.,Квітневе
с.,Покровське
с.,Квітневе
с.,Ставки
с.,Зелений Гай
смт,Миролюбів
с.,Миколаївка
с-ще,Корнинське
с.,Калинівка
с.,Нова Чорнорудка
с.,Нові Жадьки
с.,Глинянка
с.,Смолка
с.,Білошиці
с.,Маклаївка
с.,Студень
с.,Косня
смт,Пулини
с.,Дубрівка
с.,Буймир
м.,Звягель
