смт,10-річчя Жовтня
с.,Єгорівка
с.,Єгорівка
с.,Єлизаветівка
с.,Єлизаветівка
с-ще,Єлизаветівка
с.,Єлизаветівка
с.,Єлисеївка
с.,Івана Франка
с.,Івангород
с-ще,Івано-Ганнівка
с.,Іванівка
с.,Іванівка
с.,Іванівка
с.,Іванівка
с.,Іванівка
с.,Іванівське
с.,Ігорівка
с.,Ільченкове
с.,Ільїне
с.,Інженерне
с.,Інзівка
с.,Абрикосівка
с.,Авангард
с.,Августинівка
с.,Аграфенівка
с.,Азов
с-ще,Азов
с.,Азовське
с.,Азовське
с.,Андрівка
с.,Андріївка
смт,Андріївка
с.,Андріївка
с.,Андріївське
с.,Антонівка
с.,Антонівка
с.,Арабка
с.,Астраханка
с.,Атманай
с.,Бабанівка
с.,Бабаші
с.,Бабурка
с.,Багате
с.,Багатівка
с.,Байдукова
смт,Балабине
с.,Балашівка
с.,Балки
с.,Балкове
с.,Балочки
с.,Банівка
с.,Барвінівка
с.,Барвінівка
с.,Басань
с.,Бекарівка
м.,Бердянськ
с-ще,Бердянське
с.,Берегове
с.,Бережне
с.,Березівка
с.,Берестове
с.,Берестове
с.,Берестове
с.,Бесідівка
с.,Благовіщенка
с.,Благовіщенка
с.,Благовіщенське
с.,Благодатне
с.,Благодатне
с.,Благодатне
с.,Блакитне
с.,Богатир
с.,Богатирівка
с.,Богданівка
с.,Богданівка
с.,Богданівка
с.,Богданівка
с.,Богданівка
с.,Богунівка
с.,Бойкове
с.,Бойове
с.,Болгарка
с.,Борисівка
с.,Борисівка
с.,Ботієве
с.,Братолюбівка
с.,Братське
с.,Бурлацьке
с.,Бурчак
с.,Біленьке
с.,Біленьке Перше
с.,Біловеж
с.,Білогір'я
с.,Білоріцьке
с.,Білорічанське
с.,Білоцерківка
смт,Більмак
с.,Більманка
с.,Біляївка
с.,Білівське
с.,В'язівка
с.,Варварівка
с.,Василькове
с.,Васильківське
м.,Василівка
с.,Василівка
с.,Василівка
с.,Василівське
с.,Василівське
с.,Васинівка
с.,Велика Білозерка
с.,Велика Білозерка
с.,Велика Білозерка
с.,Велика Білозерка
с.,Велика Знам'янка
с.,Велика Тернівка
м.,Великий Токмак
с.,Великодубове
с.,Венера
с.,Вербове
с.,Вербове
с.,Верхньодрагунське
с.,Верхня Криниця
с.,Верхня Терса
с.,Верхнє Сторчове
с.,Верхній Токмак
с-ще,"Верхній Токмак
Другий"
с-ще,"Верхній Токмак
Перший"
с.,Верховина
с.,Верхівка
с.,Вершина
с.,Вершина Друга
с.,Вершина Перша
смт,Веселе
с.,Веселе
с.,Веселе
с.,Веселе
с.,Веселе
с.,Веселе
с.,Веселе
с.,Веселе
с.,Веселий Гай
с.,Веселотернувате
с.,Веселоіванівське
с.,Веселянка
с.,Веселівка
с.,Веселівське
с.,Весняне
с.,Виноградне
с.,Виноградівка
с.,Високе
с.,Високе
с-ще,Високогірне
с.,Вишневе
с.,Вишневе
с.,Вишневе
с.,Вишневе
с.,Вишневе
с.,Вишнювате
с.,Вишняки
с.,Вишнівка
с.,Владівка
с.,Вовківка
с.,Вовчанське
с.,Вовче
с.,Водне
с.,Водяне
с.,Водяне
с.,Водяне
с.,Воздвижівка
с.,Вознесенка
с.,Волна
с.,Володимирівка
с.,Володимирівка
с.,Володимирівка
с.,Володимирівка
с.,Володимирівка
с.,Володимирівське
с.,Волошкове
с.,Ворошилове
с.,Ворошиловка
с.,Ворошиловка
с.,Ворошиловське
с.,Воскресенка
с.,Воскресенка
с.,Воскресенка
с.,Восход
с.,Вячеславка
с.,Вівчарне
с.,Відножине
с.,Відрадне
с-ще,Відродження
с.,Вікторівка
с.,Вікторівка
с.,Вільне
с.,Вільне
с.,Вільне
с.,Вільне
с.,Вільне
с-ще,Вільне
с-ще,Вільне Перше
с-ще,Вільне Третє
с.,Вільноандріївка
с.,Вільногрушівське
с.,Вільнокур'янівське
с.,Вільноуланівське
с.,Вільнянка
с.,Вільнянка
м.,Вільнянськ
с.,Гамівка
с.,Ганно-Опанлинка
с.,Ганнівка
с.,Ганнівка
с.,Гарасівка
с-ще,Гасанівка
с.,Гвардійське
с.,Геленджик
с.,Георгіївка
с.,Георгіївське
с.,Гладке
с.,Глодове
с.,Гнаровське
с.,Гоголівка
с.,Гоголівка
с.,Голубкове
с.,Гончарі
с.,Горлицьке
с.,Граничне
с.,Григорівка
с.,Григорівка
с.,Григорівське
с.,Гришине
с.,Грозове
с.,Громівка
с.,Грузьке
с.,Грушеве
с.,Грушівка
с.,Грушівка
с.,Грізне
с.,Губенське
с.,Губівське
м.,Гуляйполе
с-ще,Гуляйпільське
с.,Гуляйпільське
с.,Гунівка
с.,Гурського
с.,Гуртове
с.,Гусарка
с.,Гюнівка
с.,Гюнівка
с.,Гірке
с.,Гірсівка
с.,Давидівка
с.,Далеке
с.,Далеке
с.,Данило-Іванівка
с.,Данилівка
с.,Дахно
с.,Деревецьке
с.,Дерезівка
с.,Десятиріччя Жовтня
с-ще,Димитрове
с.,Дмитрівка
с.,Дмитрівка
с.,Дмитрівське
с.,Дніпрельстан
с.,Дніпрельстан
с.,Дніпровка
с.,Дніпровка
с.,Дніпровка
с.,Дніпрові Хвилі
м.,Дніпрорудне
с.,Добровольчеське
с.,Добровільне
с.,Добропілля
с.,Добрівка
с.,Довбине
с.,Довге
с.,Долина
с.,Долинка
с.,Долинка
с.,Долинське
с.,Долинське
с.,Долинське
с.,Долинівка
с-ще,Домузли
с.,Доробратове
с.,Дорожнянка
с.,Дружба
с.,Дружелюбівка
с.,Дружне
с.,Дружне
с.,Дубове
с.,Дубове
с.,Дубовий Гай
с.,Дудникове
с.,Дудникове
с.,Дунаївка
с.,Діброва
с.,Дівнинське
м.,Енергодар
с.,Жереб'янки
с.,Жовта Круча
с.,Жовтеньке
с.,Жовтневе
с.,Жовтневе
с.,Жовтневе
с-ще,Жовтневе
с.,Жовтневе
с.,Жовтневе
с.,Жовтневе
с.,Завітне
с.,Загірне
с.,Задорожнє
с.,Заливне
смт,Залізничне
с.,Заможне
с.,Замістя
с.,Запасне
с-ще,Заповітне
с.,Запорожець
м.,Запоріжжя
с.,Запоріжжя
с.,Запоріжжя
с.,Запорізьке
с.,Запорізьке
с-ще,Зарічне
с.,Зарічне
с-ще,Зарічне
с.,Затишшя
с.,Зелена Балка
с.,Зелена Діброва
с.,Зелене
с.,Зелене
с-ще,Зелене
с.,Зелене
с.,Зелене
с.,Зелений Гай
с.,Зелений Гай
с.,Зелений Гай
с.,Зелений Гай
с.,Зелений Гай
с.,Зелений Гай
с.,Зелений Луг
с.,Зелений Яр
с.,Зеленопілля
с.,Зеленопіль
с.,Зеленчук
с.,Зеленівка
с.,Зернове
с.,Златопіль
с.,Значкове
с.,Золота Долина
с.,Золота Поляна
с.,Зоря
с.,Зоря
с.,Зоряне
с.,Зоряне
с-ще,Зоряне
с.,Зорівка
с.,Зразкове
с.,Зразкове
с.,Зубів
с.,Зірка
с.,Зірниця
с.,Кавунівка
с.,Калайтанівка
с.,Калинівка
с.,Калинівка
с.,Калинівка
с.,Калинівка
с.,Калинівка
с-ще,Калинівка
с-ще,Калініна
смт,Кам'яне
с.,Кам'янка
с.,Кам'янка
с-ще,Кам'янка
м.,Кам'янка-Дніпровська
с.,Кам'янське
с.,Кам'янське
с.,Кам'янувате
с-ще,Канцерівка
с.,Канівка
с.,Канівське
с.,Карла Лібкнехта
с.,Карла Маркса
с.,Качкарівка
с.,Каштанівка
с.,Квіткове
смт,Кирилівка
с.,Кирпичне
с-ще,Кирпотине
с.,Київське
с.,Кобильне
с.,Коза
с.,Козаківське
с.,Козаче
с.,Козолугівка
с.,Коларівка
с.,Колос
с.,Комерчеський
смт,Комиш-Зоря
с.,Комишуватка
смт,Комишуваха
с.,Комсомольське
с.,Комсомольське
с.,Коновалова
с.,Копані
с.,Копані
с.,Копані
с.,Корніївка
с.,Косих
с.,Костянтинівка
с.,Костянтинівка
с.,Косівцеве
с.,Косівцеве Друге
с.,Косівцеве Перше
с.,Котлярівка
с.,Кохане
с.,Красавич
с-ще,Красне
с.,Красногірське
с.,Красноселівка
с.,Крижчене
с.,Крилівське
с.,Кримка
с.,Криничне
с.,Криничне
с.,Кринівка
с.,Круглик
с.,Крутий Яр
с.,Кузнецівка
с.,Куйбишеве
смт,Куйбишеве
с.,Куликівське
с.,Купріянівка
с.,Курошани
с.,Кутузівка
с.,Кучугури
смт,Кушугум
с.,Кущове
с.,Кінські Роздори
с.,Кірова
с.,Кірова
с.,Кірове
с.,Кірове
с.,Кірове
с.,Кіровське
с.,Лагідне
с.,Лазурне
с.,Ланкове
с.,Ланцеве
с.,Левадне
с.,Левадне
с.,Лежине
с.,Лемешинське
с.,Ленінське
с.,Ленінське
с.,Лиманське
с.,Лиманівка
с.,Лисогірка
с.,Листвянка
с.,Листівка
с.,Литовка
с.,Лобкове
с.,Лозанівка
с.,Лозове
с.,Лозуватка
с.,Луганське
с.,Лугове
с.,Лугове
с.,Лугівка
с.,Лугівське
с.,Лук'янівське
с.,Лукашеве
с.,Луначарське
с.,Любимівка
с.,Любимівка
с.,Любимівка
с.,Любимівка
с.,Любимівка
с.,Любицьке
с.,Любокут
с.,Любомирівка
с.,Люцерна
с.,Лісне
с.,Лісне
с.,Магдалинівка
с-ще,Магедове
с-ще,Максима Горького
с.,Максимівка
с.,Маківка
с.,Мала Білозерка
с.,Мала Купріянівка
с.,Мала Михайлівка
с.,Мала Тернівка
с.,Мала Токмачка
с-ще,Малий Утлюг
с.,Малинівка
с.,Малинівка
с.,Малишівка
смт,Малокатеринівка
с.,Малі Щербаки
с.,Мануйлівка
с.,Мар'янівка
с.,Мар'янівка
с.,Мар'янівка
с.,Мар'янівка
с.,Мар'ївка
с.,Мар'ївка
с.,Маринопіль
с.,Маринівка
с.,Марфопіль
с.,Матвіївка
с.,Матвіївка
с.,Маяк
с.,Маячка
с.,Межиріч
м.,Мелітополь
с.,Менчикури
с.,Миколай-Поле
с.,Миколай-Поле
с.,Миколаївка
с.,Миколаївка
с.,Миколаївка
с.,Миколаївка Друга
с.,Микільське
с.,Микільське
с.,Микільське Друге
с.,Мирне
смт,Мирне
с.,Мирне
с-ще,Мирне
с.,Мирне
с.,Мирне
с.,Миролюбівка
с.,Миронівка
с.,Мирське
с.,Мирівка
с.,Михайло-Лукашеве
с.,Михайлівка
смт,Михайлівка
с.,Михайлівка
с.,Михайлівське
с.,Михайлівське
с.,Могиляни
с.,Могутнє
с.,Мокрий Став
с.,Молодіжне
м.,Молочанськ
с.,Мордвинівка
с.,Морозівка
с.,Московка
с.,Мостове
с.,Мусіївка
с.,Мічуріна
с-ще,Набережне
с.,Нагірне
с.,Надеждине
с.,Надійне
с.,Надія
с.,Наталівка
с-ще,Нельгівка
с.,Нельгівка
с.,Нестерянка
с.,Нечкине
с.,Нижня Хортиця
с.,Нижній Токмак
с.,Нова Дача
с.,Новгород
с.,Новгородківка
с.,Нове
с.,Нове
с-ще,Нове
с.,Нове
с.,Нове Запоріжжя
с.,Нове Запоріжжя
с.,Нове Поле
с.,Нове Поле
с.,Новоандріївка
с.,Новобогданівка
с.,Новобойківське
с.,Новобілозерка
с.,Нововасилівка
с.,Нововасилівка
смт,Нововасилівка
с.,Нововасилівське
с.,Нововасилівське
с.,Нововодяне
с.,Нововознесенка
с.,Нововолодимирівка
с.,Нововолодимирівка
с.,Нововікторівка
с.,Новогорівка
с.,Новогригорівка
с.,Новогригорівка
с.,Новогригорівка
с.,Новогупалівка
с.,Новоданилівка
с.,Новоданилівка
с.,Новоданилівка
с.,Новодарівка
с.,Новодворівка
с.,Новодніпровка
с.,Новодніпровка
с.,Новозлатопіль
с.,Новозлатопіль
с.,Новоказанкувате
с.,Новокам'янка
с.,Новокарлівка
с.,Новокасянівка
с.,Новокостянтинівка
с.,Новолюбимівка
с.,Новомиколаївка
с.,Новомиколаївка
с.,Новомиколаївка
смт,Новомиколаївка
с.,Новомиколаївка
с.,Новомиколаївка
с.,Новомиргородка
с.,Новомихайлівка
с.,Новомихайлівка
с.,Новомихайлівське
с.,Новомлинівка
с.,Новоолександрівка
с.,Новоолександрівка
с.,Новоолександрівка
с.,Новоолександрівка
с.,Новоолексіївка
с.,Новоолексіївка
с.,Новооленівка
с.,Новопавлівка
с.,Новопавлівка
с.,Новопетрівка
с.,Новопетрівка
с.,Новопетрівка
с.,Новопилипівка
с.,Новопокровка
с.,Новопокровка
с.,Новополтавка
с.,Новопрокопівка
с.,Новорозівка
с.,Новоселище
с.,Новоселівка
с.,Новоселівка
с.,Новоселівка
с.,Новоселівка
с.,Новоселівка
с.,Новосергіївка
с.,Новослобідка
с.,Новосолдатське
с.,Новосолоне
с.,Новосолоне
с.,Новосолошине
с.,Новософіївка
с.,Новоспаське
с.,Новостепнянське
с.,Новосілка
с.,Новосільське
с-ще,Новотавричеське
с.,Новотроїцьке
с.,Новотроїцьке
с.,Новотроїцьке
с.,Новоукраїнка
с.,Новоукраїнка
с.,Новоукраїнка
с.,Новоукраїнка
с.,Новоукраїнка
с.,Новоукраїнське
с.,Новоуспенівка
с.,Новоуспенівське
с.,Новофедорівка
с.,Новофедорівка
с.,Новоякимівка
с.,Новояковлівка
с.,Новоіванківка
с.,Новоіванівка
с.,Новоіванівка
с.,Новоіванівка
с.,Новоіванівка
с.,Новоіванівка
с.,Новоіванівка
с.,Новоіванівське
с.,Новоіванівське
смт,Ногайськ
с.,Ніженка
с.,Обратне
с.,Обще
с.,Обільне
с.,Обіточне
с.,Одарівка
с.,Ожерельне
с.,Озерне
с.,Олександрівка
с.,Олександрівка
с.,Олександрівка
с.,Олександрівка
с.,Олександрівка
с.,Олександрівка
с.,Олександрівське
с.,Олексіївка
с.,Олексіївка
с.,Оленокостянтинівка
с.,Оленівка
с.,Оленівка
с.,Оленівка
с.,Ольгівське
с.,Омельник
с.,Орлове
с.,Орлянське
с.,Орлівка
с.,Орлівське
м.,Оріхів
с.,Оріхівка
с.,Осипенко
с.,Остриківка
с.,Островське
с.,Охотниче
с.,Охрімівка
с.,Очеретувате
с.,Очеретувате
с.,П'ятихатки
с.,Павлівка
с.,Павлівка
с.,Павлівка
с.,Павлівка
с.,Павлівське
с.,Павлівське
с.,Панфілівка
с.,Панютине
с.,Партизани
с.,Паства
с.,Перемога
с-ще,Переможне
с.,Переможне
с.,Переможне
с.,Переможне
с.,Перун
с.,Першозванівка
с.,Першостепанівка
с.,Першотравневе
с.,Першотравневе
с.,Першотравневе
с.,Першотравневе
с.,Першотравневе
с.,Першотравневе
с.,Петро-Михайлівка
с.,Петро-Свистунове
с.,Петровське
с.,Петровське
с.,Петропавлівка
с.,Петропавлівка
с.,Петропавлівка
с.,Петропавлівське
с.,Петропіль
с.,Петрівка
с.,Петрівка
с.,Петрівка
с.,Петрівка
с.,Петрівка
с.,Петрівка
с.,Петрівське
с.,Петрівське
с.,Петрівське
с.,Петрівське
с.,Плавні
с.,Плодородне
с.,Поди
с.,Подове
с-ще,Подспор'є
с.,Показне
с.,Покровське
м.,Пологи
с.,Пологи
с.,Полоузівка
с.,Полтавка
с.,Полянівка
с.,Преображенка
с.,Преслав
смт,Приазовське
с.,Привільне
с.,Привільне
с.,Привільне
с.,Привільне
с.,Привільне
с.,Привільне
с.,Привітне
с.,Придніпровське
с.,Придолинівка
с.,Придорожнє
с.,Прилуки
с.,Прилуківка
м.,Приморськ
с.,Приморське
с.,Приморський Посад
с.,Примірне
смт,Пришиб
с.,Приютне
с.,Пробудження
с.,Пролетарське
с.,Промінь
с.,Просторе
с.,Прудентове
с.,Пустоцвітне
с.,Пшеничне
с.,Південне
с.,Південне
с.,Північне
с.,Підгірне
с.,Підгірне
с.,Підгірне
с.,Підгірне
с.,Пірчине
с.,Піскошине
с.,Піщанське
с.,Радивонівка
с.,Радивонівка
с.,Радолівка
с.,Радянське
с.,Радісне
с.,Райнівка
с.,Райське
с.,Резедівка
с.,Ремівка
с.,Решетилівське
с.,Рибальське
с.,Рибалівка
с.,Рибне
с.,Роботине
с.,Родинське
с.,Роза
с.,Роздол
с.,Роздолля
с.,Розкішне
с.,Розумівка
с.,Розівка
с.,Розівка
с.,Розівка
с.,Розівка
смт,Розівка
с.,Розівка
с.,Романівське
с.,Ромашки
с-ще,Ростуще
с.,Руденка
с.,Ручаївка
с.,Рівне
с.,Рівне
с.,Рівне
с.,Рівне
с.,Рівнопілля
с.,Різдвянка
с-ще,Річне
с-ще,Садове
с.,Садове
с.,Садове
с.,Садове
с.,Салтичія
с.,Самійлівка
с.,Самійлівка
с.,Сахно
с.,Сачки
с.,Свобода
с.,Свободне
с.,Святопетрівка
с.,Святотроїцьке
с.,Світанок
с.,Світла Долина
с.,Світле
с.,Світле
с.,Світлодолинське
с.,Семененкове
с.,Семенівка
с.,Семенівка
с.,Семихатки
с.,Сергіївка
с.,Сергіївка
с.,Середнє
с.,Скельки
с.,Скелювате
с.,Скелювате
с.,Славне
с.,Слов'янка
с.,Смиренівка
с.,Смирнове
с.,Смоляне
с.,Смородине
с.,Сміле
с.,Снігурівка
с.,Совєтське
с.,Соколівка
с.,Солов'ївка
с.,Солодка Балка
с.,Солодке
с.,Солодке
с.,Солодководне
с.,Солоне
с.,Солоне
с-ще,Сонячне
с.,Сорочине
с-ще,Соснівка
с.,Софіївка
с.,Софіївка
с.,Софіївка
с-ще,Соцземлеробство
с.,Спаське
с.,Спаське
с.,Спасівка
с.,Старобогданівка
с.,Старопетрівка
с.,Староукраїнка
с.,Степанівка
с.,Степанівка Друга
с.,Степанівка Перша
с.,Степне
с-ще,Степне
смт,Степногірськ
с.,Степове
с.,Степове
с.,Степове
с.,Степове
с.,Степове
с.,Степове
с.,Степок
с.,Сторчове
с.,Строганівка
с.,Стульневе
с-ще,Стульневе
с.,Суворе
смт,Сухоіванівське
с.,Східне
с.,Таврійське
с.,Таврійське
с.,Таврійське
с-ще,Таврія
с.,Таврія
с.,Тамбовка
с.,Тамбовка
с.,Тарасівка
с.,Тарасівка
с.,Тарасівка
с.,Тарасівка
с.,Тарасівка
с.,Тарасівське
с.,Тарсалак
с.,Тащенак
с.,Темирівка
смт,Тепличне
с.,Тернове
с.,Тернове
с.,Тернувате
смт,Тернувате
с.,Тернівка
с.,Тернівка
с.,Терпіння
с.,Терсянка
с.,Терсянка
с.,Тимофіївка
с.,Тимошівка
с.,Тимошівка
с.,Титове
с.,Тихонівка
м.,Токмак
с.,Тополине
с.,Травневе
с.,Тракторне
с.,Троянди
с.,Трояни
с.,Троїцьке
с.,Троїцьке
с-ще,Трудове
с.,Трудове
с-ще,Трудове
с-ще,Трудове
с.,Трудове
с.,Трудове Друге
с.,Трудовий
с-ще,Трудовий Перший
с.,Трудовик
с.,Трудолюбимівка
с.,Трудолюбівка
с.,Трудолюбівка
с.,Трудооленівка
с.,Труженка
с.,Ударник
с.,Удачне
с.,Уділенське
с.,Україна
с.,Українка
с.,Українка
с.,Українка
с.,Українське
с.,Українське
с.,Укромне
с.,Ульяновка
с.,Улянівка
с.,Улянівка
с.,Уральське
с.,Урицьке
с.,Урицьке
с.,Урожайне
с.,Успенівка
с.,Успенівка
с.,Фабричне
с.,Федорівка
с.,Федорівка
с.,Федорівка
с.,Федорівка
с.,Федорівка
с.,Федорівка
с.,Форойс
с-ще,Фруктове
с.,Хазяїн
с.,Харкове
с.,Хвалибогівка
с.,Хліборобне
с.,Хмельницьке
с.,Хортиця
с.,Христофоро-Бойкове
с.,Царицин Кут
с.,Цвіткове
с.,Цвіткове
с.,Чапаєвка
с.,Чапаєвка
с.,Чапаєвка
с.,Чарівне
с.,Червона Криниця
с.,Червоне
с.,Червоне
с.,Червоне
с.,Червоне Озеро
с.,Червоне Поле
с.,Червоний Жовтень
с.,Червоний Яр
с.,Червоний Яр
с.,Червоноармійське
с.,Червоноармійське
смт,Червоноармійське
смт,Червоноармійське
с.,Червоногірка
с.,Червонодніпровка
с.,Червонокозацьке
с.,Червоноселівка
с.,Черепівське
с.,Черешневе
с.,"Чернігово-
Токмачанськ"
смт,Чернігівка
с.,Чехоград
с.,Чистопілля
с.,Чкалова
с.,Чкалове
с.,Чкалове
с.,Чорноземне
с.,Чорноземне
с.,Чубарівка
с.,Чумацьке
с.,Шамрайка
с.,Шевченка
с.,Шевченка
с.,Шевченка
с.,Шевченка
с.,Шевченка
с.,Шевченка
с.,Шевченка
с.,Шевченко Друге
с.,Шевченкове
с.,Шевченкове
с.,Шевченкове
с.,Шевченкове
с.,Шевченкове
с.,Шевченкове
с.,Шевченківське
с.,Шевченківське
с.,Шевченківське
с.,Шевченківське
с.,Шевченківське
с.,Шелюги
с.,Широке
с.,Широке
с.,Широке
с.,Широке
с.,Широке
с.,Широке
с.,Широке
с.,Широкий Лан
с.,Широкий Яр
с.,Шлях Ілліча
с.,Шляхове
с.,Шмальки
с-ще,Шовкове
с.,Щасливе
с.,Щербаки
с-ще,Ювілейне
с.,Юльївка
с.,Юр'ївка
с.,Юр'ївка
с.,Юрківка
с.,Яблукове
с.,Яворницьке
смт,Якимівка
с.,Якимівка
с-ще,Якимівське
с.,Якимівське
с.,Яковлеве
с.,Ясинувате
с.,Ясна Поляна
с.,Ясна Поляна
с.,Ясна Поляна
с.,Ясне
