м.,Київ
м.,Біла Церква
м.,Березань
м.,Бориспіль
м.,Бровари
м.,Васильків
м.,Ірпінь
м.,Буча
с-ще,Ворзель
смт,Гостомель
смт,Коцюбинське
м.,"Переяслав-
Хмельницький"
м.,Прип'ять
м.,Фастів
м.,Ржищів
м.,Славутич
с-ще,Баришівка
с.,Пасічна
с.,Швачиха
с.,Бзів
с.,Веселинівка
с.,Волошинівка
с.,Борщів
с.,Устинкова Гребля
с.,Шовкове
с.,Дернівка
с.,Хлопків
с.,Коржі
с.,Корніївка
с.,Лехнівка
с.,Лукаші
с.,Лук'янівка
с.,Масківці
с.,Морозівка
с.,Недра
с.,Гостролуччя
с.,Паришків
с.,Червоноармійське
с.,Перемога
с.,Пилипче
с.,Поділля
с.,Мала Тарасівка
с.,Рудницьке
с.,Садове
с.,Сезенків
с.,Власівка
с.,Селище
с.,Селичівка
с.,Семенівка
с.,Леляки
с.,Яблуневе
с.,Більшовик
с.,Григорівка
с.,Хмельовик
с.,Ярешки
м.,Узин
смт,Терезине
с.,Бикова Гребля
с.,Черкас
с.,Василів
с.,Вільна Тарасівка
с.,Володимирівка
с.,Гайок
с.,Глушки
с.,Дрозди
с.,Мазепинці
с.,Іванівка
с.,Йосипівка
с.,Затиша
с.,Красне
с.,Павлівка
с.,Коженики
с.,Клочки
с.,Макіївка
с.,Мала Антонівка
с.,Мала Вільшанка
с.,Матюші
с.,Михайлівка
с.,Вербова
с.,Озерна
с.,Коржівка
с.,Межове
с.,Олійникова Слобода
с.,Острійки
с.,Блощинці
с.,Піщана
с.,Пилипча
с.,Глибочка
с.,Городище
с.,Поправка
с.,Одноріг
с.,Черкас
с.,Потіївка
с.,Розаліївка
с.,Людвинівка
с.,Степок
с.,Сидори
с.,Сорокотяги
с.,Сухоліси
с.,Чепиліївка
с.,Тарасівка
с.,Томилівка
с.,Трушки
с.,Фастівка
с.,Фесюри
с.,Щербаки
с.,Фурси
с.,Чмирівка
с.,Храпачі
с.,Скребиші
с.,Чупира
с.,Шкарівка
с.,Яблунівка
с.,Мала Сквирка
м.,Богуслав
с.,Біївці
с.,Бране Поле
с.,Дмитренки
с.,Гута
с.,Коряківка
с.,Дибинці
с.,Бородані
с.,Іванівка
с.,Ісайки
с.,Яцюки
с.,Киданівка
с.,Медвин
с.,Дібрівка
с.,Мисайлівка
с.,Чайки
с.,Митаївка
с.,Михайлівка
с.,Олексіївка
с.,Москаленки
с.,Вільховець
с.,Калинівка
с.,Половецьке
с.,Семигори
с.,Побережка
с.,Закутинці
с.,Красногородка
с.,Софійка
с.,Розкопанці
с.,Саварка
с.,Лютарі
с.,Синиця
с.,Тептіївка
с.,Дешки
с.,Хохітва
с.,Івки
с.,Поташня
с.,Шупики
с.,Карандинці
с.,Туники
с.,Щербашинці
с.,Велика Олександрівка
с.,Безуглівка
с.,Мала Олександрівка
с.,Чубинське
с.,Вишеньки
с.,Петровське
с.,Вороньків
с.,Жовтневе
с.,Глибоке
с.,Городище
с.,Гнідин
с.,Головурів
с.,Кийлів
с.,Гора
с.,Дударків
с.,Займище
с.,Іванків
с.,Кірове
с.,Артемівка
с.,Лебедин
с.,Мала Стариця
с.,Сулимівка
с.,Любарці
с.,Тарасівка
с.,Мартусівка
с.,Мирне
с.,Малі Єрківці
с.,Проців
с.,Ревне
с.,Ленінівка
с.,Рогозів
с.,Кириївщина
с.,Сеньківка
с.,Андріївка
с.,Велика Стариця
с.,Горобіївка
с.,Григорівка
с.,Перегуди
с.,Сошників
с.,Старе
с.,Васильки
с.,Щасливе
с.,Проліски
смт,Бородянка
смт,Бабинці
с.,Буда-Бабинецька
смт,Клавдієво-Тарасове
с.,Пороскотень
смт,Пісківка
с.,Раска
смт,Немішаєве
с.,Блиставиця
с.,Дружня
с.,Жовтневе
с.,Озерщина
с.,Загальці
с.,Бондарня
с.,Гай
с.,Нова Буда
с.,Поташня
с.,Нове Залісся
с.,Здвижівка
с.,Качали
с.,Волиця
с.,Галинка
с.,Стара Буда
с.,Торф'яне
с.,Козинці
с.,Діброво-Ленінське
с.,Новий Корогод
с.,Луб'янка
с.,Майданівка
с.,Вишняки
с.,Язвинка
с.,Мигалки
с.,Микуличі
с.,Мирча
с.,Великий Ліс
с.,Коблицький Ліс
с.,Коблиця
с.,Тальське
с.,Небрат
с.,Берестянка
с.,Михайленків
с.,Нова Гребля
с.,Вабля
с.,Озера
с.,Пилиповичі
с.,Шибене
с.,Красний Ріг
смт,Велика Димерка
смт,Калита
с.,Опанасів
с.,Бобрик
с.,Фрунзівка
с.,Богданівка
с.,Залісся
с.,Гоголів
с.,Зоря
с.,Жердова
с.,Вільне
с.,Захарівка
с.,Куйбишеве
с.,Мала Тарасівка
с.,Михайлівка
с.,Підлісся
с.,Заворичі
с.,Зазим'я
смт,Калинівка
с.,Димитрове
с.,Перемога
с.,Скибин
с.,Княжичі
с.,Красилівка
с.,Кулажинці
с.,Літки
с.,Літочки
с.,Соболівка
с.,Мокрець
с.,Бервиця
с.,Плоске
с.,Першотравневе
с.,Погреби
с.,Пухівка
с.,Рожівка
с.,Рожни
с.,Рудня
с.,Русанів
с.,Перше Травня
с.,Світильня
с.,Гребельки
с.,Семиполки
с.,Требухів
с.,Переможець
с.,Шевченкове
смт,Глеваха
смт,Гребінки
смт,Дослідницьке
смт,Калинівка
с.,Барахти
с.,Варовичі
с.,Велика Бугаївка
с.,Велика Вільшанка
с.,Велика Солтанівка
с.,Хлепча
с.,Вінницькі Стави
с.,Гвоздів
с.,Данилівка
с.,Бобриця
с.,Кожухівка
с.,Липовий Скиток
с.,Діброва
с.,Багрин
с.,Дзвінкове
с.,Перевіз
с.,Застугна
с.,Безп'ятне
с.,Зозулі
с.,Кулібаба
с.,Червоне
с.,Здорівка
с.,Іванковичі
с.,Ковалівка
с.,Кодаки
с.,Крушинка
с.,Борисів
с.,Дерев'янки
с.,Залізне
с-ще,Зелений Бір
с.,Мала Бугаївка
с.,Ксаверівка
с.,Ксаверівка Друга
с.,Лосятин
с.,Луб'янка
с.,Мала Солтанівка
с.,Скрипки
с.,Мар'янівка
с.,Мархалівка
с.,Зайців
с.,Митниця
с.,"Вільшанська
Новоселиця"
с.,Петрівка
с.,Степанівка
с.,Пінчуки
с.,Плесецьке
с.,Погреби
с.,Заріччя
с.,Пологи
с.,Порадівка
с.,Руликів
с.,Путрівка
с.,Березенщина
с.,Кобці
с.,Крячки
с.,Саливонки
с.,Пшеничне
с.,Рославичі
с.,Соколівка
с.,Тростинка
с.,"Тростинська
Новоселиця"
с.,Устимівка
с.,Шевченківка
с.,Червоне
с.,Червоне Поле
с.,Яцьки
смт,Володарка
с.,Біліївка
с.,Березна
с.,Гайворон
с.,"Городище-
Пустоварівське"
с-ще,Веснянка
с.,Завадівка
с.,Дружба
с.,Зрайки
с.,Шевченкове
с.,Капустинці
с.,Коржиха
с.,Чепіжинці
с.,Косівка
с.,Городище-Косівське
с.,Лобачів
с.,Нове Життя
с.,Логвин
с.,Михайлівка
с.,Мармуліївка
с.,Кленове
с.,Матвіїха
с.,Лихачиха
с.,Ожегівка
с.,Пархомівка
с.,Петрашівка
с.,Рачки
с.,Ратуш
с.,Рогізна
с.,Рубченки
с.,Володимирівка
с.,Руде Село
с.,Тадіївка
с.,Гайок
с.,Тарасівка
с.,Тарган
с.,Надросівка
м.,Вишгород
смт,Димер
с.,Каменка
с.,Рикунь
с.,Абрамівка
с.,Дудки
с.,Савенки
с.,Богдани
с.,Овдієва Нива
с.,Пилява
с.,Ритні
с.,Рихта
с.,Вахівка
с.,Любидва
с.,Воропаїв
с.,Вища Дубечня
с.,Гаврилівка
с.,Тарасівщина
с.,Глібівка
с.,Демидів
с.,Жукин
с.,Ровжі
с.,Катюжанка
с.,Гута-Катюжанська
с.,Козаровичі
с.,Лебедівка
с.,Литвинівка
с.,Лісовичі
с.,Миколаївка
с.,Любимівка
с.,Андріївка
с.,Сичівка
с.,Лютіж
с.,Гута-Межигірська
с.,Нижча Дубечня
с.,Нові Петрівці
с.,Новосілки
с.,Пірнове
с.,Рови
с.,Круги
с.,Розтісне
с.,Федорівка
с.,Рудня-Димерська
с.,Володимирівка
с.,Синяк
с.,Вороньківка
с.,Раківка
с.,Червоне
с.,Старі Петрівці
с.,Сувид
с.,Боденьки
с.,Сухолуччя
с.,Толокунь
с.,Петрівське
с.,Хотянівка
с.,Осещина
с.,Ясногородка
смт,Згурівка
с.,Леніне
с.,Аркадіївка
с.,Терлещина
с.,Безуглівка
с.,Свобода
с.,Великий Крупіль
с.,Малий Крупіль
с.,Войкове
с.,Софіївка
с.,Жовтневе
с.,Вишневе
с.,Гречана Гребля
с.,Жуківка
с.,Право Жовтня
с.,Горбачівка
с.,Пайки
с.,Красне
с.,Олександринівка
с.,Лизогубова Слобода
с.,Мала Березанка
с.,Левченкове
с.,Мала Супоївка
с.,Нова Олександрівка
с.,Вільне
с.,Старе
с.,Нова Оржиця
с.,Зелене
с.,Пасківщина
с.,Середівка
с.,Олексіївка
с.,Стара Оржиця
с.,Турівка
с.,Іллінське
с.,Петрівське
с.,Урсалівка
с.,Усівка
с.,Черевки
с.,Шевченкове
с.,Володимирське
с.,Майське
м.,Чорнобиль
смт,Іванків
с.,Болотня
с.,Запрудка
с.,Федорівка
с.,Блідча
с.,Коленці
с.,Коленцівське
с.,Леонівка
с.,Варівськ
с.,Людвинівка
с.,Рахвалівка
с.,Горностайпіль
с.,Губин
с.,Лапутьки
с.,Дитятки
с.,Зорин
с.,Фрузинівка
с.,Димарка
с.,Петрівське
с.,Рудня-Левківська
с.,Шевченкове
с.,Жміївка
с.,Верхолісся
с.,Заруддя
с.,Кірове
с.,Осовець
с.,Слобода-Кухарська
с.,Страхолісся
с.,Медвин
с.,Кропивня
с.,Мокра Корма
с.,Рудня-Сидорівська
с.,Кухарі
с.,Підгайне
с.,Яхнівка
с.,Сукачі
с.,Макарівка
с.,Мала Макарівка
с.,Нові Макалевичі
с.,Русаки
с.,Мусійки
с.,Поталіївка
с.,Обуховичі
с.,Станішівка
с.,Олива
с.,Захарівка
с.,Старовичі
с.,Олізарівка
с.,Оране
с.,Степанівка
с.,Хочева
с.,Піски
с.,Доманівка
с.,Карпилівка
с.,Ковалівка
с.,Прибірськ
с.,Пироговичі
с.,Розважів
с.,Жерева
с.,Жеревпілля
с.,Ставрівка
с.,Шевченкове
с.,Сидоровичі
с.,Буда-Полідарівська
с.,Полідарівка
с.,Старі Соколи
с.,Красилівка
с.,Нові Соколи
с.,Потоки
с.,Термахівка
с.,Чкаловка
с.,Тетерівське
с.,Феневичі
с.,Рудня-Тальська
с.,Рудня-Шпилівська
с.,Соснівка
с.,Шпилі
с.,Білий Берег
с.,Воропаївка
с.,Зимовище
с.,Рокитна Слобода
м.,Кагарлик
с.,Балико-Щучинка
с.,Уляники
с.,Бендюгівка
с.,Бурти
с.,Очеретяне
с.,Великі Прицьки
с.,Дібрівка
с.,Петрівське
с.,Горохуватка
с.,Іванівка
с.,Тарасівка
с.,Горохове
с.,Петрівське
с.,Гребені
с.,Юшки
с.,Демівщина
с.,Оріхове
с.,Жовтневе
с.,Зікрачі
с.,Кадомка
с.,Зорівка
с.,Калинівка
с.,Кузьминці
с.,Панікарча
с.,Леонівка
с.,Антонівка
с.,Ліщинка
с.,Расавка
с.,Тернівка
с.,Липовець
с.,Мирівка
с.,Новосілки
с.,Переселення
с.,Півці
с.,Онацьки
с.,Расавка
с.,Слобода
с.,Стави
с.,Стайки
с.,Стрітівка
с.,Сущани
с.,Халча
с.,Воронівка
с.,Петрівське
с.,Черняхів
с.,Шпендівка
с.,Шубівка
с.,Землянка
с.,Яблунівка
м.,Боярка
м.,Вишневе
смт,Чабани
с.,Новосілки
с.,Білогородка
с.,Шевченкове
с.,Бобриця
с.,Бузова
с.,Буча
с.,Гурівщина
с.,Любимівка
с.,Хмільна
с.,Віта-Поштова
с.,Юрівка
с.,Гатне
с.,Гореничі
с.,Гнатівка
с.,Лука
с.,Стоянка
с.,Горенка
с.,Мощун
с.,Забір'я
с.,Княжичі
с.,Жорнівка
с.,Крюківщина
с.,Малютянка
с.,Іванків
с.,Дмитрівка
с.,Капітанівка
с.,Мила
с.,Лісники
с.,Личанка
с.,Мироцьке
с.,Михайлівка-Рубежівка
с.,Забуччя
с.,Музичі
с.,Неграші
с.,Петрівське
с.,"Петропавлівська
Борщагівка"
с.,Чайки
с.,Петрушки
с.,Софіївська Борщагівка
с.,Тарасівка
с.,Нове
с.,Ходосівка
с.,Хотів
с.,Кременище
с.,Круглик
с.,Шпитьки
с.,Горбовичі
с.,Лісне
с.,Мрія
смт,Макарів
с.,Зурівка
с.,Калинівка
с.,Фасівочка
смт,Кодра
с.,Андріївка
с.,Червона Гірка
с.,Борівка
с.,Лисиця
с.,Садки-Строївка
с.,Шнурів Ліс
с.,Бишів
с.,Горобіївка
с.,Лубське
с.,Ферма
с.,Великий Карашин
с.,Малий Карашин
с.,Вільне
с.,Юрівка
с.,Гавронщина
с.,Грузьке
с.,Весела Слобідка
с.,Забуяння
с.,Волосінь
с.,Макарівська Буда
с.,Соболівка
с.,Козичанка
с.,Колонщина
с.,Березівка
с.,Мар'янівка
с.,Миколаївка
с.,Комарівка
с.,Копилів
с.,Северинівка
с.,Королівка
с.,Новомирівка
с.,Ферма
с.,Липівка
с.,Лозовик
с.,Лишня
с.,Осикове
с.,Людвинівка
с.,Мар'янівка
с.,Маковище
с.,Вишеград
с.,Мостище
с.,Мотижин
с.,Наливайківка
с.,Почепин
с.,Небелиця
с.,Ніжиловичі
с.,Новосілки
с.,Нові Опачичі
с.,Пашківка
с.,Вітрівка
с.,Плахтянка
с.,Рожів
с.,Ситняки
с.,Соснівка
с.,Конопельки
с.,Фасова
с.,Червона Слобода
с.,Чорногородка
с.,Юрів
с.,Завалівка
с.,Копіївка
с.,Яблунівка
с.,Леонівка
с.,Ясногородка
м.,Миронівка
с.,Нова Олександрівка
с.,Олександрівка
с.,Вікторівка
с.,Матвіївка
с.,Фролівка
с.,Владиславка
с.,Вахутинці
с.,Гулі
с.,Грушів
с.,Ведмедівка
с.,Дударі
с.,Ходорів
с.,Ємчиха
с.,Зеленьки
с.,Карапиші
с.,Кип'ячка
с.,Горобіївка
с.,Тарасівка
с.,Козин
с.,Кутелів
с.,Салів
с.,Коритище
с.,Македони
с.,Кулешів
с.,Малі Прицьки
с.,Малий Букрин
с.,Великий Букрин
с.,Ромашки
с.,Маслівка
с.,Пії
с.,Липовий Ріг
с.,Польове
с.,Світле
с.,Потік
с.,Пустовіти
с.,Росава
с.,Тулинці
с.,Центральне
с.,Андріївка
с.,П'ятирічка
с.,П'ятихатка
с.,Шандра
с.,Юхни
с.,Яхни
с.,Микитяни
м.,Обухів
с.,Ленди
с.,Таценки
м.,Українка
с.,Плюти
смт,Козин
с.,Великі Дмитровичі
с.,Малі Дмитровичі
с.,Верем'я
с.,Витачів
с.,Григорівка
с.,Гусачівка
с.,Матяшівка
с.,Дерев'яна
с.,Деремезна
с.,Долина
с.,Макарівка
с.,Жуківці
с.,Копачів
с.,Застугна
с.,Шевченкове
с.,Германівка
с.,Красне Перше
с.,Козіївка
с.,Красна Слобідка
с.,Безіменне
с.,Мала Вільшанка
с.,Степок
с.,Нещерів
с.,Перегонівка
с.,Перше Травня
с.,Підгірці
с.,Креничі
с.,Романків
с.,Семенівка
с.,Кулі
с.,Старі Безрадичі
с.,Березове
с.,Капустяна
с.,Конюша
с.,Нові Безрадичі
с.,Паращина
с.,Тарасівка
с.,Трипілля
с.,Халеп'я
с.,Щербанівка
с.,Велика Каратуль
с.,Мар'янівка
с.,Плескачі
с.,Вовчків
с.,Виповзки
с.,Гайшин
с.,Гребля
с.,Чирське
с.,Гланишів
с.,Леніне
с.,Горбані
с.,Чопилки
с.,Дівички
с.,Дем'янці
с.,Харківці
с.,Дениси
с.,Єрківці
с.,Жовтневе
с.,Козлів
с.,Ковалин
с.,Лецьки
с.,Вінинці
с.,Пологи-Чобітки
с.,Мазінки
с.,Мала Каратуль
с.,Воскресенське
с.,Травневе
с.,Переяславське
с.,Пологи-Вергуни
с.,Натягайлівка
с.,Перше Травня
с.,Пологи-Яненки
с.,Помоклі
с.,Пристроми
с.,Заострів
с.,Світанок
с.,Сомкова Долина
с.,Радянське
с.,Соснова
с.,Стовп'яги
с.,Веселе
с.,Гречаники
с.,Кавказ
с.,Строкова
с.,Ташань
с.,Положаї
с.,Улянівка
с.,Тарасівка
с.,Хоцьки
с.,Циблі
с.,Шевченкове
с.,Володарка
с.,Городещина
с.,Дубова
с.,Вовчків
с.,Буда Вовчківська
с.,Стовпне
с.,Залишани
с.,Вересня
с.,Зелена Поляна
смт,Красятичі
с.,Міхлівщина
с.,Чапаєве
с.,Дубова
с.,Луговики
с.,Червона Зірка
с.,Максимовичі
с.,Мар'янівка
с.,Млачівка
с.,Орджонікідзе
с.,Нівецьке
с.,Черемошна
с.,Рагівка
с.,Радинка
с.,Буда-Радинська
с.,Омелянівка
с.,Федорівка
с.,Стещина
с.,Калинівка
с.,Шкнева
с.,Військове
с.,Стара Марківка
смт,Рокитне
с.,Бирюки
с.,Пугачівка
с.,Бушеве
с.,Житні Гори
с.,Запруддя
с.,Луб'янка
с.,Любка
с.,Першотравневе
с.,Маківка
с.,Петрівське
с.,Насташка
с.,Колесникове
с.,Ольшаниця
с.,Острів
с.,Довгалівське
с.,Ромашки
с.,Бакумівка
с.,Савинці
с.,Синява
с.,Телешівка
с.,Шарки
с.,Калинівка
м.,Сквира
с.,Кононівка
с.,Антонів
с.,Буки
с.,Великі Єрчики
с.,Великополовецьке
с.,Андріївка
с.,Мала Михайлівка
с.,Горобіївка
с.,Лаврики
с.,Домантівка
с.,Квітневе
с.,Ями
с.,Дулицьке
с.,Безпечна
с.,Каленна
с.,Кам'яна Гребля
с.,Золотуха
с.,Красноліси
с.,Кривошиїнці
с.,Цапіївка
с.,Ленінське
с.,Нова Пустоварівка
с.,Малі Єрчики
с.,Малі Лисівці
с.,Миньківці
с.,Мовчанівка
с.,Рибчинці
с.,Улянівка
с.,Оріховець
с.,Пищики
с.,Безугляки
с.,Пустоварівка
с.,Рогізна
с.,Дунайка
с.,Краснянка
с.,Руда
с.,Владиславка
с.,Самгородок
с.,Новий Шлях
с.,Саврань
с.,Селезенівка
с.,Таборів
с.,Чубинці
с.,Тхорівка
с.,Шаліївка
с.,Терешки
с.,Шамраївка
с.,Шапіївка
с.,Токарівка
смт,Ставище
с.,Антонівка
с.,Бесідка
с.,Брилівка
с.,Василиха
с.,Винарівка
с.,Вишківське
с.,Гейсиха
с.,Журавлиха
с.,Іванівка
с.,Багатирка
с.,Красилівка
с.,Кривець
с.,Гостра Могила
с.,Любча
с.,Полковниче
с.,Попружна
с.,Розумниця
с.,Розкішна
с.,Сніжки
с.,Станіславчик
с.,Стрижавка
с.,Веселе
с.,Григорівська Слобода
с.,Сухий Яр
с.,Червоне
с.,Торчиця
с.,Юрківка
с.,Торчицький Степок
с.,Ясенівка
м.,Тараща
с.,Велика Березянка
с.,Велика Вовнянка
с.,Володимирівка
с.,Червоні Яри
с.,Веселий Кут
с.,Дубівка
с.,Мала Вовнянка
с.,Кирдани
с.,Кислівка
с.,Буда
с.,Ківшовата
с.,Маковецьке
с.,Косяківка
с.,Антонівка
с.,Крива
с.,Круті Горби
с.,Лісовичі
с.,Потоки
с.,Лук'янівка
с.,Малоберезанське
с.,Лука
с.,Петрівське
с.,Плоске
с.,Ріжки
с.,Салиха
с.,Северинівка
с.,Красюки
с.,Станишівка
с.,Мала Березянка
с.,Степок
с.,Бовкун
с.,Чапаєвка
с.,Чернин
с.,Улашівка
м.,Тетіїв
с.,Бурківці
с.,Високе
с.,Галайки
с.,Софіпіль
с.,Голодьки
с.,Горошків
с.,Ріденьке
с.,Денихівка
с.,Дзвеняче
с.,Перше Травня
с.,Тарасівка
с.,Дібрівка
с.,Дубина
с.,Кашперівка
с.,Клюки
с.,Хмелівка
с.,Кошів
с.,Погреби
с.,Михайлівка
с.,Ненадиха
с.,Одайпіль
с.,П'ятигори
с.,Молочне
с.,Росішки
с.,Скибинці
с.,Стадниця
с.,Степове
с.,Тайниця
с.,Теліжинці
с.,Черепин
с.,Григорівка
с.,Черепинка
смт,Борова
смт,Кожанка
с.,Софіївка
с-ще,Степове
с.,Бортники
с.,Великі Гуляки
с.,Василівка
с.,Федорівка
с.,Велика Снітинка
с.,Веприк
с.,Млинок
с.,Волиця
с.,Дідівщина
с.,Вільшанська Нива
с.,Деминівка
с.,Дмитрівка
с.,Півні
с.,Дорогинка
с.,Кощіївка
с.,Кищинці
с.,Малополовецьке
с.,Тарасівка
с.,Мала Снітинка
с.,Велика Офірна
с.,Мала Офірна
с.,"Мотовилівська
Слобідка"
с.,Оленівка
с.,Паляничинці
с.,Пилипівка
с.,Єлизаветівка
с.,Королівка
с.,Пришивальня
с.,Вишня
с.,Кончаки
с.,Скригалівка
с.,Ставки
с.,Томашівка
с.,Ярошівка
с.,Триліси
с.,Фастівець
с.,Гвардійське
с.,Клехівка
с.,Червоне
с.,Червона Мотовилівка
с.,Велика Мотовилівка
с.,Вишняки
с.,Тарасенки
с.,Яхни
м.,Яготин
с.,Червоне Заріччя
с.,Богданівка
с.,Коптевичівка
с.,Годунівка
с.,Лебедівка
с.,Двірківщина
с.,Воронівщина
с.,Кайнари
с-ще,Черняхівка
с.,Жоравка
с.,Засупоївка
с.,Григорівка
с.,Федорівка
с.,Капустинці
с.,Добраничівка
с.,Плужники
с.,Кулябівка
с.,Соколівщина
с.,Тужилів
с.,Шевченкове
с.,Лемешівка
с.,Гензерівка
с.,Лукомщина
с.,Лозовий Яр
с.,Ничипорівка
с.,Трубівщина
с.,Панфили
с.,Райківщина
с.,Розумівка
с.,Рокитне
с.,Сотниківка
с.,Сулимівка
с.,Божки
с.,Супоївка
с.,Дзюбівка
с.,Озерне
с.,Черкасівка
с.,Фарбоване
с.,Червоне
с.,Черняхівка
с-ще,Гречанівка
с.,Хирівка
с.,Пилипча
с.,Безугляківка
с.,Тарасівка
с.,хутір Сотницький
с.,Мар'янівка Перша
с.,Мар'янівка Друга
с.,Мануїльськ
с.,Соснівка
с.,Новосілки-на-Десні
с.,Тарасовичі
с.,Куликівка
с.,Бакали
с.,Антонівка
с.,Медвин Перший
с.,Медвин Другий
с.,Олизарівка
с.,Мала Олексіївка
с.,Станишівка
с.,Лелів
с.,Кошівка
с.,Великий Корогод
с.,Запілля
с.,Заглиб'я
с.,Ладижичі
с.,Іванівка
с.,Залісся
с.,Новосілки
с.,Черевач
с.,Плютовище
с.,Опачичі
с.,Ямпіль
с.,Іловниця
с.,Рудня-Вересня
с.,Оташів
с.,Кам'янка
с.,Купувате
с.,Городище
с.,Андріївка
с.,Терехів
с.,Ворошилове
с.,Бенівка
с.,Рудьки
с.,Річиця
с.,Старі Шепеличі
с.,Красне
с.,Буда
с.,Нова Красниця
с.,Буряківка
с.,Стара Красниця
с.,Старосілля
с.,Копачі
с.,Янів
с.,Новошепеличі
с.,Зимовище
с.,Чапаєвка
с.,Кошарівка
с.,Красне
с.,Коцюбинське
с.,Городчан
с.,Усів
с.,Машеве
с.,Розсоха
с.,Бички
с.,Замошня
с.,Роз'їждже
с.,Рудня-Іллінецька
с.,Іллінці
с.,Стечанка
с.,Теремці
с.,Красне Друге
с.,Незаможне
с.,Драчилівка
с.,Новий Мир
с.,Бобер
с.,Буда-Варовичі
смт,Вільча
с-ще,Становище
смт,Поліське
смт,Кагановичі Перші
с.,Грезля
с.,Олексіївка
с.,Рудня-Грезлянська
с.,Варовичі
с.,Ковшилівка
с.,Пухове
с.,Денисовичі
с.,Ківшувата
с.,Діброва
с.,Жовтневе
с.,Войкове
с.,Луб'янка
с.,Бовище
с.,Студеники
с.,Вільшанка
с.,Стеблі
с.,Коптевичева Гребля
с.,Королівка
с.,Мартиновичі
с.,Снігурівка
с.,Весняне
с.,Вовчий Ліс
с.,Кливини
с.,Стара Рудня
с.,Будьоннівка
с.,Бурти
с.,Котовське
с.,Ясен
с.,Тараси
с.,Володимирівка
с.,Нова Марківка
с.,Стеблів Перший
с.,Стеблів Другий
с.,Деренковець Перший
с.,Деренковець Другий
с.,Рудня-Мигальська
с.,Трость
с.,Богданівка
с.,Степове
с.,Берізки
с.,Тарасівка
с.,Корогод
с.,Паришів
с.,Товстий Ліс
с.,Чистогалівка
с.,Крива Гора
с.,Глинка
с.,Сталівка
с.,Михайлівка
с.,Соснова
с.,Фабриківка
с.,Шевченкове
с.,Мазинки
с.,Мар'янівка Перша
с.,Мар'янівка Друга
с.,Бакумівка
с.,Жереб'ятин
с.,Кучаків
с.,Затишне
с.,Діброва
с.,Покровське
с.,Гайове
с.,Щасливе
с.,Любомирівка
с.,Калинове
с.,Старий Міст
с.,Зелений Яр
с.,Виселка
с.,Горохівське
с.,Виселкове
с.,Святопетрівське
с.,Лісове
с.,Зірка
с.,Романівка
с.,Тарасівка
с.,Калинове
с.,Войтове
с.,Дубове
с.,Петропавлівське
с.,Дмитрівка
с.,Вознесенське
с.,Соснівка
с.,Мотовилівка
с.,Квітневе
с.,Полковниче
с.,Дмитрівка
с.,Нова Миронівка
с.,Довга Гребля
с.,Левковичі
с.,Троїцьке
с.,Нова Маківка
с.,Юшків Ріг
с.,Великі Пріцьки
м.,Переяслав
