м.,Львів
м.,Винники
смт,Рудне
смт,Брюховичі
м.,Борислав
м.,Дрогобич
м.,Стебник
м.,Самбір
м.,Стрий
м.,Трускавець
м.,Червоноград
смт,Гірник
м.,Соснівка
м.,Броди
смт,Підкамінь
с.,Паньківці
с.,Стрихалюки
с.,Яблунівка
с.,Батьків
с.,Звижень
с.,Лукавець
с.,Межигори
с.,Вербівчик
с.,Орихівчик
с.,Стиборівка
с.,Маркопіль
с.,Шишківці
с.,Гаї
с.,Гаї-Дітковецькі
с.,Гаї-Смоленські
с.,Дітківці
с.,Голубиця
с.,Жарків
с.,Заболотці
с.,Великі Переліски
с.,Висоцько
с.,Лугове
с.,Малі Переліски
с.,Комарівка
с.,Антося
с.,Кіз'я
с.,Корсів
с.,Митниця
с.,Лешнів
с.,Грималівка
с.,Королівка
с.,Лісове
с.,Піски
с.,Накваша
с.,Лукаші
с.,Микити
с.,Тетильківці
с.,Паликорови
с.,Кутище
с.,Яснище
с.,Пеняки
с.,Літовище
с.,Малинище
с.,Чепелі
с.,Підгірці
с.,Загірці
с.,Пониква
с.,Боратин
с.,Видра
с.,Гаї-Суходільські
с.,Горбалі
с.,Липина
с.,Переліски
с.,Підгір'я
с.,Орани
с.,Сухота
с.,Пониковиця
с.,Глушин
с.,Голосковичі
с.,Ковпин Ставок
с.,Косарщина
с.,Суходоли
с.,Попівці
с.,Горбанівка
с.,Дудин
с.,Нем'яч
с.,Шпаки
с.,Ражнів
с.,Велин
с.,Вовковатиця
с.,Мамчурі
с.,Руда-Брідська
с.,Смільне
с.,Сидинівка
с.,Станіславчик
с.,Бордуляки
с.,Збруї
с.,Кути
с.,Монастирок
с.,Панькова
с.,Суховоля
с.,Бучина
с.,Салашка
с.,Черниця
с.,Залісся
с.,Шнирів
с.,Білявці
с.,Бовдури
с.,Клекотів
с.,Язлівчик
с.,Конюшків
с.,Лагодів
с.,Мідне
с.,Берлин
с.,Ясенів
с.,Дуб'є
с.,Дубина
с.,Лучківці
с.,Новичина
с.,Теребежі
с.,Тріщуки
м.,Буськ
с.,Ниви
смт,Красне
смт,Олесько
с.,Волуйки
с.,Теребежі
с.,Циків
с.,Андріївка
с.,Острівчик-Пильний
с.,Петричі
с.,Балучин
с.,Русилів
с.,Боложинів
с.,Вербляни
с.,Заболотне
с.,Підставки
с.,Чучмани
с.,Гумниська
с.,Заводське
с.,Гаївське
с.,Задвір'я
с.,Богданівка
с.,Полоничі
с.,Кізлів
с.,Думниця
с.,Журатин
с.,Купче
с.,Ракобовти
с.,Куткір
с.,Безброди
с.,Острів
с.,Кути
с.,Брахівка
с.,Хватів
с.,Чішки
с.,Новий Милятин
с.,Новий Ріпнів
с.,Ріпнів
с.,Старий Милятин
с.,Новосілки
с.,Дунів
с.,Кудирявці
с.,Лісок
с.,Ожидів
с.,Закомар'я
с.,Застав'є
с.,Йосипівка
с.,Павлики
с.,Сидори
с.,Янгелівка
с.,Переволочна
с.,Полтва
с.,Ланерівка
с.,Побужани
с.,Соколівка
с.,Баймаки
с.,Грабина
с.,Лабач
с.,Рижани
с.,Соколя
с.,Будиголош
с.,Волиця-Деревлянська
с.,Грабова
с.,Забрід
с.,Маращанка
с.,Сторонибаби
с.,Топорів
с.,Горбачі
с.,Гута
с.,Заболото
с.,Леньків
с.,Лісове
с.,Тур'я
с.,Бажани
с.,Бачка
с.,Гутисько-Тур'янське
с.,Лісове
с.,Утішків
с.,Чаниж
с.,Лісове
с.,Стовпин
с.,Яблунівка
с.,Рокитне
м.,Городок
м.,Комарно
смт,Великий Любінь
с.,Бірче
с.,Косівець
с.,Малий Любінь
с.,Піски
с.,Чуловичі
с.,Нове Село
с.,Березець
с.,Бартатів
с.,Воля-Бартатівська
с.,Братковичі
с.,Бучали
с.,Катериничі
с.,Литовка
с.,Вишня
с.,Яремків
с.,Галичани
с.,Дроздовичі
с.,Градівка
с.,Грімне
с.,Добряни
с.,Бар
с.,Милятин
с.,Підмогилка
с.,Долиняни
с.,Вовчухи
с.,Годвишня
с.,Дубаневичі
с.,Завидовичі
с.,Залужани
с.,Зашковичі
с.,Мальованка
с.,Поріччя Задвірне
с.,Поріччя
с.,Поріччя-Грунтове
с.,Керниця
с.,Артищів
с.,Велика Калинка
с.,Любовичі
с.,Мавковичі
с.,Кліцько
с.,Андріянів
с.,Заболоття
с.,Якимчиці
с.,Коропуж
с.,Романівка
с.,Хишевичі
с.,Мильчиці
с.,Зелений Гай
с.,Побережне
с.,Путятичі
с.,Монастирець
с.,Мости
с.,Поляна
с.,Тершаків
с.,Мшана
с.,Переможне
с.,Повітно
с.,Заверешиця
с.,Залужжя
с.,Зушиці
с.,Підзвіринець
с.,Грабине
с.,Лівчиці
с.,Речичани
с.,Лісновичі
с.,Родатичі
с.,Молошки
с.,Суховоля
с.,Татаринів
с.,Паланики
с.,Тулиголове
с.,Угри
с.,Стоділки
с.,Черляни
с.,"Черлянське
Передмістя"
с.,Шоломиничі
с.,Тучапи
смт,Меденичі
смт,Підбуж
с.,Сторона
с.,Болехівці
с.,Нове Село
с.,Брониця
с.,Бистриця
с.,Биків
с.,Глинне
с.,Новошичі
с.,Ортиничі
с.,Бистриця
с.,Верхні Гаї
с.,Верхній Дорожів
с.,Волоща
с.,Воля Якубова
с.,Вороблевичі
с.,Нижні Гаї
с.,Бійничі
с.,Грушів
с.,Зади
с.,Тинів
с.,Дережичі
с.,"Монастир-
Дережицький"
с.,Добрівляни
с.,Доброгостів
с.,Бистрий
с.,Довге
с.,Залокоть
с.,Довге
с.,Нагуєвичі
с.,Долішній Лужок
с.,Летня
с.,Коросниця
с.,Рівне
с.,Літиня
с.,Городківка
с.,Лішня
с.,"Монастир-
Лішнянський"
с.,Модричі
с.,Медвежа
с.,Новий Кропивник
с.,Гута
с.,Перепростиня
с.,Підсухе
с.,Опака
с.,Опори
с.,Попелі
с.,Почаєвичі
с.,Раневичі
с.,Ролів
с.,Рихтичі
с.,Хатки
с.,Ріпчиці
с.,Майдан
с.,Рибник
с.,Смільна
с.,Жданівка
с.,Снятинка
с.,Залужани
с.,Старе Село
с.,Солонське
с.,Далява
с.,Станиля
с.,Старий Кропивник
с.,Ступниця
с.,Котоване
с.,Селець
с.,Уличне
с.,Унятичі
с.,Уріж
с.,Винники
с.,Мокряни
с.,Підмонастирок
с.,Ясениця-Сільна
с.,Михайлевичі
м.,Жидачів
м.,Ходорів
с-ще,Гніздичів
с.,Королівка
с.,Покрівці
смт,Журавно
с.,Новошини
смт,Нові Стрілища
с.,Лінія
с.,Старі Стрілища
с.,Баківці
с.,Закривець
с.,Квітневе
с.,Репехів
с.,Трибоківці
с.,Бережниця
с.,Журавків
с.,Заболотівці
с.,Загурщина
с.,Рогізно
с.,Бортники
с.,Буковина
с.,Демидів
с.,Молотів
с.,Вербиця
с.,Вовчатичі
с.,Садки
с.,Сугрів
с.,Вибранівка
с.,Березина
с.,Борусів
с.,Бринці-Загірні
с.,Бринці-Церковні
с.,Чижичі
с.,Грусятичі
с.,Ліщини
с.,Дев'ятники
с.,Калинівка
с.,Прибілля
с.,Юшківці
с.,Жирова
с.,Бородчиці
с.,Городище
с.,Заліски
с.,Загірочко
с.,Добрівляни
с.,Заріччя
с.,Дем'янка-Лісна
с.,"Дем'янка-
Наддністрянська"
с.,Межиріччя
с.,Зарічне
с.,Демівка
с.,Корчівка
с.,Лисків
с.,Романівка
с.,Кнісело
с.,Бертишів
с.,Орішківці
с.,Лівчиці
с.,Любша
с.,Антонівка
с.,Мазурівка
с.,Мельнич
с.,Буянів
с.,Лютинка
с.,Млиниська
с.,Голешів
с.,Лапшин
с.,Смогів
с.,Молодинче
с.,Новосільці
с.,Підліски
с.,Черемхів
с.,Монастирець
с.,Которини
с.,Протеси
с.,Старе Село
с.,Облазниця
с.,Воля-Облазницька
с.,Дунаєць
с.,Жирівське
с.,Корнелівка
с.,Махлинець
с.,Нове Село
с.,Вільхівці
с.,Волиця-Гніздичівська
с.,Іванівці
с.,Пчани
с.,Тейсарів
с.,Туради
с.,Отиневичі
с.,Городищенське
с.,Дуліби
с.,Піддністряни
с.,Кам'яне
с.,Рудківці
с.,Володимирці
с.,Заграбівка
с.,Маринка
с.,Подорожнє
с.,Руда
с.,Ганнівці
с.,Сидорівка
с.,Крехів
с.,Сулятичі
с.,Соколівка
с.,Кологори
с.,П'ятничани
с.,Сенів
с.,Ходорківці
с.,Чорний Острів
с.,Бориничі
с.,Голдовичі
с.,Дроховичі
с.,Лучани
с.,Чертіж
с.,Дубравка
с.,Тернавка
м.,Золочів
м.,Глиняни
с.,Женів
смт,Поморяни
с.,Богутин
с.,Загора
с.,Кульби
с.,Надільне
с.,Торгів
с.,Білий Камінь
с.,Бужок
с.,Гавареччина
с.,Підлисся
с.,Розваж
с.,Черемошня
с.,Бібщани
с.,Нестюки
с.,Бортків
с.,Мала Вільшанка
с.,Скнилів
с.,Велика Вільшаниця
с.,Гологірки
с.,Стінка
с.,Трудовач
с.,Великий Полюхів
с.,Вороняки
с.,Заставне
с.,Вижняни
с.,Розворяни
с.,Гологори
с.,Зашків
с.,Лісові
с.,Майдан-Гологірський
с.,Гончарівка
с.,Єлиховичі
с.,Городилів
с.,Зозулі
с.,Копані
с.,Луг
с.,Монастирок
с.,Обертасів
с.,Жуків
с.,Роздоріжне
с.,Кропивна
с.,Княже
с.,Колтів
с.,Верхобуж
с.,Кругів
с.,Коропець
с.,Куровичі
с.,Печенія
с.,Солова
с.,Новосілки
с.,Митулин
с.,Руда-Колтівська
с.,Опаки
с.,Хмелева
с.,Перегноїв
с.,Кривичі
с.,Підгайчики
с.,Косичі
с.,Погорільці
с.,Туркотин
с.,Шопки
с.,Підгородне
с.,Підлипці
с.,Дерев'янки
с.,Кам'янисте
с.,Новоселище
с.,Осовиця
с.,Плугів
с.,Руда
с.,Тростянець
с.,Поляни
с.,Красносільці
с.,Махнівці
с.,Чижів
с.,Почапи
с.,Жуличі
с.,Ремезівці
с.,Підгір'я
с.,Сасів
с.,Бір
с.,Гутище
с.,Папірня
с.,Пісок
с.,Побіч
с.,Ушня
с.,Грабово
с.,Хомець
с.,Скварява
с.,Стадня
с.,Словіта
с.,Мазів
с.,Якторів
с.,Сновичі
с.,Коропчик
с.,Струтин
с.,Зарваниця
с.,Золочівка
с.,Козаки
с.,Лука
с.,Кобилеччина
с.,Кийків
с.,Червоне
с.,Шпиколоси
с.,Ясенівці
с.,Бонишин
с.,Залісся
с.,Хильчиці
м.,Кам'янка-Бузька
с.,Забужжя
с.,Тадані
смт,Добротвір
смт,Запитів
смт,Новий Яричів
с.,Банюнин
с.,Батятичі
с.,Липники
с.,Велике Колодно
с.,Новий Став
с.,Печихвости
с.,Честині
с.,Великосілки
с.,Малі Нагірці
с.,Нова Лодина
с.,Соколів
с.,Вирів
с.,Горпин
с.,Якимів
с.,Дідилів
с.,Великі Підліски
с.,Хренів
с.,Дернів
с.,Дальнич
с.,Сапіжанка
с.,Товмач
с.,Желдець
с.,Верени
с.,Високофедорівка
с.,Воля-Жовтанецька
с.,Красічин
с.,Мазярка
с.,Сокіл
с.,Жовтанці
с.,Вихопні
с.,Грабовець
с.,Колоденці
с.,Ставники
с.,Зубів Міст
с.,Грушка
с.,Обидів
с.,Ягідня
с.,Незнанів
с.,Гряда
с.,Мазарня-Каранська
с.,Неслухів
с.,Полонична
с.,Прибужани
с.,Гайок
с.,Руда
с.,Руда-Сілецька
с.,Ременів
с.,Вислобоки
с.,Сілець
с.,Долини
с.,Перекалки
с.,Тартак
с.,Тичок
с.,Старий Добротвір
с.,Долини
с.,Козаки
с.,Кошаковські
с.,Маїки
с.,Матяші
с.,Рогалі
с.,Рокети
с.,Стриганка
с.,Тишиця
с.,Старий Яричів
с.,Кукезів
с.,Руданці
с.,Цеперів
с.,Стрептів
с.,Деревляни
с.,Спас
с.,Ямне
с.,Убині
м.,Мостиська
м.,Судова Вишня
с.,Арламівська Воля
с.,Баличі
с.,Великі Новосілки
с.,Малі Новосілки
с.,Хатки
с.,Берегове
с.,Заріччя
с.,Королин
с.,Пісок
с.,Годині
с.,Гостинцеве
с.,Завада
с.,Підгать
с.,Гусаків
с.,Боєвичі
с.,Гориславичі
с.,Радохинці
с.,Дидятичі
с.,Велика Діброва
с.,Вовчищовичі
с.,Кульматичі
с.,Мала Діброва
с.,Дмитровичі
с.,Волостків
с.,Загороди
с.,Заріччя
с.,Довгомостиська
с.,Бортятин
с.,Княжий Міст
с.,Новосільці
с.,Зав'язанці
с.,Княгиничі
с.,Костильники
с.,Кропильники
с.,Ніговичі
с.,Солтиси
с.,Топільниця
с.,Золотковичі
с.,Боляновичі
с.,Іорданівка
с.,Мочеради
с.,Крукеничі
с.,Воля-Садківська
с.,Острожець
с.,Крисовичі
с.,Нагірне
с.,Чишки
с.,Липники
с.,Добощівка
с.,Стрілецьке
с.,Малі Мокряни
с.,Берці
с.,Великі Мокряни
с.,Макунів
с.,Шишоровичі
с.,Малнівська Воля
с.,Мартини
с.,Петики
с.,Пихи
с.,Рожаки
с.,Малнів
с.,Дубинки
с.,Загорби
с.,Мазури
с.,Мелешки
с.,Мостиська Другі
с.,Мишлятичі
с.,Ганьковичі
с.,Конюшки
с.,Липки
с.,Тамановичі
с.,Толуковичі
с.,Підліски
с.,Вишенька
с.,Пнікут
с.,Буховичі
с.,Поповичі
с.,Плешевичі
с.,Циків
с.,Раденичі
с.,Хатки
с.,Чижевичі
с.,Соколя
с.,Качмарі
с.,Колодка
с.,Корчунок
с.,Крив'яки
с.,Максимці
с.,Стоянці
с.,Мистичі
с.,Санники
с.,Твіржа
с.,Вуйковичі
с.,Завадів
с.,Слабаш
с.,Хоросниця
с.,Тщенець
с.,Волиця
с.,Черневе
с.,Заверхи
с.,Старява
с.,Шегині
с.,Биків
с.,Буців
с.,Хлиплі
с.,Судковичі
с.,Ятвяги
с.,Хідновичі
с.,Боратичі
с.,Тишковичі
м.,Жовква
м.,Дубляни
с.,Малі Підліски
с.,Ситихів
м.,Рава-Руська
смт,Куликів
с.,Великий Дорошів
с.,Костеїв
с.,Малий Дорошів
с.,Мервичі
смт,Магерів
с.,Бірки
с.,Велике Передмістя
с.,Артасів
с.,Могиляни
с.,Боянець
с.,Верини
с.,Лісове
с.,Підріка
с.,Бишків
с.,Боброїди
с.,Бучми
с.,Кулиничі
с.,Лущики
с.,Миляво
с.,Пирятин
с.,Воля-Висоцька
с.,Завади
с.,Волиця
с.,Гійче
с.,Глинськ
с.,Великі Грибовичі
с.,Збиранка
с.,Малі Грибовичі
с.,Гряда
с.,Воля-Гомулецька
с.,Дев'ятир
с.,Вільшанка
с.,Капелюх
с.,Ковалі
с.,Лосини
с.,Сорочі Лози
с.,Чорнії
с.,Деревня
с.,Добросин
с.,Зарище
с.,Качмарі
с.,Пили
с.,Піддеревенка
с.,Забір'я
с.,Синьковичі
с.,Замок
с.,Монастирок
с.,Замочок
с.,Борові
с.,Галасі
с.,Діброва
с.,Кропи
с.,Сороки
с.,Школярі
с.,Зашків
с.,Завадів
с.,Зарудці
с.,Кам'яна Гора
с.,Крехів
с.,Козулька
с.,Крута Долина
с.,Майдан
с.,Папірня
с.,Руда-Крехівська
с.,Фійна
с.,Кулява
с.,Кунин
с.,Бір-Кунинський
с.,Гринчуки
с.,Цитуля
с.,Хитрейки
с.,Купичволя
с.,Лавриків
с.,Бабії
с.,Віхті
с.,Городжів
с.,Кіпті
с.,Мавдрики
с.,Окопи
с.,Панчищини
с.,Липник
с.,Голокам'янка
с.,Дубрівка
с.,Загір'я
с.,Йоничі
с.,Лужки
с.,Луцики
с.,Малий
с.,Помлинів
с.,Равське
с.,Старе Село
с.,Любеля
с.,Бесіди
с.,Забрід
с.,Залози
с.,Казумин
с.,Соснина
с.,Малехів
с.,Мацошин
с.,Мокротин
с.,Відродження
с.,Копанка
с.,Тернів
с.,Поляни
с.,Надичі
с.,Віднів
с.,Гребінці
с.,Звертів
с.,Кошелів
с.,Нове Село
с.,Стронятин
с.,Сулимів
с.,Нова Кам'янка
с.,Березина
с.,Буди
с.,Думи
с.,Криве
с.,Мощана
с.,Оліярники
с.,Пільце
с.,Нова Скварява
с.,Липники
с.,Зіболки
с.,Блищиводи
с.,Великі Передримихи
с.,Гори
с.,Дернівка
с.,Малі Передримихи
с.,Нагірці
с.,Чистопілля
с.,Погарисько
с.,Думичі
с.,Підлісся
с.,Зубейки
с.,Думичі
с.,Потелич
с.,Борове
с.,Великі Долини
с.,Гіркани
с.,Гірки
с.,Горяни
с.,Зелена Гута
с.,Клебани
с.,Луг
с.,Малі Долини
с.,Ниви
с.,Гута Обединська
с.,Річки
с.,Рата
с.,Шабельня
с.,Смереків
с.,Перемивки
с.,Сопошин
с.,Стара Скварява
с.,Туринка
с.,В'язова
с.,Оплітна
с.,Руда
с.,Сарнівка
м.,Миколаїв
с.,Заклад
с-ще,Липівка
м.,Новий Розділ
смт,Розділ
с.,Берездівці
с.,Гранки-Кути
с.,Березина
с.,Більче
с.,Болоня
с.,Бродки
с.,Глухівець
с.,Луб'яна
с.,Суха Долина
с.,Тростянець
с.,Велика Горожанна
с.,Підлісся
с.,Трудове
с.,Верин
с.,Дроговиж
с.,Устя
с.,Гонятичі
с.,Вербіж
с.,Кагуїв
с.,Павуки
с.,Ричагів
с.,Горішнє
с.,Долішнє
с.,Гірське
с.,Липиці
с.,Держів
с.,Острів
с.,Демня
с.,Київець
с.,Колодруби
с.,Повергів
с.,Красів
с.,Поляна
с.,Криниця
с.,Крупське
с.,Новосілки-Опарські
с.,Листв'яний
с.,Мала Горожанна
с.,Сайків
с.,Пісочна
с.,Надітичі
с.,Черниця
с.,Раделичі
с.,Розвадів
с.,Рудники
с.,Станківці
с.,Підгірці
с.,Тужанівці
с.,Стільсько
с.,Велика Воля
с.,Дуброва
с.,Ілів
с.,Мала Воля
с.,Тернопілля
с.,Добряни
м.,Перемишляни
м.,Бібрка
с.,Шпильчина
с.,Бачів
с.,Біле
с.,Новосілки
с.,Хомина
с.,Добряничі
с.,Плоска
с.,Тучне
с.,Болотня
с.,Заставки-Яблунів
с.,Рівна
с.,Рубче
с.,Борщів
с.,Виписки
с.,Ладанці
с.,Пнятин
с.,Брюховичі
с.,Білка
с.,Костенів
с.,Великі Глібовичі
с.,Волощина
с.,Підмонастир
с.,Вишнівчик
с.,Камінна
с.,Лонівка
с.,Плеників
с.,Вовків
с.,Брикун
с.,Малий Полюхів
с.,Мерещів
с.,Плетеничі
с.,Дунаїв
с.,Курний
с.,Підсмереки
с.,Смереківка
с.,Тернівка
с.,Дусанів
с.,Іванівка
с.,Кореличі
с.,Прибинь
с.,Коросне
с.,Затемне
с.,Унів
с.,Сивороги
с.,Лагодів
с.,Лани
с.,Благодатівка
с.,Гончарів
с.,Любешка
с.,Сірники
с.,Липівці
с.,Лоні
с.,Осталовичі
с.,Розсохи
с.,Утіховичі
с.,Подусів
с.,Подусільна
с.,Романів
с.,Підгородище
с.,Під'ярків
с.,Селиська
с.,Свірж
с.,Глібовичі
с.,Грабник
с.,Задубина
с.,Копань
с.,Мивсева
с.,Підвисоке
с.,Станимир
с.,Ганачівка
с.,Стрілки
с.,Вілявче
с.,Волове
с.,Малі Ланки
с.,Мостище
с.,Стоки
с.,Суходіл
с.,Вільховець
с.,Лопушна
с.,Ушковичі
с.,Кимир
с.,Неділиська
с.,Чуперносів
с.,Чемеринці
с.,Гуральня
с.,Кузубатиця
с.,Кучерівка
м.,Пустомити
с.,Наварія
смт,Щирець
с.,Дуб'янка
с.,Одиноке
с.,Сердиця
с.,Шуфраганка
с.,Борщовичі
с.,Верхня Білка
с.,Нижня Білка
с.,Сухоріччя
с.,Виннички
с.,Гончари
с.,Дмитровичі
с.,Зимна Вода
с.,Вовків
с.,Грабник
с.,Загір'я
с.,Кугаїв
с.,Селисько
с.,Товщів
с.,Гамаліївка
с.,Годовиця
с.,Басівка
с.,Гуменець
с.,Лани
с.,Давидів
с.,Черепин
с.,Дмитре
с.,Горбачі
с.,Попеляни
с.,Черкаси
с.,Жирівка
с.,Ков'ярі
с.,Милятичі
с.,Звенигород
с.,Відники
с.,Гринів
с.,Коцурів
с.,Шоломинь
с.,Зубра
с.,Горішній
с.,Конопниця
с.,Кротошин
с.,Лапаївка
с.,Холодновідка
с.,Лисиничі
с.,Підбірці
с.,Миклашів
с.,Підгірне
с.,Містки
с.,Диб'янки
с.,Малинівка
с.,Полянка
с.,Миколаїв
с.,Гаї
с.,Городиславичі
с.,Підсоснів
с.,Соколівка
с.,Льопи
с.,Никонковичі
с.,Сороки
с.,Яструбків
с.,Оброшине
с.,Пришляки
с.,Пасіки-Зубрицькі
с.,Пикуловичі
с.,Підберізці
с.,Піски
с.,Поршна
с.,Липники
с.,Підсадки
с.,Раковець
с.,Деревач
с.,Новосілка
с.,Підтемне
с.,Хоросно
с.,Семенівка
с.,Береги
с.,Віняви
с.,Милошевичі
с.,Скнилів
с.,Сокільники
с.,Солонка
с.,Малечковичі
с.,Нагоряни
с.,Сороки-Львівські
с.,Муроване
с.,Ставчани
с.,Дібрівки
с.,Підгайці
с.,Старе Село
с.,Будьків
с.,Чорнушовичі
с.,Журавники
с.,Тарасівка
с.,Чижиків
с.,Глуховичі
с.,Чишки
с.,Бережани
с.,Волиця
с.,Соснівка
с.,Ямпіль
с.,Кам'янопіль
м.,Радехів
с.,Кути
смт,Лопатин
с.,Барилів
с.,Березівка
с.,Бебехи
с.,Грицеволя
с.,Новоставці
с.,Підмонастирок
с.,Бишів
с.,Забава
с.,Ордів
с.,Торки
с.,Дмитрів
с.,Завидче
с.,Корчин
с.,Волиця
с.,Гоголів
с.,Радванці
с.,Криве
с.,Куликів
с.,Волиця-Барилова
с.,Корчівка
с.,Кустин
с.,Батиїв
с.,Руденко
с.,Немилів
с.,Нивиці
с.,Пустельники
с.,Старий Майдан
с.,Трійця
с.,Миколаїв
с.,Адамівка
с.,Стирківці
с.,Новий Витків
с.,Оглядів
с.,Гута-Скляна
с.,Дубини
с.,"Монастирок-
Оглядівський"
с.,Опліцько
с.,Павлів
с.,Пиратин
с.,Поздимир
с.,Полове
с.,Йосипівка
с.,Розжалів
с.,Андріївка
с.,Синьків
с.,Середпільці
с.,Мукані
с.,Сморжів
с.,Романівка
с.,Щуровичі
с.,Станин
с.,Стоянів
с.,Збоївська
с.,Стремільче
с.,Загатка
с.,Сушно
с.,Обортів
с.,Тоболів
с.,Тетевчиці
с.,Сабанівка
с.,Увин
с.,Вузлове
с.,Бабичі
с.,Нестаничі
с.,Раковище
с.,Шайноги
с.,Хмільно
с.,Яструбичі
м.,Рудки
смт,Дубляни
м.,Новий Калинів
с.,Бабина
с.,Береги
с.,Пиняни
с.,Бісковичі
с.,Заріччя
с.,Рудня
с.,Блажів
с.,Воля-Блажівська
с.,Волянка
с.,Звір
с.,Велика Білина
с.,Велика Хвороща
с.,Мала Білина
с.,Велика Озимина
с.,Мала Озимина
с.,Верхівці
с.,Рогізно
с.,Воля-Баранецька
с.,Баранівці
с.,Берестяни
с.,Волиця
с.,Копань
с.,Красниця
с.,Малі Баранівці
с.,Міжгайці
с.,Вощанці
с.,Канафости
с.,Воютичі
с.,Заріччя
с.,Язи
с.,Викоти
с.,Гординя
с.,Городище
с.,Сіде
с.,Калинів
с.,Кружики
с.,Корналовичі
с.,Корничі
с.,Бірчиці
с.,Нові Бірчиці
с.,Кульчиці
с.,Купновичі
с.,Ваньковичі
с.,Нижнє
с.,Луки
с.,Загір'я
с.,Острів
с.,Чернихів
с.,Містковичі
с.,Зарайське
с.,Климівщина
с.,Ковиничі
с.,Михайлевичі
с.,Вістовичі
с.,Шептичі
с.,Монастирець
с.,Лопушно
с.,Лукавиця
с.,Мала Спринька
с.,Сприня
с.,Никловичі
с.,Загір'я
с.,Орховичі
с.,Лука
с.,Залужани
с.,Майнич
с.,Мала Хвороща
с.,Вільшаник
с.,Глибоч
с.,Трояни
с.,Черхава
с.,Погірці
с.,Конюшки-Королівські
с.,"Конюшки-
Тулиголівські"
с.,Круковець
с.,Новий Острів
с.,Підгайчики
с.,П'яновичі
с.,Лановичі
с.,Максимовичі
с.,Тарава
с.,Роздільне
с.,Ралівка
с.,Задністря
с.,Нагірне
с.,Хатки
с.,Садковичі
с.,Вербівка
с.,Владипіль
с.,Колонія
с.,Мала Вербівка
с.,Стрілковичі
с.,Білоки
с.,Ваньовичі
с.,Дубрівка
с.,Сусолів
с.,Задністряни
с.,Малинів
с.,Подільці
с.,Новосілки-Гостинні
с.,Долобів
с.,Хлопчиці
с.,Чайковичі
с.,Колбаєвичі
с.,Чуква
с.,Бережниця
с.,Млин
м.,Сколе
с-ще,Верхнє Синьовидне
с.,Дубина
с.,Межиброди
смт,Славське
с.,Грабовець
с.,Верхнячка
с.,Волосянка
с.,Хащованя
с.,Ялинкувате
с.,Головецько
с.,Пшонець
с.,Гребенів
с.,Довжки
с.,Криве
с.,Жупани
с.,Завадка
с.,Задільське
с.,Кам'янка
с.,Климець
с.,Козьова
с.,Орявчик
с.,Тисовець
с.,Коростів
с.,Корчин
с.,Крушельниця
с.,Лавочне
с.,Тернавка
с.,Либохора
с.,Нижня Рожанка
с.,Верхня Рожанка
с.,Нижнє Синьовидне
с.,Тишівниця
с.,Опорець
с.,Орів
с.,Зимівки
с.,Орява
с.,Погар
с.,Плав'я
с.,Підгородці
с.,Сопіт
с.,Урич
с.,Риків
с.,Росохач
с.,Мита
с.,Сухий Потік
с.,Сможе
с.,Долинівка
с.,Нагірне
с.,Труханів
с.,Побук
с.,Тухля
с.,Тухолька
с.,Хітар
с.,Кальне
с.,Ямельниця
м.,Сокаль
м.,Белз
м.,Великі Мости
с.,Борове
с.,Куличків
м.,Угнів
с.,Заставне
смт,Жвирка
с.,Завишень
с.,Боб'ятин
с.,Лещатів
с.,Бутини
с.,Піддовге
с.,Пристань
с.,Шишаки
с.,Ванів
с.,Глухів
с.,Низи
с.,Волиця
с.,Комарів
с.,Волсвин
с.,Городище
с.,Двірці
с.,Волиця
с.,Заріка
с.,Домашів
с.,Воронів
с.,Діброва
с.,Острівок
с.,Жужеляни
с.,Заболоття
с.,Перемисловичі
с.,Цеблів
с.,Карів
с.,Михайлівка
с.,Піддубне
с.,Княже
с.,Фусів
с.,Шпиколоси
с.,Корчів
с.,Стаївка
с.,Теляж
с.,Ульвівок
с.,Трудолюбівка
с.,Лучиці
с.,Ганівка
с.,Шарпанці
с.,Межиріччя
с.,Бендюга
с.,Муроване
с.,Вербове
с.,Себечів
с.,Варяж
с.,Лубнівка
с.,Лешків
с.,Русин
с.,Острів
с.,Бережне
с.,Борятин
с.,Добрячин
с.,Рудка
с.,Перв'ятичі
с.,Спасів
с.,Опільсько
с.,Бояничі
с.,Гатківка
с.,Забужжя
с.,Конотопи
с.,Переспа
с.,Зубків
с.,Поториця
с.,Велике
с.,Горбків
с.,Хоробрів
с.,Угринів
с.,Ниновичі
с.,Нісмичі
с.,Реклинець
с.,Стремінь
с.,Савчин
с.,Гута
с.,Свитазів
с.,Ільковичі
с.,Равщина
с.,Суховоля
с.,Сілець
с.,Скоморохи
с.,Перетоки
с.,Ромош
с.,Смиків
с.,Бодячів
с.,Залижня
с.,Матів
с.,Стенятин
с.,Роятин
с.,Тартаків
с.,Бірки
с.,Копитів
с.,Романівка
с.,Тудорковичі
с.,Войславичі
с.,Пісочне
с.,Старгород
с.,Шихтарі
с.,Хлівчани
с.,Тяглів
м.,Старий Самбір
м.,Добромиль
м.,Хирів
смт,Нижанковичі
смт,Стара Сіль
с.,Стара Ропа
с.,Тварі
с.,Біличі
с.,Болозів
с.,Нижня Вовча
с.,Боршевичі
с.,Библо
с.,Велика Лінина
с.,Лаврів
с.,Великосілля
с.,Потік
с.,Соснівка
с.,Тиха
с.,Велика Сушиця
с.,Буньковичі
с.,Заріччя
с.,Верхній Лужок
с.,Бусовисько
с.,Волошиново
с.,Росохи
с.,Воля
с.,Головецько
с.,Бабино
с.,Гвоздець
с.,Грозьово
с.,Виців
с.,Грушатичі
с.,Дешичі
с.,Саночани
с.,Чижки
с.,Дроздовичі
с.,Вілюничі
с.,Пацьковичі
с.,Княжпіль
с.,Велике
с.,Кропивник
с.,Мігово
с.,Конів
с.,Товарна
с.,Лютовиська
с.,Биличі
с.,Букова
с.,Ракова
с.,Міженець
с.,Зоротовичі
с.,Стороневичі
с.,Муроване
с.,Березів
с.,Тарнавка
с.,Шумина
с.,Мшанець
с.,Галівка
с.,Плоске
с.,Нове Місто
с.,Боневичі
с.,Городисько
с.,Грабівниця
с.,Комаровичі
с.,Посада-Новоміська
с.,Трушевичі
с.,Передільниця
с.,Підмостичі
с.,Ріп'яна
с.,Дністрик
с.,Смеречка
с.,Скелівка
с.,Глибока
с.,Засадки
с.,Слохині
с.,Городовичі
с.,Поляна
с.,Сливниця
с.,Солянуватка
с.,Губичі
с.,Сусідовичі
с.,Надиби
с.,Старява
с.,Катина
с.,Лопушниця
с.,Страшевичі
с.,Кобло
с.,Созань
с.,Стрілки
с.,Лопушанка-Хомина
с.,Стрільбичі
с.,Терло
с.,Максимівка
с.,Тернава
с.,Поляна
с.,П'ятниця
с.,Рожеве
с.,Тершів
с.,Завадка
с.,Спас
с.,Сушиця
с.,Тисовиця
с.,Топільниця
с.,Недільна
с.,Торчиновичі
с.,Бачина
с.,Морозовичі
с.,Торгановичі
с.,Тур'є
с.,Чаплі
с.,Гуманець
с.,Іванів
с.,Павлівка
с.,Райнова
с.,Ясениця-Замкова
с.,Велика Волосянка
м.,Моршин
смт,Дашава
с.,Гайдучина
с.,Олексичі
с.,Щасливе
с.,Братківці
с.,Вівня
с.,Воля-Задеревацька
с.,Задеревач
с.,Гірне
с.,Голобутів
с.,Грабовець
с.,Великі Дідушичі
с.,Малі Дідушичі
с.,Угільня
с.,Добрівляни
с.,Добряни
с.,Довголука
с.,Воля-Довголуцька
с.,Долішнє
с.,Верхня Лукавиця
с.,Горішнє
с.,Нижня Лукавиця
с.,Смоляний
с.,Дуліби
с.,Жулин
с.,Завадів
с.,Загірне
с.,Кавське
с.,Конюхів
с.,Колодниця
с.,Ланівка
с.,Лисятичі
с.,Кути
с.,Луг
с.,Пукеничі
с.,Лисовичі
с.,Баня Лисовицька
с.,Любинці
с.,Хромогорб
с.,Миртюки
с.,Слобідка
с.,Монастирець
с.,Нежухів
с.,Райлів
с.,Нижня Стинава
с.,Підгірці
с.,Верчани
с.,Комарів
с.,Ярушичі
с.,Подорожнє
с.,Зарічне
с.,Лани-Соколівські
с.,П'ятничани
с.,Розгірче
с.,Семигинів
с.,Станків
с.,Довге
с.,Пила
с.,Фалиш
с.,Стрілків
с.,Бережниця
с.,Лотатники
с.,Стриганці
с.,Верхня Стинава
с.,Сихів
с.,Ходовичі
с.,Піщани
с.,Угерсько
с.,Діброва
с.,Заплатин
с.,Йосиповичі
м.,Турка
смт,Бориня
с.,Бітля
с.,Сигловате
с.,Боберка
с.,Дністрик-Дубовий
с.,Верхнє Висоцьке
с.,Верхнє Гусне
с.,Нижнє Гусне
с.,Верхнє
с.,Нижнє
с.,Яворів
с.,Верхня Яблунька
с.,Головське
с.,Зубриця
с.,Кринтята
с.,Завадівка
с.,Лосинець
с.,Мельничне
с.,Ясенка-Стецьова
с.,Ільник
с.,Закіпці
с.,Ліктів
с.,Радич
с.,Ісаї
с.,Карпатське
с.,Комарники
с.,Буковинка
с.,Закичера
с.,Зворець
с.,Красне
с.,Кривка
с.,Івашківці
с.,Ластівка
с.,Коритище
с.,Свидник
с.,Либохора
с.,Лімна
с.,Бережок
с.,Жукотин
с.,Риків
с.,Багнувате
с.,Межигір'я
с.,Мохнате
с.,Матків
с.,Нижнє Висоцьке
с.,Заріччя
с.,Ропавське
с.,Штуковець
с.,Яблунів
с.,Нижній Турів
с.,Верхній Турів
с.,Нижня Яблунька
с.,Присліп
с.,Розлуч
с.,Вовче
с.,Сянки
с.,Біньова
с.,Хащів
с.,Лопушанка
с.,Шандровець
с.,Шум'яч
с.,Явора
с.,Мала Волосянка
с.,Стоділка
с.,Ясениця
с.,Кіндратів
м.,Яворів
м.,Новояворівськ
с.,Когути
с.,Стені
смт,Івано-Франкове
с.,Верещиця
с.,Лелехівка
смт,Краковець
с.,Брожки
с.,Глиниці
с.,Мор'янці
с.,Передвір'я
смт,Немирів
с.,Великі Макари
с.,Воля
с.,Руда
с.,Салаші
с.,Середина
с.,Слободяки
с.,Шаварі
смт,Шкло
с.,Солиги
с.,Стадники
с.,Бердихів
с.,Молошковичі
с.,Підлуби
с.,Бірки
с.,Рокитне
с.,Бунів
с.,Іваники
с.,Великополе
с.,Затока
с.,Вербляни
с.,Гораєць
с.,Дацьки
с.,Дебрі
с.,Калитяки
с.,Коти
с.,Пазиняки
с.,Пісоцький
с.,Хляни
с.,Ціпівки
с.,Віжомля
с.,Глинець
с.,Новосілки
с.,Чорнокунці
с.,Щиглі
с.,Вороців
с.,Карачинів
с.,Паланки
с.,Солуки
с.,Добростани
с.,Воля-Добростанська
с.,Качмарі
с.,Кертинів
с.,Домажир
с.,Жорниська
с.,Зелів
с.,Кожичі
с.,Дрогомишль
с.,Грушів
с.,Липовець
с.,Лужки
с.,Завадів
с.,Колониці
с.,Поруби
с.,Щеплоти
с.,Залужжя
с.,Бориси
с.,Вахули
с.,Ковалі
с.,Новий Яр
с.,Новини
с.,Старий Яр
с.,Цетуля
с.,Калинівка
с.,Поруденко
с.,Шутова
с.,Кам'янобрід
с.,Лозино
с.,Великі Гори
с.,Верхутка
с.,Дубровиця
с.,Середній Горб
с.,Ставки
с.,Турича
с.,Мальчиці
с.,Мужиловичі
с.,Нагачів
с.,Липина
с.,Семирівка
с.,Наконечне Друге
с.,Наконечне Перше
с.,Поріччя
с.,Страдч
с.,Ямельня
с.,Прилбичі
с.,Рогізно
с.,Дернаки
с.,Оселя
с.,Черчик
с.,Рясне-Руське
с.,Підрясне
с.,Сарни
с.,Воля Любинська
с.,Любині
с.,Мельники
с.,Роснівка
с.,Свидниця
с.,Вовча Гора
с.,Коханівка
с.,Руда-Краковецька
с.,Божа Воля
с.,Середкевичі
с.,Висіч
с.,Зарубани
с.,Принада
с.,Смолин
с.,Війтівщина
с.,Вороблячин
с.,Карпи
с.,Луг
с.,Рішин
с.,Сопіт
с.,Старичі
с.,Воля-Старицька
с.,Терновиця
с.,Ліс
с.,Рулево
с.,Чолгині
с.,Чернилява
с.,Лісок
с.,Ясниська
с.,Буда
с.,Діброва
с.,Задебрі
с.,Лісопотік
с.,Озерське
с.,Рожанка
с.,Кути
с.,Дзюньки
с.,Лужок
с.,Заглина
с.,Ванюрі
с.,Іванці
с.,Підкамінна Гора
с.,Забава
с.,Монастир
с.,Білани
с.,Бакали
с.,Сали
с.,Геруси
с.,Пурицьке
с.,Гайовий
с.,Гончарі
с.,Жигайли
с.,Застава
с.,Підгора
с.,Стадницькі
с.,Степини
с.,Воронівка
с.,Багно
с.,Федірки
с.,Селець
с.,Долина
с.,Велика Грушка
с.,Мала Грушка
с.,Красичин
с.,Вихопки
с.,Колоденце
с.,Велике Колодне
с.,Великосілка
с.,Хрінів
с.,Новосілка
с.,Шуфраченко
с.,Воля
с.,Бійнич
с.,Диблянки
с.,Холодноводківка
с.,Водяне
с.,Березівка
с.,Границя
с.,Гончарі
с.,Підберезці
м.,Комарне
с.,Івана-Франка
с.,Водники
смт,Медениця
с.,Шоломия
с.,Вовчухів
с.,Порічне
смт,Журавне
с.,Повітне
с.,Жабокряки
с.,Крукениця
с.,Рогізне
с.,Рубанівка
с.,Незабитівка
с.,Піддолини
с.,Ясенів
м.,Нестеров
с.,Верхня Луковиця
с.,Нижня Луковиця
с.,Костиїв
с.,Задеревці
с.,Баня
с.,Мілява
с.,Загірочка
с.,Пиратин
с.,Яблунівка
с.,Глинське
с.,Кочмарі
с.,Галаси
с.,Борова
с.,Вишнівка
с.,Новоукраїнка
с.,Жирове
с.,Першотравневе
с.,Кібті
с.,Малдрики
с.,Пальчишини
с.,Дібрівка
с.,Городище
с.,Островок
с.,Руда
с.,Соснини
с.,Дібрівка
с.,Перемислівці
с.,Цебрівка
с.,Гребенці
с.,Ганнівка
с.,Будокам'янка
с.,Кривокам'янка
с.,Красносілля
с.,Пильнокам'янка
с.,Острівчик-Пільний
с.,Перемога
с.,Баяничі
с.,Честопілля
с.,Доброчин
с.,Крем'янка
с.,Заводський
с.,Березина
с.,Чишків
с.,Селець
с.,Серпівка
с.,Барані Перетоки
с.,Іванусі
с.,Мельники
с.,Іваники
с.,Багно
с.,Бапкан
с.,Ланкове
с.,Вільхове
с.,Матвії
с.,Село
с.,Сохані
с.,Волинське
с.,Бокали
с.,Правда
с.,Дібрівка
с.,Смуги
с.,Верб'яни
м.,Новояворівське
с.,Моранці
с.,Передбір'я
с.,Пазинаки
с.,Хлани
с.,Полянка
с.,Вакули
с.,Старий Ярів
с.,Порудне
с.,Лозина
с.,Семірівка
с.,Рогізне
с.,Червона Воля
с.,Улицько-Середкевичі
с.,Вітивщина
с.,Ришин
с.,Рулеве
с.,Вільшаниця
с.,Мурини
с.,Глухів
с.,Липник
с.,Роси
с.,Гай
с.,Стріхалюки
с.,Оріхівчик
с.,Стибирівка
с.,Гаї-Старобрідські
с.,Висоцьке
с.,Коз'я
с.,Микитюки
с.,Косарчина
с.,Мамчури
с.,Панькові
с.,Бучине
с.,Сталашка
с.,Хмільове
с.,Осичина
с.,Шевченківське
с.,Підлісся
с.,Розваряни
с.,Новосілка
с.,Прогноїв
с.,Ясенівка
с.,Струтинь
с.,Селець
смт,Роздол
с.,Болоні
с.,Глуховець
с.,Велика Горожанка
с.,Веринь
с.,Верхньодорожнє
с.,Мала Горожанка
с.,Пісочне
с.,Стільське
с.,Діброва
м.,Новий Роздол
с.,Мальнівська Воля
с.,Лютків
с.,Зеленогаївка
с.,Міжгір'я
с.,Пирогівка
с.,Лісневичі
с.,Радвани
с.,Мала Солонка
с.,Грушки
с.,Стерківці
с.,Оплицьке
с.,Сеньків
с.,Сушне
с.,Собанівка
с.,Шийноги
с.,Хмільне
с.,Бабине
с.,Рудне
с.,Язів
с.,Конюшки-Семенівські
с.,Лопушна
с.,Озерне
с.,Конюшки-Тулиголови
с.,Мала Вербка
с.,Дібрівка
с.,Ваньковичі
с.,Бережниця Перша
с.,Хащоване
с.,Головецьк
с.,Козеве
с.,Тернівка
с.,Тишивниця
с.,Плаве
с.,Долинівці
с.,Хитар
с.,Островок
с.,Цебрівка
с.,Корчівка
с.,Волошинове
с.,Головецьке
с.,Бабина
с.,Грозова
с.,Міхова
с.,Білич
с.,Ракове
с.,Катине
с.,Кобло-Старе
с.,Стрільбище
с.,Топольниця
с.,Недільня
с.,Верхнє Гусине
с.,Нижнє Гусине
с.,Головеське
с.,Ісаїв
с.,Середа
с.,Явори
с.,Гошани
с.,Моцошин
с.,Погорисько
с.,Добротвір
с.,Конюшки-Семенівські
с.,Мазарня-Коравська
с.,Прилисяни
с.,Косовець
с.,Бортятине
с.,Лісневичі
с.,Мальнів
с.,Мостиська Друга
с.,Питуля
с.,Загірні
с.,Голо-Равське
с.,Підлісне
с.,Погорисько
с.,Перев'ятичі
с.,Великий
с.,Підгородне
с.,Брахів
с.,Липники
с.,Черемишна
с.,Ромаш
с.,Грядка
с.,Бодачів
с.,Боднарі
с.,Дениси
с.,Майбуки
с.,Сідельники
с.,Федорівці
с.,Дружелюбівка
с.,Подільське
с.,Димівка
с.,Рогізна
с.,Биндюга
с.,Дубровка
смт,Івана Франка
с.,Ангелівка
с.,Кобилянщина
м.,Бобрка
с.,Бистриця-Гірська
с.,Гординя Перша
с.,Гординя Друга
с.,Кульчиці Перші
с.,Кульчиці Другі
с.,Біличі
с.,Гнила
с.,Луг-Лисятицький
с.,Луг-Ходовицький
с.,Беньова
с.,Ятвяги
с.,Мармузовичі
с.,Лібухова
с.,Серники
с.,Мазярня-Каранська
с.,Борок
с.,Коросно
с.,Боршів
с-ще,Славсько
м.,Шептицький
с.,Андріївка
