с.,25 жовтня
с.,Євгенівка
с.,Єгорівка
смт,Єланець
с.,Єлизаветівка
с.,Єлизаветівка
с.,Єлизаветівка
с-ще,Єрмолаївка
с.,Єрмолівка
с.,Єфремівка
с.,Івано-Кепине
с.,Івано-Федорівка
с.,Іванівка
с.,Іванівка
с.,Іванівка
с.,Іванівка
с.,Іванівка
с.,Іванівка
с-ще,Іванівка
с.,Іванівка
с.,Іванівка
с-ще,Іванівка
с.,Іванівка
с.,Іванівка
с.,Іванівка
с.,Ізбашівка
с.,Іллічівка
с.,Інгулка
с.,Їжицьке
с.,Агрономія
с.,Адамівка
с.,Акмечетські Ставки
с.,Актове
с.,Анастасівка
с.,Анатолівка
с.,Андре Марті
с.,Андрійчикове
с.,Андрієве
с.,Андрієво-Зорине
с-ще,Андріївка
с.,Андріївка
с.,Андріївка
с.,Андріївка
с.,Анетівка
с.,Антонове
с.,Антонопіль
с.,Антонівка
с.,Антонівка
с.,Антонівка
с.,Антонівка
смт,Арбузинка
с.,Артемівка
с.,Архангельське
с.,Афанасіївка
с.,Багачівка
с.,Бакай
с.,Баланове
с.,Баловне
с-ще,Бандурка
с.,Бандурка
с.,Баратівка
с.,Баратівка
с.,Бармашове
м.,Баштанка
с.,Безводне
с.,Безіменне
смт,Березанка
с.,Березань
смт,Березнегувате
с-ще,Березнегувате
с.,Березнегуватське
с.,Берізки
с.,Бессарабка
с-ще,Благодарівка
с.,Благодатне
с.,Благодатне
с.,Благодатне
с.,Бобрик
с.,Богданівка
с.,Богданівка
с.,Богданівка
с.,Богданівка
с.,Богданівське
с.,Богемка
с.,Богодарівка
с.,Богомази
с.,Богородицьке
с.,Богословка
с.,Болгарка
с.,Болеславчик
с.,Бондарівка
с.,Братолюбівка
смт,Братське
с.,Брід
с.,Бугорок
с-ще,Будьоннівка
с.,Будьонівка
с.,Бузоварове
с.,Бузьке
с.,Бузьке
с.,Бузьке
с.,Бузькі Пороги
с.,Булацелове
с.,Бурилове
с.,Бурханівка
с.,Бурячки
с.,Біла Криниця
с.,Білозірка
с.,Білоусівка
с.,Білоцерківка
с.,Біляєве
с.,Білівка
с.,Вавилове
с.,Варварівка
с.,Варюшине
с-ще,Васильки
с.,Василівка
с.,Василівка
с.,Василівка
с.,Василівка
с.,Василівка
с.,Велика Врадіївка
с.,Велика Мечетня
с.,Велика Солона
с.,Велике Артакове
с.,Великовелідарівка
с.,Великовеселе
с.,Великоолександрівка
с.,Великопілля
с.,Великосербулівка
с.,Великофедорівка
с.,Велідарівка
с.,Вербова Балка
с.,Вербове
с.,Весела Балка
с.,Веселе
с.,Веселе
с.,Веселе
с.,Веселий Гай
с.,Веселий Кут
с.,Веселий Кут
с.,Веселий Лан
с.,Веселий Поділ
с.,Веселий Поділ
с.,Веселий Поділ
с.,Веселий Роздол
с.,Веселий Роздол
смт,Веселинове
с.,Весняна Квітка
с-ще,Весняне
с.,Виноградне
с.,Виноградне
с.,Виноградний Сад
с.,Виноградний Яр
с.,Виноградівка
с.,Виноградівка
с.,Виноградівка
с.,Висока Гора
с.,Висунськ
с-ще,Висунь
с.,Вишневе
с.,Вовче
с-ще,Водник
с.,Водокачка
с.,Водяне
с.,Водяно-Лорине
м.,Вознесенськ
с-ще,Вознесенське
с.,Возсіятське
с.,Вокзал
с.,Волна
с.,Володимиро-Павлівка
с.,Володимирівка
с.,Володимирівка
с.,Володимирівка
с.,Володимирівка
с.,Володимирівка
с.,Воля
с.,Воля
с.,Воля
с.,Воровське
с.,Воронине
с.,Воронцівка
с.,Воронівка
с.,Воронівка
с.,Ворошиловка
смт,Воскресенське
с.,Воєводське
смт,Врадіївка
с.,Вівсянівка
с.,Вікторівка
с.,Вікторівка
с.,Вікторівка
с.,Вільна Поляна
с.,Вільне
с.,Вільне
с.,Вільне Запоріжжя
с.,Вільний Яр
с.,Вітрове
с-ще,Галаганівка
с.,Галаганівка
с.,Галицинове
с.,Гамове
с.,Ганнівка
с.,Ганнівка
с.,Ганнівка
с.,Гаївське
с.,Генівка
с.,Глибоке
с.,Глюгове
с.,Гойдаї
с.,Голоскове
с.,Горожене
с-ще,Горохівка
с.,Горохівське
с.,Горянка
с.,Градівка
с.,Гражданка
с.,Гражданівка
с-ще,Гранітне
с.,Гребеники
с-ще,Грейгове
с.,Гречанівка
с.,Грибоносове
с.,Григорівка
с.,Григорівка
с.,Григорівка
с.,Григорівка
с.,Григорівка
с.,Григорівське
с.,Грушівка
с.,Гуляйгородок
с.,Гуляницьке
с.,Гур'ївка
с.,Дальнє
с.,Данилівка
с.,Дарниця
с.,Дворянка
с.,Димівське
с.,Дмитро-Білівка
с.,Дмитрівка
с.,Дмитрівка
с.,Дмитрівка
с.,Дмитрівка
с.,Дніпровське
с.,Добра Воля
с.,Добра Криниця
с.,Добра Надія
с.,Добра Поляна
с.,Добре
с-ще,Добре
с-ще,Добровільське
с.,Доброжанівка
с.,Доброкам'янка
с.,Добрянка
с.,Довга Пристань
с.,Довжанка
с.,Довженки
смт,Доманівка
с.,Дорошівка
с.,Дружелюбівка
с.,Діброва
с-ще,Дільниче
с-ще,Елеваторне
с-ще,Елеваторне
с.,Женівка
с.,Жовтень
с.,Жовтень
с.,Жовтневе
с.,Жовтневе
с-ще,Жовтневе
с.,Жовтневе
с.,Жовтневе
с.,Жовтневе
с.,Журівка
с.,Забари
с.,Загальна Користь
с.,Зайве
с-ще,Зайчівське
с.,Зарічне
с.,Зарічне
с-ще,Засілля
с.,Захарівка
с.,Зброшкове
с.,Звенигородка
с.,Зелена Левада
с.,Зелена Поляна
с.,Зелене
с.,Зелене
с.,Зелений Гай
с.,Зелений Гай
с.,Зелений Гай
с.,Зелений Гай
с.,Зелений Гай
с.,Зелений Гай
с.,Зелений Клин
с.,Зелений Яр
с.,Зелений Яр
с.,Зелений Яр
с-ще,Зелений Яр
с.,Зелені Кошари
с.,Зимницьке
с.,Златопіль
с-ще,Знам'янка
с.,Зоря
с.,Зоря
с.,Зоря
с.,Зоря
с.,Зоря
с.,Зоряне
с.,Йосипівка
с.,Кавказ
с-ще,Кавуни
смт,Казанка
с-ще,Казанка
с.,Казаринське
с.,Калабатине
с.,Калачеве
с.,Калинівка
с.,Калинівка
с.,Калинівка
с.,Калинівка
с.,Калинівка
с.,Калинівка
с.,Калинівка
с.,Калуга
с.,Кам'яна Балка
с.,Кам'яна Балка
с.,Кам'яна Балка
с.,Кам'яне
с-ще,Кам'яний Міст
с.,Кам'яний Міст
с.,Кам'янка
с.,Кам'янка
с.,Кам'янка
с.,Кам'яно-Костувате
с.,Кам'янопіль
с.,Кам'януватка
с.,Кандибине
с-ще,Капустине
с.,Капітанка
с-ще,Каравелове
с.,Карликівка
с.,Карлівка
с.,Каталине
с.,Катеринка
с.,Катеринівка
с.,Катеринівка
с.,Катеринівка
с.,Каширівка
с.,Кашперо-Миколаївка
с-ще,Квітневе
с.,Кир'яківка
с.,Киселівка
с.,"Києво-
Олександрівське"
с.,Київ
с.,Київське
с.,Київське
с-ще,Климівка
с.,Кобзарці
с.,Коблеве
с.,Ковалівка
с.,Ковалівка
с.,Ковалівка
с.,Козирка
с.,Козлівка
с.,Козубівка
с-ще,Коларівка
с.,Коломіївка
с.,Колос Добра
с.,Колосівка
с.,Комсомольське
с-ще,Комсомольське
с.,Комісарівка
с.,Копані
с-ще,Копані
с.,Копи
с.,Корчине
с.,Костичі
с.,Костомарівка
с.,Костувате
смт,Костянтинівка
с-ще,Костянтинівка
с.,Костянтинівка
с.,Костянтинівка
с.,Костянтинівка
с.,Котляреве
с.,"Котлярово-
Шевченкове"
с.,Котовське
с.,Коштове
с.,Красне
с-ще,Красне Знам'я
с.,Красненьке
с.,Краснопілля
с.,Краснопіль
с.,Красноярка
с.,Краснівка
с.,Кременівка
с.,Крива Балка
с.,Крива Пустош
смт,Криве Озеро
с.,Криве Озеро Друге
с.,Криворучка
с.,Криворіжжя
с.,Кримка
с.,Кринички
с.,Кротівка
с.,Крута Гора
с-ще,Крутоярка
с.,Крутоярка
с.,Кубряки
с.,Кудрявське
смт,Кудрявцівка
с.,Кузнецове
с.,Куйбишеве
с.,Куйбишевка
с.,Куйбишевка
с.,Кумарі
с.,Кумарі
с-ще,Купріянівка
с.,Курячі Лози
с.,Куріпчине
с.,Кутузівка
с.,Куцуруб
с.,Кімівка
с.,Кінецьпіль
с.,Кірове
с.,Кіровка
с.,Лагодівка
с.,Лазарівка
с.,Леніне
с.,Леніне
с.,Ленінка
с.,Лепетиха
с.,Лимани
с.,Лимани
с.,Лиманне
с.,Лиманське
с.,Лиманці
с.,Лиса Гора
с.,Лисянка
с.,Лобріївка
с.,Лозове
с.,Лозуватка
с-ще,Лоцкине
с.,Лоцкине
с.,Луб'янка
с.,Лугове
с.,Лук'янівка
с.,Лук'янівка
с.,Луканівка
с.,Лукашівка
с.,Лупареве
с-ще,Луч
с.,Львів
с.,Любарка
с.,Любимівка
с.,Любине
с.,Люблине
с.,Любомирівка
с.,Любомирівка
с-ще,Любомирівка
с.,Любоіванівка
с-ще,Людмилівка
с.,Лідіївка
с.,Лісове
с-ще,Лісове
с.,Мазурове
с.,Майорівка
с.,Майське
с.,Макарове
с.,Максимівка
с.,Максимівка
с.,Макієве
с.,Мала Багачівка
с.,Мала Врадіївка
с.,Мала Ганнівка
с.,Мала Мечетня
с.,Малахове
с.,Малинівка
с-ще,Маловарварівка
с.,Малодворянка
с.,Маложенівка
с.,Маломихайлівське
с.,Малосербулівка
с.,Малосолоне
с.,Малоукраїнка
с.,Малофедорівка
с.,Маліївка
с.,Манне
с.,Мар'янівка
с.,Мар'янівка
с.,Мар'янівка
с.,Мар'янівка
с.,Мар'ївка
с.,Мар'ївка
с.,Маринівка
с.,Марківка
с-ще,Мартинівське
с.,Мартинівське
с.,Матроно-Василівка
с.,Матросівка
с.,Матіясове
с.,Мефодіївка
с.,Мигія
с-ще,Миколаєве
м.,Миколаїв
с.,Миколаївка
с.,Миколаївка
с.,Миколаївка
с.,Миколаївка
с.,Миколаївка
с.,Миколаївське
с.,Миколо-Гулак
с.,Микільське
с.,Мирне
с.,Мирне
с.,Мирне
с.,Миролюбівка
с.,Миролюбівка
с.,Михайло-Жукове
с.,Михайло-Ларине
с.,Михайлівка
с.,Михайлівка
с.,Михайлівка
с.,Михайлівка
с.,Михайлівка
с.,Михайлівка
с.,Михайлівка
с.,Михайлівка
с.,Михайлівка
с.,Михайлівка
с.,Михайлівка
с.,Михайлівка
с.,Михайлівка
с.,Михалкове
с.,Морозівка
с.,Морське
с.,Мостове
с-ще,Мостове
с.,Мостове
с.,Мостове
с.,Мурахівка
с.,Мічуріне
с.,Мішково-Погорілове
с-ще,Надбузьке
с.,Надеждівка
с.,Незаможне
с-ще,Незаможник
с.,Неудачне
с.,Нечаяне
с.,Нова Висунь
м.,Нова Одеса
с.,Нове
с.,Нове
с.,Нове
с.,Нове Життя
м.,Новий Буг
с.,Новий Городок
с.,Новий Ставок
с.,Новий Степ
с.,Новий Шлях
с.,Новоандріївка
с.,Новоандріївка
с.,Новоантонівка
с.,Новоблакитне
с.,Новобогданівка
с.,Новобілоусівка
с.,Новобірзулівка
с.,Нововасилівка
с.,Нововасилівка
с.,Нововасилівка
с.,Нововасилівка
с.,Нововасилівка
с.,Нововолодимирівка
с.,Нововолодимирівка
с.,Нововолодимирівка
с.,Нововоскресенка
с.,Новогеоргіївка
с.,Новогорожене
с.,Новогригорівка
с.,Новогригорівка
с.,Новогригорівка
с.,Новогригорівка
с.,Новогригорівка
с.,Новогригорівка
с.,Новогригорівка
с.,Новогригорівка
с.,Новогригорівка
с.,Новоданилівка
с-ще,Новоданилівка
с.,Новоданилівка
с.,Новодмитрівка
с.,Новокантакузівка
с.,Новокатеринівка
с.,Новокиївка
с.,Новокондакове
с.,Новокостянтинівка
с.,Новокостянтинівка
с.,Новокрасне
м.,Новокрасівське
с.,Новолазарівка
с.,Новолікарське
с.,Новомар'ївка
с.,Новомар'ївка
с.,Новоматвіївське
с.,Новомиколаївка
с.,Новомиколаївка
с.,Новомиколаївка
с.,Новомиколаївка
с.,Новомиколаївка
с.,Новомиколаївка
с.,Новомиколаївське
с.,Новомирівка
с.,Новомихайлівка
с.,Новомихайлівка
с.,Новомихайлівка
с.,Новомихайлівка
с.,Новомихайлівське
с.,Новоолександрівка
с.,Новоолександрівка
с.,Новоолександрівка
с.,Новоолександрівка
с.,Новоолександрівка
с.,Новоолександрівка
с-ще,Новоолександрівка
с.,Новоолександрівське
с.,Новоолексіївка
с.,Новоолексіївка
с.,Новоочаків
с.,Новопавлівка
с.,Новопавлівка
с.,Новопавлівка
с.,Новопавлівка
с.,Новопавлівка
с.,Новопавлівське
с.,Новопетрівка
с.,Новопетрівка
с.,Новопетрівка
с.,Новопетрівка
с.,Новопетрівка
с.,Новопетрівське
с.,Новоподілля
с.,Новополтавка
с.,Новопристань
с.,Новорозанівка
с.,Новоросійське
с.,Новоруське
с.,Новосафронівка
с.,Новосвітлівка
с.,Новосевастополь
с.,Новоселівка
с.,Новоселівка
с.,Новоселівка
с.,Новоселівка
с.,Новоселівка
с.,Новоселівка
с.,Новоселівка
с.,Новоселівка
с.,Новосеменівка
с.,Новосергіївка
с.,Новосергіївка
с.,Новоскелюватка
с.,Новософіївка
с.,Новосілка
с-ще,Новосілка
с.,Новосілка
с.,Новосілля
с.,Новосілля
с.,Новотимофіївка
с.,Новоукраїнка
с.,Новоукраїнка
с.,Новоукраїнка
с.,Новоукраїнка
с.,Новофедорівка
с.,Новофедорівка
с.,Новофедорівка
с.,Новофонтанка
с.,Новохристофорівка
с.,Новочудневе
с.,Новошмідтівка
с.,Новоюр'ївка
с.,Новоюр'ївка
с.,Новоявленка
с.,Новоєгорівка
с.,Новоіванівка
с.,Новоінгулка
с.,Обухівка
с.,Одрадне
с.,Одрадне
с.,Озеринівка
с.,Озерне
с.,Озерівка
с.,Олександродар
с.,Олександрівка
смт,Олександрівка
с.,Олександрівка
с.,Олександрівка
с.,Олександрівка
с.,Олександрівка
с.,Олександрівка
с.,Олександрівка
с.,Олексіївка
с.,Оленівка
с.,Ольгопіль
смт,Ольшанське
с.,Ониськове
с.,Орлове Поле
с.,Орлівець
с.,Осетрівка
с.,Остапівка
с.,Остапівка
с.,Островське
с.,Острогірське
с.,Острівка
м.,Очаків
с.,Очаківське
с.,Очеретня
с.,П'ятихатки
с.,П'ятихатки
с.,Павло-Мар'янівка
с.,Павлодарівка
с.,Павлівка
с.,Павлівка
с.,Павлівка
с-ще,Пам'ять Комунарів
с.,Панасівка
с.,Панкратове
с.,Партизанське
с.,Парутине
с.,Пархомівка
с.,Пелагіївка
с.,Первенець
м.,Первомайськ
смт,Первомайське
с-ще,Перемога
с.,Пересадівка
с.,Першотравневе
с.,Першотравнівка
с.,Петрово-Висунське
с.,Петрово-Солониха
с.,Петропавлівка
с.,Петропавлівка
с.,Петропавлівка
с.,Петропавлівське
с.,Петрівка
с.,Петрівка
с.,Петрівка
с.,Петрівка
с.,Петрівка
с.,Петрівка Друга
с.,Петрівка Перша
с.,Петрівське
с.,Петрівське
с.,Пилипівка
с.,Пищевиця
с.,Плющівка
с.,Подимове
с.,Подолянка
с.,Поділля
с.,Показне
с.,Покровка
с.,Покровка
с.,Покровка
с.,Покровка
с.,Покровське
с.,Покровське
с.,Покровське
с.,Половинки
с-ще,Полтавка
с.,Полтавка
с.,Поляна
с.,Полянка
с-ще,Полігон
с.,Попільне
с.,Поріччя
с.,Прибужани
с.,Прибужжя
с.,Прибузьке
с.,Прибузьке
с.,Привілля
с.,Привільне
с.,Привільнянське
с.,Пришиб
с.,Прищепівка
с.,Приют
с.,Прогресівка
с.,Промінь
с.,Птиче
с.,Пузирі
с.,Півні
смт,Підгородна
с.,Підгір'я
с.,Підлісне
с.,Піски
с.,Піски
с.,Піщаний Брід
с-ще,Радгоспне
с-ще,Радгоспне
с-ще,Радсад
с-ще,Радісний Сад
с.,Райдолина
с.,Ракове
с.,Рацинська Дача
с.,Рибаківка
с.,Родники
с.,Розанівка
с.,Романова Балка
с.,Романово-Булгакове
с.,Романівка
с.,Романівка
с.,Ропове
с.,Ропів
с.,Ростовець
с.,Рюмівське
с.,Рябоконеве
с.,Рівне
с-ще,Садибне
с.,Садове
с-ще,Садове
с.,Садове
с.,Садове
с.,Сапетня
с.,Свобода
с.,Свято-Троїцьке
с-ще,Святомиколаївка
с-ще,Світла Дача
с.,Світлицьке
с.,Світоч
с.,Себине
с.,Секретарка
с.,Семенівка
с.,Семенівка
с.,Семенівка
с-ще,Семенівка
с.,Сеньчине
с.,Сергіївка
с.,Сергіївка
с.,Сергіївка
с.,Сергіївське
с.,Сила
с.,Симонівка
с.,Синюхин Брід
с.,Сирове
с.,Скобелеве
с.,Скоблик
с.,Сливине
с.,Слобідка
м.,Снігурівка
с.,Сокира
с.,Соколівка
с.,Соколівка
с.,Соколівка
с.,Солдатське
с.,Солончаки
с.,Сонячне
с.,Сорочинка
с.,Софіївка
с.,Софіївка
с.,Ставки
с.,Станційне
с.,Станіславчик
с.,Стара Богданівка
с.,Старогорожене
с.,Староолексіївка
с.,Старосирітське
с.,Старосолдатське
с.,Старі Кошари
с.,Степанівка
с.,Степанівка
с.,Степківка
с-ще,Степова Долина
с.,Степове
с.,Степове
с.,Степове
с.,Степове
с.,Степове
с.,Степове
с.,Степове
с-ще,Степове
с.,Суворе
с.,Суворовка
с.,Суха Балка
с.,Суха Балка
с.,Суха Балка
с.,Сухий Єланець
с.,Суходіл
с.,Суходілля
с.,Сільвестрівське
с.,Таборівка
с.,Тамарине
с.,Тарасівка
с.,Тарасівка
с.,Тарасівка
с.,Тарасівка
с.,Ташине
с.,Тернове
с-ще,Тернові Поди
с.,Тернувате
с.,Тернувате
с.,Тернівка
с.,Тетянівка
с.,Тилігуло-Березанка
с.,Тимофіївка
с.,Токарівка
смт,Токарівка
с.,Тридуби
с.,Трикрати
с.,Трикратне
с.,Трихати
с.,Трихатське
с-ще,Тронка
с.,Трояни
с.,Троянка
с.,Троїцьке
с.,Троїцьке
с.,Троїцько-Сафонове
с.,Трудове
с.,Трудове
с.,Трудолюбівка
с.,Трудолюбівка
с.,Трудолюбівка
с.,Тузли
с.,Турчанів
с-ще,Тімірязєвка
с.,Українець
с.,Українка
с.,Українка
с.,Улянове
с.,Улянівка
с.,Улянівка
с.,Улянівка
с.,Улянівка
с.,Уральське
с.,Урсолівка
с.,Утішне
с-ще,Утішне
с.,Федоро-Михайлівка
с.,Федорівка
с.,Федорівка
с.,Федорівка
с.,Федорівка
с.,Филимонівка
с.,Фрунзе
с.,Христофорівка
с.,Хутір-Петрівка
с.,Царедарівка
с.,Цвіткове
с.,Цвіткове
с-ще,Центральне
с.,Цибульки
с.,Чапаєвка
с.,Чаусове
с.,Чаусове Друге
с-ще,Чемерлієве
с.,Червона Долина
с.,Червона Знам'янка
с.,Червона Зірка
с.,Червона Зірка
с.,Червона Новоселівка
с.,Червона Поляна
с.,Червона Поляна
с.,Червона Українка
с.,Червоне
с.,Червоне
с.,Червоне Парутине
с.,Червоне Поле
с.,Червоний Київ
с-ще,Червоний Орач
с.,Червоний Поділ
с.,Червоний Промінь
с.,Червоний Став
с.,Червоний Став
с.,Червоний Яр
с-ще,Червоноармійське
с.,"Червоноволодимирівк
а"
с.,Червонопілля
с.,Червоні Кошари
с.,Чернігівка
с.,Чернігівка
с.,Чертувате
с-ще,Чорна Лощина
с.,Чорна Лощина
с.,Чорноземка
с.,Чорноморка
с.,Чорталка
с-ще,Чумаки
с.,Шевченко
с.,Шевченко
с.,Шевченко
с.,Шевченко
с.,Шевченко
с.,Шевченко
с.,Шевченко
с.,Шевченко
с.,Шевченко
с.,Шевченко
с.,Шевченкове
с.,Шевченкове
с.,Шевченкове
с.,Шевченкове
с-ще,Широке
с.,Широколанівка
с.,Широкі Криниці
с.,Шкуратове
с.,Шляхове
с.,Шмідтове
с.,Шмідтівка
с.,Шостакове
с.,Штукар
с.,Шурине
с.,Щасливе
с-ще,Щасливе
с.,Щасливка
с.,Щербані
с.,Щербанівське
с.,Щорса
с-ще,Щорсове
с.,Щуцьке
м.,Южноукраїнськ
с.,Юр'ївка
с.,Юр'ївка
с.,Юр'ївка
с.,Яблуня
с.,Явкине
с.,Яковлівка
с.,Яселка
с-ще,Ясна Зоря
с.,Ясна Поляна
с.,Ясна Поляна
с.,Ясна Поляна
с.,Ясна Поляна
с-ще,Ясна Поляна
с.,Ясногородка
с.,Яструбинове
