с.,Євгенівка
с.,Євтодія
с.,Єгорівка
с.,Єлизаветівка
с.,Єлизаветівка
с.,Єлизаветівка
с.,Єлизаветівка
с.,Єлисаветівка
с.,Єреміївка
с.,Єрмішкове
с.,Єфросинівка
с.,Івано-Миколаївка
с.,Іванове
с.,Іванчанка
с.,Іванівка
с.,Іванівка
смт,Іванівка
с.,Іванівка
с.,Іванівка
с.,Іванівка
с.,Іванівка
с.,Івашків
м.,Ізмаїл
с.,Ілля
с.,Іллінка
с.,Іллічівка
м.,Іллічівськ
с.,Ілічанка
с.,Іринівка
с.,Ісаєве
с.,Абрикосове
смт,Авангард
с.,Августівка
с.,Авидівка
с.,Агафіївка
с.,Агеївка
с.,Адамівка
с.,Адамівка
с.,Адамівка
с.,Акулинівка
с.,Алтестове
с.,Амбарів
с.,Амури
м.,Ананьїв
с.,Ананьїв
с.,Ананьїв
с.,Анатолівка
с.,Ангелінівка
с.,Андрусова
с.,Андріяшівка
с.,Андрієво-Іванове
с.,Андрієво-Іванівка
с.,Андріївка
с.,Андріївка
с.,Антоно-Ковач
с.,Антонюки
с.,Антонівка
с.,Антонівка
с.,Антонівка
с.,Антонівка
с.,Армашівка
с.,Артема
с.,Артирівка
м.,Арциз
с.,Арчепитівка
с.,Багате
с.,Багачеве
с.,Базар'янка
с.,Байбузівка
с.,Байбузівка
с.,Байтали
с.,Бакалове
с.,Бакша
с.,Балабанка
с.,Балайчук
с.,Баланини
с.,Балашове
с.,Балка
с.,Балкове
м.,Балта
с.,Банет
с.,Баннівка
с.,Барабой
с.,Барабой Другий
с.,Барабой Перший
с.,Баранове
с.,Баштанків
с.,Баштанівка
с.,Безім'янка
с.,Бендзари
с.,Бердинове
с.,Берегове
с.,Березань
смт,Березине
с.,Березівка
м.,Березівка
с-ще,Березівка
с.,Бессарабка
с.,Бецилове
с.,Бикоза
с.,Благодатне
с.,Благодатне
с.,Благодатне
с.,Благодатне
с.,Благодатне
с.,Благодатне
с.,Благоєве
с.,Благоєве
с.,Благоєве
с.,Блонське
с.,Бобрик Другий
с.,Бобрик Перший
с.,Бобрицьке
с-ще,Богатирівка
с.,Богданове
с.,Богданове Друге
с.,Богданове Перше
с.,Богданівка
с.,Богданівка
с.,Богнатове
с.,Богунове
с.,Бокове
с.,Болгарка
м.,Болград
с.,Бондарі
с.,Борисівка
смт,Бородіно
с.,Борсуки
с.,Борщі
с-ще,Борщі
с.,Бочманівка
с.,Боярка
с.,Бранкованове
с.,Бринівка
с.,Бритівка
с.,Броска
с.,Бугай
с.,Будаївці
с.,Будеї
с.,Будьонне
с.,Будьоннівка
с.,Будьоннівка
с.,Будьоннівське
с.,Будячки
с.,Бузинове
с.,Букачі
с.,Булатівка
с.,Булдинка
с.,Бурдівка
с.,Бурлача Балка
с.,Бутівка
с.,Буци
с.,Буцинівка
м.,"Білгород-
Дністровський"
с-ще,Біле
с.,Біленьке
с.,Білине
с.,Білка
с.,Білолісся
с.,Білоусівка
с.,Білярі
м.,Біляївка
с.,Бірносове
с.,Бірносове Перше
с.,Бірюкове
с.,Важне
с.,Вакарське
с.,Вакулівка
с.,Валентинівка
с.,Вапнярка
с.,Вапнярка
с.,Василівка
с.,Василівка
с.,Василівка
с.,Василівка
с.,Василівка
с.,Василівка
с.,Василівка
с.,Василівка
с.,Василівка
с.,Василівка
с.,Введенка
с.,Велика Балка
с.,Велика Василівка
с.,Велика Карпівка
с.,Велика Кіндратівка
смт,Велика Михайлівка
с.,Велике Бокове
с.,Велике Бурилове
с.,Великий Буялик
с.,Великий Дальник
с.,Великий Фонтан
с.,Великобоярка
смт,Великодолинське
с.,Великозименове
с.,Великокомарівка
с.,Великомар'янівка
с.,Великоплоске
с.,Великорибальське
с.,Великі Ламзаки
с.,Велізарове
с.,Веніамінівка
с.,Верба
с.,Вербове
с.,Верхня Юрківка
с.,Верхній Куяльник
с.,Весела Балка
с.,Весела Балка
с.,Весела Долина
с.,Веселе
с.,Веселе
с.,Веселе
с.,Веселе
с.,Веселе
с.,Веселий Кут
с.,Веселинівка
с.,Вестерничани
с.,Вигода
с.,Вигон
с.,Вижине
с.,Визирка
м.,Вилкове
с.,Виноград
с.,Виноградар
с.,Виноградне
с.,Виноградне
с.,Виноградівка
с.,Виноградівка
с.,Виноградівка
с.,Виноградівка
с.,Виноградівка
с.,Випасне
с.,Височанське
с.,Вишневе
с.,Вишневе
с.,Вишневе
с.,Вишневе
с.,Вишневе
с.,Вишневе
с.,Вишняки
с.,Владичень
с.,Вовкове
с.,Вовкове
с.,Вовкосафонове
с.,Вовківське
с.,Водяне
с.,Вознесенка
с.,Вознесенка
с.,Вознесенка Друга
с.,Вознесенка Перша
с.,Войничеве
с.,Волова
с.,Володимирівка
с.,Володимирівка
с.,Володимирівка
с.,Володимирівка
с.,Володимирівка
с.,Володимирівка
с.,Володимирівка
с.,Волярка
с.,Воробйове
с.,Воробіївка
с.,Воровського
с.,Воронівка
с.,Відрада
с.,Вікторівка
с.,Вікторівка
с.,Вільне
с.,Вільне
с.,Вільшанка
с.,Гавиноси
с.,Галочі
с.,Галупове
с.,Галупів
с.,Гандрабури
с.,Ганно-Покровка
с.,Ганнівка
с.,Ганнівка
с.,Гаївка
с.,Гвардійське
с.,Гвоздавка Друга
с.,Гвоздавка Перша
с.,Гвоздівка
с.,Гедеримове Перше
с.,Гербине
с.,Гертопи
с.,Гетьманці
с.,Гетьманівка
с.,Гидерим
с.,Главані
с.,Гладке
с.,Глибоке
с.,Глибокояр
с.,Глибочок
с.,Глибочок
с.,Голикове
с.,Голиця
с.,Гольма
с.,Гольма Друга
с.,Гольма Перша
с.,Гонората
с.,Гончарівка
с.,Гор'ївка
с.,Городнє
с.,Горячівка
с.,Грабове
с.,Градениці
с.,Гребеники
с.,Гребенюки
с.,Грекова
с.,Грекове Друге
с.,Грекове Перше
с.,Грибівка
с.,Григорівка
с.,Григорівка
с.,Грушка
с.,Гудевичеве
с.,Гулянка
с.,Гуляївка
с.,Гіржове
с.,Гірківка
с.,Гірське
с.,Давидівка
с.,Дальник
с.,Дальнічень
с.,Данилівка
с.,Данилівка
с.,Дачне
с.,Делень
с.,Дельжилер
с.,Дем'янівка
с.,Дементівка
с.,Демидове
с.,Демидівка
с.,Десантне
с.,Десинорове
с.,Джугастрове
с.,Дзержинське
с-ще,Дзинілор
с.,Дивізія
с.,Дмитрівка
с.,Дмитрівка
с.,Дмитрівка
с.,Дмитрівка
с.,Дмитрівка
с.,Дмитрівське
с.,Дністровець
с.,Добриднівка
с.,Добрий Лук
с.,Доброжанове
с.,Доброолександрівка
смт,Доброслав
с.,Довжанка
с.,Докторове
с.,Долинка
с.,Долинське
с.,Долинське
с.,Долинівка
с.,Долинівка
с.,Домниця
с.,Донська Балка
с.,Донська Балка
с.,Донське
с-ще,Дослідна станція
с-ще,Дослідне
с-ще,Дружба
с.,Дружелюбівка
с.,Дружелюбівка
с.,Дружелюбівка
с-ще,Дружка
с.,Дубинове
с.,Дубки
с.,Дубове
с.,Дунайське
с.,Дурбайли
с.,Дібрівка
с.,Дівоцьке
с.,Дігори
с.,Желепове
с.,Жеребкове
с.,Жигайлове
с.,Жовте
с.,Жовтень
с.,Жовтий Яр
с-ще,Жовтнева Революція
с.,Жовтневе
с.,Жовтневе
с.,Жовтневе
с.,Жовтневе
с.,Жовтневе
с.,Жовтневе
с.,Жовтнівка
с.,Жуковcьке
с.,Жукове
с.,Журавське
с.,Журівка
с.,Забари
с.,Заводівка
с.,Загнітків
с.,Загір'я
с.,Задунаївка
с.,Залізничне
с.,Залізничне
с.,Заможне
с.,Заплази
с.,Зарічне
с.,Затишшя
смт,Затишшя
смт,Затока
с.,Затока
смт,Захарівка
с.,Зброжківка
с.,Зелена Балка
с.,Зелена Долина
с.,Зелене
с.,Зелений Гай
с.,Зелений Кут
смт,Зеленогірське
с.,Зеленопілля
с.,Зеленівка
с.,Златоустове
с.,Знам'янка
с.,Золочівське
с.,Зоринове
с.,Зоря
с.,Зоря Труда
с.,Зоряне
с.,Зірка
с.,Йосипівка
с.,Йосипівка
с.,Йосипівка
с.,Йосипівка
с-ще,Кагановича
с.,Кагарлик
с.,Казбеки
с.,Калаглія
с.,Калантаївка
с.,Каланчак
с.,Калачівка
с.,Калини
с.,Калинівка
с.,Калинівка
с.,Калинівка
с.,Калчева
с.,Калініна
с.,Калістратівка
с.,Кам'яне
с.,Кам'янка
с.,Кам'янка
с.,Кам'янка
с.,Кам'янка
с.,Кам'янське
с.,Канцурове
с.,Капаклієве
с.,Капустянка
с.,Капітанівка
с.,Карабанове
с.,Каракурт
с.,Кардамичеве
с.,Каре
с.,Кармалюківка
с.,Карнагорове
с.,Карналіївка
с.,Кароліно-Бугаз
с.,Карпове
с.,Карпівка
с.,Карячка
с.,Касяни
с.,Катерино-Платонівка
с.,Катеринівка Перша
с.,Каховка
с.,Качулове
с.,Качурівка
с.,Каїри
с.,Каїри
с.,Квітка
с.,Кирилівка
с.,Кирилівка
с.,Кирнички
с.,Кислиця
с.,Климентове
с.,Ковалівка
с-ще,Ковбасова Поляна
м.,Кодима
с.,Козакове
с.,Козацьке
с.,Козацьке
с.,Козаче
с.,Козачий Яр
с.,Козлове
с.,Колісне
с.,Комарашеве
с.,Комарівка
с.,Комарівка
с.,Комишівка
с.,Комишівка Перша
с.,Комуна Незаможник
смт,Комінтернівське
с.,Конопляне
с.,Концеба
с.,Концурове
с.,Копійкове
с.,Кордон
с.,Коритне
с.,Корніївка
с.,Корсунці
с.,Коса
с.,Коси
с.,Коси Другі
с.,Коси Перші
с.,Коси-Слобідка
с.,Костянтинів
с.,Костянтинівка
с.,Косівка
с.,Косівка
с.,Котловина
с.,Котовка
с.,Котовка
м.,Котовськ
с.,Котовське
с.,Котовське
с.,Котовці
с.,Коханівка
с.,Кохівка
с.,Кочкувате
с.,Кочурівка
с.,Кошари
с.,Кошари
с.,Кошари
с.,Кошари
с.,Кошарка
с.,Красна Коса
с.,Красне
с.,Красне
с.,Красне
с.,Краснопіль
с.,Красносілка
смт,Красні Окни
с.,Кремидівка
с.,Крива Балка
с.,Крижанівка
с.,Крижанівка
с.,Крижанівка
с.,Крижовлин
с.,Кримпулька
с.,Кринички
с.,Кринички
с.,Криничне
с.,Крисів
с.,Кричунове
с.,Кролівка
с.,Крутне
с.,Крутоярівка
с.,Круті
с.,Кубанка
с.,Кубей
с.,Кудрявка
с.,Кузьменка
с.,Куйбишевське
с.,Кулевча
с.,Курган
с.,Курортне
с.,Курісове
с.,Кучурган
с.,Кучурган
с.,Куяльник
м.,Кілія
с.,Кінне
с.,Кірове
с.,Кірове
с.,Кірове
с.,Кістельниця
с.,Лабушне
с.,Ламбрівка
с.,Ланове
с.,Ларжанка
с.,Латівка
с.,Лебедівка
с.,Левадівка
с.,Левантівка
с.,Леніна
с.,Леніне
с.,Ленінське Друге
с.,Ленінське Перше
с.,Ленінталь
с.,Лиман
с.,Лиман
с.,Лиманка
смт,Лиманське
с.,Лиманське
с.,Липецьке
с.,Липецьке Друге
с.,Лисогірка
с.,Лозове
с.,Лощинівка
с.,Лугове
с.,Лужанка
с.,Лукашівка
с.,Лучинське
смт,Любашівка
с.,Любомирка
с.,Любопіль
с.,Люботаївка
с.,Лібенталь
с.,Лідівка
с.,Лізинка
с.,Ліски
с-ще,Ліски
с.,Лісне
с.,Лісничівка
с.,Майори
с.,Майорське
с.,Макарове
с.,Мала Боярка
с.,Мала Василівка
с.,Мала Дворянка
с.,Мала Кіндратівка
с.,Мала Олександрівка
с.,Мала Петрівка
с.,Мала Слобідка
с.,Мала Топорівка
с.,Мала Улянівка
с.,Малаївці
с.,Мале
с.,Малий Куяльник
с.,Малий Фонтан
с.,Малинівка
с.,Малодолинське
с.,Малозименове
с.,Малоплоске
с.,Малорошове
с.,Малоцебрикове
с.,"Малоярославець
Другий"
с.,"Малоярославець
Перший"
с.,Малігонове
с.,Мар'яно-Чогодарівка
с.,Мар'янівка
с.,Мар'янівка
с.,Мар'янівка
с.,Мар'янівка
с.,Мар'янівка
с.,Мар'янівка
с.,Мар'янівка Друга
с.,Мар'янівка Перша
с.,Мар'ївка
с.,Маразліївка
с.,Маразліївка
с.,Мардарівка
с.,Мардарівка
с.,Маринове
с.,Маринівка
с.,Маринівка
с.,Маркевичеве
с.,Марківка
с.,Маркіянове
с.,Мартинівка
с.,Мартове
с.,Марціянове
с.,Марціянове
с.,Маслове
с.,Матильдівка
с.,Матишівка
с.,Матроска
с.,Матроська
с.,Мацкули
с.,Машенька
с.,Маяки
с.,Маяки
с-ще,Мигаєве
с.,Мигаї
с-ще,Мигаї
с.,Миколаївка
с.,Миколаївка
с.,Миколаївка
смт,Миколаївка
с.,Миколаївка
с.,Миколаївка
с.,Миколаївка
с.,Миколаївка
с.,Миколаївка
с.,Миколаївка Перша
с.,"Миколаївка-
Новоросійська"
с.,Мирне
с.,Мирне
с.,Мирнопілля
с.,Мирнопілля
с.,Мирони
с.,"Михайло-
Олександрівка"
с.,Михайлопіль
с.,Михайлівка
с.,Михайлівка
с.,Михайлівка
с.,Михайлівка
с.,Михайлівка
с.,Михайлівка
с.,Молдове
с.,Молога
с.,Молодіжне
с.,Монаші
с.,Морозова
с.,Мошняги
с.,Муравлівка
с.,Муратове
с.,Мурована
с.,Міжлиманське
с.,Мізікевича
с.,Міліардівка
с.,Міняйлівка
с.,Міщанка
с-ще,Набережне
с.,Нагірне
с.,Нагірне
с.,Над'ярне
с.,Надежда
с.,Надеждівка
с.,Надлиманське
с.,Надрічне
с.,Надія
с.,Наливайкове
с.,Настасіївка
с.,Негрове
с.,Неділкове
с.,Незаможник
с.,Нейкове
с.,Немирівське
с.,Нерубайське
с.,Нерушай
с.,Нестерове
с.,Нестоїта
с.,Нижній Куяльник
с.,Никомаврівка
с.,Нова Іванівка
с.,Нова Іванівка
с.,Нова Волярка
с.,Нова Вільшанка
с.,Нова Григорівка
с.,Нова Григорівка
с.,Нова Долина
с.,Нова Дофінівка
с.,Нова Еметівка
с-ще,Нова Ковалівка
с.,Нова Кульна
с.,Нова Некрасівка
с.,Нова Олексіївка
с.,Нова Плахтіївка
с.,Нова Покровка
с.,Нова Скосарівка
с.,Нова Царичанка
с.,Нова Шибка
с.,Новакове
с.,Нове
с.,Нове
с.,Нове
с.,Нове
с.,Нове
с.,Нове Жовтневе
с.,Нове Селище
с.,Нове Тарутине
с.,Новий Гребеник
с.,Новий Каракурт
с.,Новий Мир
с-ще,Новий Орач
с-ще,Ново-Олександрівка
с.,Ново-Петрівка Перша
с.,Новоандріївка
с.,Новоантонівка
с.,Новоборисівка
с.,Нововоздвиженка
с.,Новогеоргіївка
с.,Новоградениця
с.,Новоградківка
с.,Новогригорівка
с.,Новогригорівка
с.,Новогригорівка
с.,Новогуляївка
с.,Новодачне
с.,Новодмитрівка
с.,Новодмитрівка Друга
с.,Новодмитрівка Друга
с.,Новодмитрівка Перша
с.,Новозаріцьке
с.,Новокаланчак
с.,Новокальчеве
с.,Новокам'янка
с.,Новокарбівка
с.,Новокостянтинівка
с.,Новокрасне
с.,Новокрасне
с.,Новокрижанівка
с.,Новокубанка
с.,Новомиколаївка
с.,Новомиколаївка
с.,Новомиколаївка
с.,Новомирне
с.,Новомихайлівка
с.,Новомихайлівка
с.,Новоозерне
с.,Новоолександрівка
с.,Новоолександрівка
с.,Новоолександрівка
с.,Новопавлівка
с.,Новопавлівка
с.,Новопавлівка
с.,Новопетрівка
с.,Новопетрівка
с.,Новопетрівка Друга
с.,Новопетрівка Перша
с.,Новоподільське
с.,Новопокровка
с.,Новополь
с.,Новорозівка
с.,Новороманівка
с.,Новосавицьке
с.,Новосамарка
с.,Новосвітівка
с.,Новоселиця
с.,Новоселівка
с.,Новоселівка
с.,Новоселівка
с.,Новоселівка
с.,Новоселівка
с.,Новоселівка
с.,Новоселівка
с.,Новоселівка
с.,Новоселівка
с.,Новоселівка
с.,Новоселівка
с.,Новосеменівка
с.,Новостепанівка
с.,Новосілка
с.,Новосілки
с.,Новосільське
с.,Новосільці
с.,Новотроїцьке
с.,Новотроїцьке
с.,Новоукраінка
с.,Новоукраїнка
с.,Новоукраїнка
с-ще,Новохолмське
с.,Новоєлизаветівка
с.,Новоіванівка
с.,Нові Бутори
смт,Нові Білярі
с.,Нові Каплани
с.,Нові Маяки
с.,Нові Трояни
с.,Нові Чобручі
с.,Нові Шомполи
с.,Обжиле
с.,Оброчне
смт,Овідіополь
с.,Одаї
с.,Одаї
м.,Одеса
с.,Одрадна Балка
с.,Одрадове
с.,Озерне
смт,Окни
с.,Оксамитне
с.,Олег
с.,Олександро-Вовкове
смт,Олександрівка
с.,Олександрівка
с.,Олександрівка
с.,Олександрівка
с.,Олександрівка
с.,Олександрівка
с.,Олександрівка
с.,Олександрівка
с.,Олександрівка
с.,Олександрівка
с.,Олександрівка
с.,Олександрівка
с.,Олексіївка
с.,Олексіївка
с.,Олексіївка
с.,Олексіївка
с.,Олексіївка
с.,Оленівка
с.,Оленівка
с.,Оленівка
с.,Оленівка
с.,Ольгинове
с.,Омелянівка
с.,Онилове
с.,Ониськове
с.,Онорівка
с.,Орджонікідзе
с.,Орел
с-ще,Орлівка
с.,Орлівка
с.,Оріхівка
с.,Осинівка
с.,Осички
с.,Основа
с.,Острівка
с.,Острівне
с.,Павлинка
с.,Павлівка
с.,Павлівка
с.,Павлівка
с.,Павлівка
с.,Павлівка
с.,Падрецеве
с.,Паліївка
с.,Парканці
с.,Парканівка
с.,Пасат
с.,Пасицели
с.,Пасицели
с.,Пасічне
с.,Пашківка
с.,Первомайське
с.,Перейма
с.,Перельоти
с.,Перемога
с.,Перемога
с.,Переможне
с.,Переселенці
с.,Перехрестове
с.,Перехрестове Друге
с.,Перехрестове Перше
с.,Перешори
с.,Перше Травня
с.,Перше Травня
с.,Першотравневе
с.,Першотравневе
с.,Першотравневе
с.,Петро-Євдокіївка
с.,Петрове
с.,Петровського
с.,Петровірівка
с.,Петродолинське
с.,Петропавлівка
с.,Петрівка
с.,Петрівка
с.,Петрівка
смт,Петрівка
с.,Петрівка
с.,Петрівка
с.,Петрівка
с.,Петрівка
с.,Петрівка
с.,Петрівка
с.,Петрівка
с.,Петрівка
с.,Петрівка
с.,Петрівка
с.,Петрівськ
с.,Петрівське
с.,Петрівське
с.,Петрівське
с.,Пилипівка
с.,Пиріжна
с.,Писарівка
с.,Плавневе
с.,Плавні
с.,Платонове
с.,Платонівка
с.,Плахтіївка
с.,Плачинда
с.,Плоске
с.,Плоске
с.,Плоцьк
с.,Повстанське
с.,Погреби
м.,Подільськ
с.,Подільці
с.,Познанка Друга
с.,Познанка Перша
с.,Покровка
с.,Покровка
с.,Покровка
с.,Полезне
с.,Польове
с.,Польове
с.,Полянецьке
с.,Полянка
с.,Поліно-Осипенкове
с.,Полішпакове
с.,Помазани
с.,Понятівка
с.,Попаздра
с.,Поплавка
с.,Поплавка
с.,Порт
с.,Поташенкове
с.,Правда
с.,Преображенка
с.,Преображенка
с-ще,Прибережне
с.,Привілля
с.,Привільне
с.,Привітне
с.,Прилиманське
с.,Приморське
с.,Приморське
с.,Приморське
с.,Приозерне
с.,Причепівка
с.,Протопопівка
с.,Прохорове
с.,Прохорівка
с.,Прямобалка
с.,Пужайкове
с.,Путилівка
с.,Пшеничне
с.,Пшонянове
с.,Південне
с.,Підгірне
с.,Підгірне
с.,Підгірне
с.,Піонерське
с.,Піщана
с.,Піщана Петрівка
смт,Радісне
с-ще,Радісне
с.,Райки
с.,Ракулове
с.,Ранжеве
смт,Раухівка
с.,Ревова
м.,Рені
с.,Рибальське
с.,Римарівка
с.,Рождественка
с.,Роза
с.,Розалівка
с.,Розалівка
с.,Роздол
с.,Роздольне
м.,Роздільна
с.,Розквіт
с.,Розкішне
с.,Розкішне
с-ще,Розселенець
с.,Розівка
с.,Розівка
с.,Ройлянка
с.,Ройлянка
с.,Роксолани
с.,Романівка
с.,Романівка
с.,Романівка
с.,Романівка
с.,Росіянівка
с.,Роща
с.,Руська Слобідка
с.,Руськоіванівка
с.,Ряснопіль
с.,Рівне
с.,Рівне
с.,Рівне
с.,Савранське
смт,Саврань
с.,Савчинське
с.,Сагайдак
с.,Садове
с.,Садове
с.,Садове
с.,Садове
с.,Садове
с.,Салгани
с.,Самарка
с.,Самійлівка
с.,Самійлівка
с.,Санжійка
с.,Саражинка
смт,Сарата
с.,Саф'яни
с.,Саханське
с.,Сахарове
с.,Свердлове
с-ще,Світле
с-ще,Світлогірське
с.,Світлодолинське
с.,Северинівка
с.,Секретарівка
с.,Селиванівка
с.,Семено-Карпівка
с.,Семенівка
с.,Семенівка
с.,Семисотка
с.,Семихатки
с.,Серби
с.,Сербка
смт,Сергіївка
с.,Сергіївка
с.,Сергіївка
с.,Сергіївка
смт,Серпневе
с.,Силівка
с.,Сиротинка
с.,Сиротинка Велика
с.,Сирівське
с.,Сирітське Друге
с.,Сирітське Перше
с.,Сичавка
с.,Скинешори
с.,Скосарівка
с.,Скосарівське
с.,Скриванівка
смт,Слобідка
с.,Слобідка
с.,Слобідка
с.,Слов'яносербка
с.,Слюсареве
с.,Смолянка
с.,Соболівка
с.,Созонівка
с.,Соколове
с.,Сокорове
с.,Солтанівка
с.,Сонячне
с.,Софіївка
с.,Софіївка
с.,Софіївка
с.,Софіївка
с.,Соше-Острівське
с.,Спаське
с.,Ставки
с.,Ставки
с.,Ставкове
с.,Ставкове
с.,Ставрове
с.,Сталіно
с.,Станіславка
с.,Стара Єлизаветівка
с.,Стара Єфросинівка
с.,Стара Еметівка
с.,Стара Кульна
с.,Стара Некрасівка
с.,Стара Царичанка
с.,Старокозаче
с.,Старокостянтинівка
с.,Старостине
с.,Старосілля
с.,Старі Маяки
с.,Старі Трояни
с.,Старі Шомполи
с.,Степанівка
с.,Степанівка
с.,Степанівка
с.,Степанівка
с.,Степанівка
с.,Степанівка
с-ще,Степове
с.,Степове
с.,Стоянове
с.,Стоянове
с.,Стримба
с.,Струмок
с.,Струтинка
с.,Струтинка
с.,Стрюкове
смт,Суворове
с.,Суха Журівка
с.,Сухе
с.,Сухий Лиман
с.,Сухий Овраг
с.,Сухине
с.,Сухолужжя
с.,Сухомлинове
с.,Сухувате
с.,Сінне
с.,Січневе
с.,Табаки
с.,Танівка
с.,Тарасівка
с.,Тарасівка
смт,Тарутине
м.,Татарбунари
смт,Таїрове
с.,Теплиця
м.,Теплодар
с.,Тернувате
с.,Тилігульське
с.,Тимкове
с.,Тимофіївка
с.,Тихе
с.,Ткаченка
с.,Томенки
с.,Топали
с.,Топик
с.,Тополине
с.,Торосове
с.,Точилове
с.,Травневе
с.,Трапівка
с.,Три Криниці
с.,Тригради
с.,Трихатки
с.,Тростянець
с.,Тростянець Перший
с.,Трохимівка
с.,Трояндове
с.,Троїцьке
с.,Троїцьке
с.,Труд-Гребеник
с.,Труд-Куток
с.,Трудове
с.,Трудолюбівка
с.,Трудомирівка
с.,Тузли
с.,Тятри
с.,Удобне
с.,Ульяновка
с.,Улянівка
с.,Улянівка
с.,Улянівка
с.,Улянівка
с.,Улянівка
с.,Унтилівка
с.,Унтилівка
с.,Унтилівка
с-ще,Усатове
с.,Усатове
с.,Успенка
с.,Успенівка
с.,Утконосівка
с.,Ухожани
с.,Фараонівка
с-ще,Федорівка
с.,Федорівка
с.,Федорівка
с.,Федорівка
с.,Федосіївка
с.,Федосіївка
с.,Флора
с.,Флоринське
с.,Фонтанка
с.,Фрасине
смт,Фрунзівка
с.,Фуратівка
с.,Фурманівка
с.,Харитинівка
смт,Хлібодарське
с.,Холмське
с.,Холодна Балка
с.,Хоминка
с.,Христо-Ботеве
с.,Царичанка
смт,Цебрикове
с.,Цеханівка
с.,Цибулівка
с.,Чабанське
с.,Чабанівка
с.,Чайківка
с.,Чайківське
с.,Чапаєве
с.,Чапаєве
с.,Чапаєвка
с.,Чапаєвка
с.,Чарівне
с.,Червона Гірка
с.,Червона Зірка
с.,Червона Зірка
с.,Червона Зірка
с.,Червона Нива
с.,Червона Стінка
с.,Червоне
с.,Червоне
с-ще,"Червоний
Розселенець"
с.,Червоний Агроном
с.,Червоний Кут
с-ще,Червоний Орач
с.,Червоний Яр
с.,Червоний Яр
с.,Червоноармійське
с.,Червоноармійське
с.,"Червоноволодимирівк
а"
с.,Червонознам'янка
с.,Черевичне
с.,Черкеси
с.,Чернече
с.,Черняхівське
с.,Чигирин
с.,Чижове
с.,Чижівка
с.,Чистоводне
с.,Чоботарівка
с.,Чогодарівка
с.,Чорна
с.,Чорний Кут
с.,Чорногірка
м.,Чорноморськ
смт,Чорноморське
с-ще,Чубівка
с.,Чудське
с.,Шабельники
с.,Шабо
с.,Шайтанка
с.,Шаманівка
с-ще,Шаци
с.,Шевченка
с-ще,Шевченка
с.,Шевченка
с.,Шевченкове
с.,Шевченкове
с.,Шевченкове
с.,Шевченкове
с.,Шевченкове-Кут
с.,Шелехове
с.,Шеметове
с.,Шеметове
с.,Шерове
с.,Шершенці
с.,Шимкове
с.,Широка Балка
с.,Широке
с.,Широке
с.,Широке
с.,Широке
смт,Ширяєве
с.,Шкарбинка
с.,Шликареве
с.,Шляхове
с.,Шумилове
с.,Шутове
с.,Щербанка
с.,Щорсове
м.,Южне
с.,Юр'ївка
с.,Юрашеве
с.,Юркове
с.,Юрківка
с.,Якимів Яр
с.,Якова
с.,Яковлеве
с.,Яковлівка
с.,Янишівка
с.,Яновка
с.,Яринославка
с.,Ярове
с.,Ярове
с.,Ярославка
с.,Ясенове Друге
с.,Ясенове Перше
с.,Ясинове
с.,Ясногородка
с.,Яснопілля
с.,Яськи
с-ще,"селище
Червоноповстанської
РТС"
с-ще,селище імені Сталіна
с.,"ферма ""Волярка"""
с.,х. Бакарський
с.,х. Петрівка
