м.,Полтава
м.,Комсомольськ
с.,Дмитрівка
с.,Базалуки
с.,Волошине
с.,Кияшки
с.,Колгоспна Гора
с.,Кузьменки
с.,Солонці
м.,Кременчук
м.,Лубни
м.,Миргород
смт,Велика Багачка
с.,Байрак
с.,Буряківщина
с.,Бутова Долина
с.,Гарнокут
с.,Довгалівка
с.,Затон
с.,Мала Решетилівка
с.,Пилипенки
с.,Шепелі
смт,Гоголеве
с.,Якимове
с.,Балюки
с.,Балаклія
с.,Колосівка
с.,Писарівщина
с.,Шипоші
с.,Багачка Перша
с.,Пушкареве
с.,Семенівка
с.,Широке
с.,Бірки
с.,Баланди
с.,Вишняківка
с.,Стінки
с.,Білоцерківка
с.,Герусівка
с.,Дзюбівщина
с.,Коноплянка
с.,Красногорівка
с.,Лугове
с.,Морозівщина
с.,Сидорівщина
с.,Корнієнки
с.,Вишарі
с.,Мостовівщина
с.,Попове
с.,Трудолюбиве
с.,Цикали
с.,Шпирни
с.,Кротівщина
с.,Лукаші
с.,Скибівщина
с.,Михайлівка
с.,Кульбашне
с.,Мар'янське
с.,Матяшівка
с.,Остап'є
с.,Запсілля
с.,Нове Остапове
с.,Олефіри
с.,Підгір'я
с.,Уханівка
с.,Поділ
с.,Огирівка
с.,Радивонівка
с.,Володимирівка
с.,Іванівка
с.,Перекопівка
с.,Чапаєвка
с.,Рокита
с.,Андрущине
с.,Говори
с.,Кравченки
с.,Степанівка
с.,Стефанівщина
с.,Устивиця
с.,Грянчиха
с.,Дакалівка
с.,Підлуки
с.,Псільське
с.,Широка Долина
с.,Бехтерщина
с.,Суржки
м.,Гадяч
с.,Біленченківка
с.,Грипаки
с.,Кіблицьке
с.,Оріханове
с.,Осняги
с.,Островерхівка
с.,Петроселівка
с.,Писарівщина
с.,Рудиків
с.,Степаненки
с.,Березова Лука
с.,Лихопілля
с.,Мелешки
с.,Бобрик
с.,Педоричі
с.,Великі Будища
с.,Вельбівка
с.,Запсільське
с.,Тепле
с.,Тютюрівщина
с.,Веприк
с.,Гречанівка
с.,Зелена Балка
с.,Миколаївка
с.,Тригубщина
с.,Качанове
с.,Новоселівка
с.,Радянська Дача
с.,Книшівка
с.,Броварки
с.,Дучинці
с.,Краснознаменка
с.,Вечірчине
с.,Калинівщина
с.,Лободине
с.,Чернече
с.,Красна Лука
с.,Бухалове
с.,Хитці
с.,Лисівка
с.,Глибоке
с.,Кругле Озеро
с.,Мала Обухівка
с.,Млини
с.,Перевіз
с.,Солдатове
с.,Лютенька
с.,Юр'ївка
с.,Мала Побиванка
с.,Глибока Долина
с.,Пирятинщина
с.,Мартинівка
с.,Велике
с.,Воронівщина
с.,Могилатів
с.,Морозівщина
с.,Шадурка
с.,Петрівка-Роменська
с.,Балясне
с.,Венеславівка
с.,Плішивець
с.,Бакути
с.,Тимофіївка
с.,Рашівка
с.,Новий Виселок
с.,Розбишівка
с.,Веселе
с.,Крамарщина
с.,Ручки
с.,Римарівка
с.,Змажине
с.,Максимівка
с.,Цимбалове
с.,Сари
с.,Донцівщина
с.,Київське
с.,Малі Будища
с.,Саранчова Долина
с.,Червоний Кут
с.,Сватки
с.,Берізки
с.,Бірки
с.,Шевченкове
с.,Середняки
с.,Ветхалівка
с.,Вирішальне
с.,Жовтневе
с.,Коновалове
с.,Соснівка
с.,Харківці
с.,Бутовичеське
с.,Кияшківське
с.,Круглик
с.,Ціпки
м.,Глобине
с.,Кордубанове
с.,Новодорожнє
с.,Новомосковське
с.,Семимогили
с.,Старий Хутір
с.,Черевані
с.,Шепелівка
смт,Градизьк
с.,Ганнівка
с.,Котляревське
с.,Лізки
с.,Середпілля
с.,Бабичівка
с.,Набережне
с.,Новобудова
с.,Устимівка
с.,Бориси
с.,Броварки
с.,Вишеньки
с.,Кирияківка
с.,Пелехівщина
с.,Петрашівка
с.,Бугаївка
с.,Горби
с.,Білоусівка
с.,Сидори
с.,Гриньки
с.,Тимошівка
с.,Жуки
с.,Жорняки
с.,Коломицівка
с.,Павлівка
с.,Новоселівка
с.,Заможне
с.,Глибоке
с.,Глушкове Друге
с.,Землянки
с.,Корещина
с.,Малинівка
с.,Радалівка
с.,Зубані
с.,Романівка
с.,Руда
с.,Іванове Селище
с.,Демченки
с.,Ковнірівщина
с.,Великі Кринки
с.,Весела Долина
с.,Сіренки
с.,Степове
с.,Шевченки
с.,Куп'євате
с.,Демидівка
с.,Лукашівка
с.,Майданівка
с.,Манилівське
с.,Манжелія
с.,Вітки
с.,Ламане
с.,Обознівка
с.,Багни
с.,Гуляйполе
с.,Жовтневе
с.,Новий Виселок
с.,Опришки
с.,Битакове Озеро
с.,Мар'їне
с.,Петрівка
с.,Турбаї
с.,Пироги
с.,Яроші
с.,Погреби
с.,Канівщина
с.,Пронозівка
с.,Васьківка
с.,Кагамлик
с.,Мозоліївка
с.,Шушвалівка
с.,Пузикове
с.,Махнівка
с.,Пустовійтове
с.,Балабушині Верби
с.,Святилівка
с.,Крива Руда
с.,Липове
с.,Проценки
с.,Струтинівка
с.,Федорівка
с.,Лубенщина
с.,Попівка
с.,Фрунзівка
с.,Сиротенки
м.,Гребінка
с.,Олександрівка
с.,Високе
с.,Осавульщина
с.,Павлівщина
с.,Сімаки
с.,Березівка
с.,Корніївка
с.,Григорівка
с.,Писарщина
с.,Короваї
с.,Лутайка
с.,Кулажинці
с.,Майорщина
с.,Сліпорід-Іванівка
с.,Мар'янівка
с.,Новодар
с.,Наталівка
с.,Олексіївка
с.,Овсюки
с.,Покровщина
с.,Сербинівка
с.,Грушківка
с.,Саївка
с.,Рудка
с.,Горби
с.,Слободо-Петрівка
с.,Гулаківка
с.,Загребелля
с.,Оржиця
с.,Паризька Комуна
с.,Стукалівка
с.,Михайлівка
с.,Тарасівка
с.,Тополеве
с.,Відрадне
с.,Світанок
с.,Ульяновка
с.,Бесідівщина
с.,Жовтневе
с.,Новоселівка
с.,Скочак
смт,Диканька
с.,Василівка
с.,Проні
с.,Трояни
с.,Андріївка
с.,Борисівка
с.,Кучерівка
с.,Ландарі
с.,Сохацька Балка
с.,Байрак
с.,Одарюківка
с.,Петренки
с.,Балясне
с.,Марченки
с.,Попівка
с.,Великі Будища
с.,Кардашівка
с.,Олефірщина
с.,Писарівщина
с.,Чернечий Яр
с.,Велика Рудка
с.,Веселівка
с.,Лани
с.,Мала Рудка
с.,Степанівка
с.,Судівка
с.,Федорівка
с.,Водяна Балка
с.,Горянщина
с.,Жовтневе
с.,Кононенки
с.,Кратова Говтва
с.,Онацьки
с.,Надежда
с.,Климківка
с.,Нелюбівка
с.,Андренки
с.,Дейнеківка
с.,Сивці
с.,Орданівка
с.,Горбатівка
с.,Тополівка
с.,Чернещина
с.,Ярохівка
с.,Петро-Давидівка
с.,Єлизаветівка
с.,Жадани
с.,Нова Василівка
с.,Хоменки
с.,Стасі
с.,Гавронці
с.,Глоди
с.,Кам'янка
с.,Михайлівка
с.,Слиньків Яр
с.,Чапаєвка
с.,Дячкове
с.,Кокозівка
с.,Міжгір'я
м.,Зіньків
с.,Гусаки
с.,Дубівка
с.,Пилипенки
с.,Сиверинівка
с.,Хмарівка
смт,Опішня
с.,Васьки
с.,Вільхове
с.,Діброва
с.,Карабазівка
с.,Міські Млини
с.,Яблучне
с.,Артелярщина
с.,Будки
с.,Лагоди
с.,Батьки
с.,Драни
с.,Корлюкове
с.,Лазьки
с.,Бірки
с.,Троянівка
с.,Цвітове
с.,Велика Павлівка
с.,Федорівка
с.,Чорняки
с.,Високе
с.,Власівка
с.,Горобії
с.,Дадакалівка
с.,Пеленківщина
с.,Переліски
с.,Соколівщина
с.,Дейкалівка
с.,Іщенківка
с.,Підозірка
с.,Піщанка
с.,Загрунівка
с.,Романівка
с.,Сулими
с.,Кирило-Ганнівка
с.,Макухи
с.,Миколаївка
с.,Романи
с.,Шевченки
с.,Яцине-Окарі
с.,Лютенські Будища
с.,Довжок
с.,Малі Будища
с.,Безруки
с.,Глинське
с.,Хижняківка
с.,Новоселівка
с.,Гришки
с.,Дуб'янщина
с.,Першотравневе
с.,Велика Пожарня
с.,Кілочки
с.,Кругле
с.,Свічкарівщина
с.,Храпачів Яр
с.,Шенгаріївка
с.,Покровське
с.,Василе-Устимівка
с.,Галійка
с.,Морози
с.,Стрілевщина
с.,Шкурпели
с.,Попівка
с.,Бухалівка
с.,Вінтенці
с.,Деряги
с.,Заїченці
с.,Кирякове
с.,Устименки
с.,Проценки
с.,Довжик
с.,Дуб'яги
с.,Стара Михайлівка
с.,Ступки
с.,Пишненки
с.,Петро-Ганнівка
с.,Саранчівка
с.,Тимченки
с.,Ставкове
с.,Арсенівка
с.,Дамаска
с.,Михайлівка
с.,Тарасівка
с.,Бобрівник
с.,Комсомольське
с.,Слинківщина
с.,Удовиченки
с.,Зайці
с.,Косяки
с.,Левченки
с.,Матяші
с.,Руденки-Гончарі
с.,Човно-Федорівка
с.,Бабанське
с.,Волошкове
с.,Заїки
с.,Клименки
с.,Кольченки
с.,Лавринці
с.,Мисики
с.,Пругли
с.,Шилівка
с.,Василькове
с.,Довбнівка
с.,Княжева Слобода
с.,Манилівка
с.,Одрадівка
с.,Петрівка
с.,Хрипки
м.,Карлівка
с-ще,Іванівка
с-ще,Солона Балка
с.,Білухівка
с.,Червонознам'янка
с.,Варварівка
с.,Верхня Ланна
с.,Редути
с.,Холодне Плесо
с-ще,Голобородьківське
с-ще,Михайлівське
с-ще,Тагамлицьке
с.,Климівка
с-ще,Ланна
с.,Коржиха
с.,Куми
с.,Львівське
с.,Чалівка
с.,Лип'янка
с.,Бабайкове
с.,Розумівка
с.,Ясне
с.,Максимівка
с.,Володимирівка
с.,Давидівка
с.,Короленківка
с.,Павлівщина
с.,Тарасівка
с.,Нижня Ланна
с.,Попівка
с.,Федорівка
с-ще,Халтурине
с-ще,Вакулиха
с-ще,Красне
с.,Мар'янівка
с-ще,Тишенківка
с-ще,Шевченка
м.,Кобеляки
смт,Білики
с.,Бродщина
с.,Леваневське
с.,Миколаївка
с.,Павлівка
с.,Самарщина
с.,Бутенки
с.,Бережнівка
с.,Богданівка
с.,Зелене
с.,Колодяжне
с.,Котовське
с.,Свердловське
с.,Славнівка
с.,Чумаки
с.,Шапки
с.,Василівка
с.,Бринзи
с.,Гаймарівка
с.,Лесинки
с.,Литвини
с.,Мартинівка
с.,Сінне
с.,Григоро-Бригадирівка
с.,Мотрине
с.,Солошине
с.,Дашківка
с.,Григорівка
с.,Ревущине
с.,Твердохліби
с.,Шевченки
с.,Дрижина Гребля
с.,Жуки
с.,Рубани
с.,Фрунзе
с.,Золотарівка
с.,Галагурівка
с.,Ганжівка
с.,Мідянівка
с.,Іванівка
с.,Канави
с.,Водолагівка
с.,Кірове
с.,Гарбузівка
с.,Перегонівка
с.,Сухе
с.,Шабельники
с.,Комендантівка
с.,Дабинівка
с.,Колісники
с.,Криничне
с.,Олександрія
с.,Пилипенки
с.,Порубаї
с.,Черемушки
с.,Красне
с.,Гайове
с.,Грицаївка
с.,Соснівка
с.,Кунівка
с.,Галі-Горбатки
с.,Колісниківка
с.,Ліщинівка
с.,Яблунівка
с.,Лучки
с.,"Правобережна
Сокілка"
с.,Марківка
с.,Свічкареве
с.,Трояни
с.,Озера
с.,Морози
с.,Поводи
с.,Прощуради
с.,Вільховатка
с.,Деменки
с.,Жовтневе
с.,Лівобережна Сокілка
с.,Проскури
с.,Орлик
с.,Підгора
с.,Чкалове
с.,Радянське
с.,Світлогірське
с.,Брачківка
с.,Кишеньки
с.,Просяниківка
с.,Сухинівка
с.,Лісне
с.,Червоні Квіти
с.,Жирки
с.,Кустолові Кущі
с.,Прогрес
с.,Чапаєве
с.,Чорбівка
с.,Калініне
с.,Комарівка
с.,Червоне
с.,Шенгури
с.,Вібли
с.,Коваленківка
смт,Козельщина
с.,Квіти
с.,Лозки
с.,Омельниче
с.,Павлівка
с.,Підгорівка
смт,Нова Галещина
с.,Велика Безуглівка
с.,Горбані
с.,Бреусівка
с.,Винники
с.,Красносілля
с.,Новоселівка
с.,Олександрівка Друга
с.,Хмарине
с.,Чечужине
с.,Василівка
с.,Вишняки
с.,Гайове
с.,Зоряне
с.,Олександрівка
с.,Трудовик
с.,Висока Вакулівка
с.,Довге
с.,Мар'янівка
с.,Юрівка
с.,Говтва
с.,Буняківка
с.,Киселівка
с.,Плавні
с.,Михайлики
с.,В'язівка
с.,Лутовинівка
с.,Ганнівка
с.,Жовтневе
с.,Задовга
с.,Майорщина
с.,Верхня Мануйлівка
с.,Дяченки
с.,Нижня Мануйлівка
с.,Харченки
с.,Цибівка
с.,Оленівка
с.,Бригадирівка
с.,Дзюбанівка
с.,Калинівка
с.,Пашківка
с.,Булахи
с.,Бутоярівка
с.,Калашники
с.,Ольгівка
с.,Піски
с.,Бутенки
с.,Йосипівка
с.,Книшівка
с.,Пригарівка
с.,Андрійки
с.,Панасівка
с.,Сухий Кобелячок
с.,Сушки
с.,Приліпка
с.,Глибока Долина
с.,Рибалки
с.,Миргородщина
с.,Нова Україна
с.,Чорноглазівка
с.,Солониця
с.,Верхня Жужманівка
с.,Комінтерн
с.,Нижня Жужманівка
с.,Шевченки
с.,Хорішки
с.,Вільне
с.,Загребелля
с.,Костівка
с.,Пашенівка
с.,Юрки
с.,Юрочки
с.,Чапаєвка
с.,Улинівка
смт,Котельва
с.,Камінне
с.,Михайлове
с.,Чернещина
с.,Більськ
с.,Велика Рублівка
с.,Деревки
с.,Любка
с.,Млинки
с.,Ковалеве
с.,Маловидне
с.,Стадниця
с.,Козлівщина
с.,Ворони
с.,Діброва
с.,Зуби
с.,Касяни
с.,Підварівка
с.,Терещенки
с.,Мала Рублівка
с.,Дем'янівка
с.,Лихачівка
с.,Мар'їне
с.,Милорадове
с.,Борівське
с.,Глобівка
с.,Зайці Другі
с.,Ковжижа
с.,Лабурівка
с.,Матвіївка
с.,Назаренки
с.,Чоботарі
с.,Микілка
с.,Гетьманка
с.,Зайці
с.,Терни
с.,Шевченкове
с.,Сидоряче
с.,Михайлівка Перша
с.,Білецьківка
с.,Бурти
с.,Маламівка
с.,Новоселівка
с.,Підгірне
с.,Стара Білецьківка
с.,Чечелеве
с.,Бондарі
с.,Василенки
с.,Заруддя
с.,Остапці
с.,Ревівка
с.,Гориславці
с.,Коржівка
с.,Миловидівка
с.,Олефірівка
с.,Демидівка
с.,Гуньки
с.,Ковалі
с.,Найденівка
с.,Радочини
с.,Щербухи
с.,Яремівка
с.,Запсілля
с.,Крамаренки
с.,Степівка
с.,Кам'яні Потоки
с.,Ройове
с.,Садки
с.,Чикалівка
с.,Кобелячок
с.,Малики
с.,Келеберда
с.,Майбородівка
с.,Мирне
с.,Писарщина
с.,Максимівка
с.,Недогарки
с.,Панівка
с.,Пащенівка
с.,Рокитне-Донівка
с.,Омельник
с.,Варакути
с.,Литвиненки
с.,Пустовіти
с.,Федоренки
с.,Піщане
с.,Ковалівка
с.,Кривуші
с.,Потоки
с.,Дзержинське
с.,Мала Кохнівка
с.,Соснівка
с.,Пришиб
с.,Єристівка
с.,Роботівка
с.,Рокитне
с.,Онищенки
с.,П'ятихатки
с.,Романки
с.,Щербаки
с.,Салівка
с.,Карпівка
с.,Махнівка
с.,Петрашівка
с.,Червона Знам'янка
с.,Вільна Терешківка
с.,Ялинці
с.,Воскобійники
с.,Кіндрівка
с.,Михайленки
с.,Пухальщина
с.,Самусіївка
м.,Лохвиця
с.,Криниця
м.,Червонозаводське
с.,Вишневе
с.,Безсали
с.,Вишеньки
с.,Мехедівка
с.,Озерне
с.,Сокириха
с.,Червона Слобідка
с.,Бербениці
с.,Білогорілка
с.,Воля
с.,Ручки
с.,Бодаква
с.,Заморіївка
с.,Нижня Будаківка
с.,Пісочки
с.,Хрулі
с.,Червоні Луки
с.,Васильки
с.,Гаївщина
с.,Христанівка
с.,Вирішальне
с.,Бешти
с.,Високе
с.,Гірки
с.,Миколаївка
с.,Сльозиха
с.,Часниківка
с.,Шкадрети
с.,Гиряві Ісківці
с.,Веселе
с.,Зірка
с.,Млини
с.,Пролетар
с.,Слобідка
с.,Старий Хутір
с.,Червона Балка
с.,Чижі
с.,Шевченкове
с.,Ісківці
с.,Дрюківщина
с.,Овдіївка
с.,Скоробагатьки
с.,Яблунівка
с.,Корсунівка
с.,Вовківське
с.,Комсомольське
с.,Пласківщина
с.,Саранчине
с.,Луценки
с.,Нове
с.,Лука
с.,Юсківці
с.,Піски
с.,Шевченки
с.,Яремівщина
с.,Погарщина
с.,Дібрівне
с.,Риги
с.,Венслави
с.,Пестичевське
с.,Свиридівка
с.,Дереківщина
с.,Парницьке
с.,Степуки
с.,Яшники
с.,Сенча
с.,Лучка
с.,Рудка
с.,Токарі
с.,Гамаліївка
с.,Долинка
с.,Пучківщина
с.,Руда
с.,Харківці
с.,Архипівка
с.,Западинці
с.,Яхники
с.,Романиха
с.,Шмиглі
с.,Березівка
с.,Кревелівка
с.,Тотчине
с.,Шинківщина
с.,Березоточа
с.,Суха Солониця
с.,Біївці
с.,Горобії
с.,Єнківці
с.,Вовчик
с.,Висачки
с.,Вовча Долина
с.,Кузубівка
с.,Войниха
с.,Куп'єваха
с.,Піски
с.,Тернівщина
с.,Вищий Булатець
с.,Кононівка
с.,Малий В'язівок
с.,Нижній Булатець
с.,Чуднівці
с.,Духове
с.,Гінці
с.,Карпилівка
с.,Ждани
с.,Ісківці
с.,Пулинці
с.,Калайдинці
с.,Клепачі
с.,Лушники
с.,Халепці
с.,Хитці
с.,Литвяки
с.,Жовтневе
с.,Червоні Пологи
с.,Мацківці
с.,Мацкова Лучка
с.,Мгар
с.,Вільшанка
с.,Луки
с.,Михнівці
с.,В'язівок
с.,Олександрівка
с.,П'ятигірці
с.,Терни
с.,Новаки
с.,Пишне
с.,Новооріхівка
с.,Величківка
с.,Ромодан
с.,Оріхівка
с.,Барвінщина
с.,Крем'янка
с.,Матяшівка
с.,Свічківка
с.,Стадня
с.,Окіп
с.,Селюків
с.,Остапівка
с.,Богодарівка
с.,Макарівщина
с.,Степурі
с.,Снітин
с.,Броварки
с.,Ремівка
с.,Засулля
с.,Солониця
с.,Тарандинці
с.,Вили
с.,Губське
с.,Тишки
с.,Крутий Берег
с.,Хорошки
с.,Давиденки
с.,Ломаки
с.,Снітине
с.,Чернече
с.,Шеки
с.,Хитці
с.,Шершнівка
с.,Назарівка
смт,Машівка
с.,Абрамівка
с.,Нова Павлівка
с.,Андріївка
с.,Красногірка
с.,Базилівщина
с.,Дмитрівка
с.,Калинівка
с.,Коновалівка
с.,Усть-Лип'янка
с.,Кошманівка
с.,Богданівка
с.,Миронівка
с.,Кустолово-Суходілка
с.,Мала Нехвороща
с.,Свистунівка
с.,Михайлівка
с.,Жирківка
с.,Любимівка
с.,Первомайське
с.,Новий Тагамлик
с.,Вільне
с.,Козельщина
с.,Огуївка
с.,Павлівка
с.,Грабівщина
с.,Ряське
с.,Сахнівщина
с.,Вовча Балка
с.,Григорівка
с.,Петрівка
с.,Селещина
с.,Латишівка
с.,Сухоносівка
с.,Тимченківка
с.,Старицьківка
с.,Зоря
с.,Олексіївка
с.,Рубанівка
с.,Сонячне
смт,Комишня
с.,Булуки
с.,Лісове
с.,Ступки
с.,Шульги
смт,Ромодан
с.,Конюшеве
с.,Сотницьке
с.,Шарківщина
с.,Білики
с.,Лещенки
с.,Марченки
с.,Милашенкове
с.,Великий Байрак
с-ще,Декабристів
с.,Довгалеве
с.,Цисеве
с.,Велика Обухівка
с.,Панасівка
с.,Сакалівка
с.,Великі Сорочинці
с.,Вовнянка
с.,Гаркушинці
с.,Рибальське
с.,Дібрівка
с.,Верховина
с.,Веселе
с.,Глибоке
с.,Котлярі
с.,Показове
с.,Стовбине
с.,Шпакове
с.,Зубівка
с.,Руда
с.,Зуївці
с.,Кибинці
с.,Бієве
с.,Клюшниківка
с.,Андріївка
с.,Вовки
с.,Гасенки
с.,Григорівка
с-ще,Дібрівка
с.,Залізняки
с.,Сохацьке
с.,Травневе
с.,Штомпелі
с.,Остапівка
с.,Верхня Будаківка
с.,Онацьке
с.,Панченки
с.,Синьощоки
с.,Петрівці
с.,Кузьменки
с.,Полив'яне
с.,Іващенки
с.,Купівщина
с.,Радченки
с.,Попівка
с.,Велика Грем'яча
с.,Мала Грем'яча
с.,Савинці
с.,Зелений Кут
с.,Олефірівка
с.,Семеренки
с.,Слобідка
с.,Мальці
с.,Носенки
с.,Осове
с.,Солонці
с.,Бессараби
с.,Коптів
с.,Мареничі
с.,Хомутець
с.,Довгалівка
с.,Малі Сорочинці
с.,Черевки
с.,Бакумівка
с.,Новоселиця
с.,Прокоповичі
с.,Радченкове
с.,Сажка
с.,Скиданки
с.,Черкащани
с.,Безводівка
с.,Запорожці
с.,Мокріївка
с.,Петрівка
с.,Писарівка
с.,Фуглі
с.,Шахворостівка
с.,Деркачі
с.,Любівщина
с.,Малинівка
с.,Трудолюб
с.,Ярмаки
с.,Ємці
с.,Єрки
смт,Нові Санжари
с.,Богданівка
с.,Варварівка
с.,Великий Кобелячок
с.,Козуби
с.,Сулими
с.,Шовкопляси
с.,Великі Солонці
с.,Пологи-Низ
с.,Галущина Гребля
с.,Мушина Гребля
с.,Драбинівка
с.,Веселка
с.,Вовківка
с.,Довга Пустош
с.,Зачепилівка
с.,Клюсівка
с.,Крута Балка
с.,Вільний Степ
с.,Дудкин Гай
с.,Кунцеве
с.,Балівка
с.,Вісичі
с.,Ганжі
с.,Собківка
с.,Кустолове
с.,Малі Солонці
с.,Лелюхівка
с.,Забрідки
с.,Лівенське
с.,Малий Кобелячок
с.,Горобці
с.,Ємцева Долина
с.,Лахни
с.,Олійники
с.,Мала Перещепина
с.,Велике Болото
с.,Кустолове Перше
с.,Маньківка
с.,Пристанційне
с.,Маячка
с.,Губарівка
с.,Рекунівка
с.,Нехвороща
с.,Писарівка
с.,Пологи
с.,Лисівка
с.,Стрижівщина
с.,Полузір'я
с.,Бондури
с.,Дмитренки
с.,Попове
с.,Бечеве
с.,Старі Санжари
с.,Руденківка
с.,Дубина
с.,Мар'янівка
с.,Пудлівка
с.,Соколова Балка
с.,Андріївка
с.,Світлівщина
с.,Стовбина Долина
с.,Грекопавлівка
с.,Давидівка
с.,Коби
с.,Судівка
с.,Бридуни
с.,Назаренки
с.,Шпортьки
с.,Супротивна Балка
с.,Кальницьке
с.,Пасічне
с.,Суха Маячка
с.,Ленінове
с.,Оборона Рад
с.,Шедієве
с.,Бурти
смт,Оржиця
с.,Маяківка
смт,Новооржицьке
с.,Воронинці
с.,Козаче
с.,Котляревське
с.,Максимівщина
с.,Новоселівка
с.,Приймівщина
с.,Денисівка
с.,Теремецьке
с.,Чмихалове
с.,Заріг
с.,Золотухи
с.,Тарасенкове
с.,Круподеринці
с-ще,Куйбишеве
с-ще,Нове
с.,Тимки
с.,Хоружівка
с-ще,Іванівка
с.,Несено-Іржавець
с.,Лазірки
с.,Лукім'я
с.,Дмитрівка
с.,Загребля
с.,Колодна
с.,Нижній Іржавець
с.,Чернета
с.,Онішки
с.,Плехів
с.,Тарасівка
с.,Райозеро
с.,Полуніївка
с.,Савинці
с.,Грабів
с.,Сазонівка
с.,Великоселецьке
с.,Малоселецьке
с.,Старий Іржавець
с.,Чайківщина
с.,Чевельча
с.,Черевки
с.,Заріччя
с.,Сліпорід
с.,Хорошки
с.,Чутівка
с.,Новий Іржавець
с.,Яблуневе
с.,Загребелля
с.,Залужне
с.,Пилиповичі
м.,Пирятин
с.,Верхоярівка
с.,Голобородька
с.,Замостище
с.,Заріччя
с.,Ївженки
с.,Калинів Міст
с.,Олександрівка
с.,Могилівщина
с.,Рівне
с.,Білоцерківці
с.,Яцини
с.,Березова Рудка
с.,Вечірки
с.,Крячківка
с.,Мар'їнське
с.,Велика Круча
с.,Мала Круча
с.,Повстин
с.,Вікторія
с.,Архемівка
с.,Грабарівка
с.,Давидівка
с.,Гурбинці
с.,Кроти
с.,Нові Мартиновичі
с.,Дейманівка
с.,Прихідьки
с.,Шкурати
с.,Каплинці
с.,Усівка
с.,Малютинці
с.,Сасинівка
с.,Кейбалівка
с.,Леляки
с.,Меченки
с.,Першотравневе
с.,Червоне
с.,Смотрики
с.,Теплівка
с.,Харківці
с.,Високе
с.,Вишневе
с.,Абазівка
с.,Лаврики
с.,Рожаївка
с.,Соломахівка
с.,Червона Долина
с.,Бричківка
с.,Гринівка
с.,Петрівка
с.,Валок
с.,Каплунівка
с.,Лозівка
с.,Очканівка
с.,Василівка
с.,Мале Ладижине
с.,Гожули
с.,Андріївка
с.,Зорівка
с.,Біологічне
с.,Заворскло
с.,Ватажкове
с.,Головач
с.,Лукищина
с.,Минівка
с.,Портнівка
с.,Калашники
с.,Гвоздиківка
с.,Клименки
с.,Малі Козуби
с.,Михайлики
с.,Писаренки
с.,Підлепичі
с.,Сердюки
с.,Твердохліби
с.,Кірове
с.,Бугаївка
с.,Витівка
с.,Гутирівка
с.,Карпусі
с.,Келебердівка
с.,Косточки
с.,Уманцівка
с.,Циганське
с.,Ковалівка
с.,Андрушки
с.,Бочанівка
с.,Верхоли
с.,Грабинівка
с.,Давидівка
с.,Залізничне
с.,Затурине
с.,Їжаківка
с.,Макухівка
с.,Соснівка
с.,Кротенки
с.,Олепіри
с.,Патлаївка
с.,Тернівщина
с.,Яцинова Слобідка
с.,Куликове
с.,Дудникове
с.,Степанівка
с.,Мачухи
с.,Байрак
с.,Васьки
с.,Кованчик
с.,Куклинці
с.,Мазурівка
с.,Миколаївка
с.,Снопове
с.,Надержинщина
с.,Божківське
с.,Забаряни
с.,Кованьківка
с.,Шили
с.,Нестеренки
с.,Березівка
с.,Васильці
с.,Головки
с.,Гонтарі
с.,Мар'ївка
с.,Ступки
с.,Сусідки
с.,Микільське
с.,Безручки
с.,Бузова Пасківка
с.,Ваці
с.,Зінці
с.,Кашубівка
с.,Клюшники
с.,Курилехівка
с.,Мале Микільське
с.,Марківка
с.,Цибулі
с.,Новоселівка
с.,Брунівка
с.,Вільховий Ріг
с.,Крюкове
с.,Пасківка
с.,Терентіївка
с.,Рунівщина
с.,Гаврилки
с.,Глоби
с.,Карнаухи
с.,Сягайли
с.,Улянівка
с.,Фисуни
с-ще,Степне
с.,Судіївка
с.,Шевченки
с.,Супрунівка
с.,Говтвянчик
с.,Івашки
с.,Мильці
с.,Шостаки
с.,Тахтаулове
с.,Жуки
с.,Терешки
с.,Копили
с.,Великий Тростянець
с.,Буланове
с.,Вищі Вільшани
с.,Квіткове
с.,Малий Тростянець
с.,Нижні Вільшани
с.,Пожарна Балка
с.,Сапожине
с.,Черкасівка
с.,Божки
с.,Божкове
с.,Бурти
с.,Вербове
с.,Вільхівщина
с.,Коломак
с.,Опішняни
с.,Чорноглазівка
с.,Бершацьке
с.,Глухове
с.,Долина
с.,Макарцівка
с.,Носівка
с.,Трирогове
с.,Щербані
с.,Гора
с.,Горбанівка
с.,Нижні Млини
с.,Розсошенці
с.,Тютюнники
с.,Шмиглі
м.,Решетилівка
с.,Білоконі
с.,Ганжі
с.,Колотії
с.,Прокопівка
с.,Сені
с.,Слюсарі
с.,Хоружі
с.,Шкурупіївка
с.,Чернещина
с.,Демидівка
с.,Андріївка
с.,Литвинівка
с.,Нова Диканька
с.,Пустовари
с-ще,Жовтневе
с.,Бабичі
с.,Голуби
с.,Кривки
с.,Писаренки
с.,Тутаки
с.,Шкурупії
с.,Каленики
с.,Хрещате
с.,Кукобівка
с.,Дмитренки
с.,Долина
с.,Коломак
с.,Кузьменки
с.,Лютівка
с.,Лиман Другий
с.,Братешки
с.,Дем'янці
с.,Коліньки
с.,Потеряйки-Горові
с.,Шишацьке
с.,Лиман Перший
с.,Бузинівщина
с.,Мирне
с.,Тури
с.,Лобачі
с.,Глибока Балка
с.,Коржі
с.,Крохмальці
с.,Тривайли
с.,Малий Бакай
с.,Бакай
с.,Гришки
с.,Мушти
с.,М'якеньківка
с.,Михнівка
с.,Шрамки
с.,Нова Михайлівка
с.,Молодиківщина
с.,Потеряйки
с.,Шарлаї
с.,Пащенки
с.,Гольманівка
с.,Паськівка
с.,Яценки
с.,Піщане
с.,Славки
с.,Плоске
с.,Браїлки
с.,Левенцівка
с.,Твердохліби
с.,Чередники
с.,Потічок
с.,Миколаївка
с.,Нагірне
с.,Пасічники
с.,Сухорабівка
с.,Березняки
с.,Підок
с.,Федіївка
с.,Лучки
с.,Шевченкове
с.,Дружба
с.,Фрунзівка
с.,Шамраївка
с.,Шилівка
с.,Онищенки
с.,Паненки
смт,Семенівка
с.,Тарасівка
с.,Біляки
с.,Грицаї
с.,Поділ
с.,Богданівка
с.,Байрак
с.,Курганне
с.,Василівка
с.,Білогуби
с.,Брусове
с.,Чаплинці
с.,Веселий Поділ
с.,Паніванівка
с.,Вереміївка
с.,Карпиха
с.,Горошине
с.,Гаївка
с.,Кукоби
с.,Старий Калкаїв
с.,Жовтневе
с.,Калинівка
с.,Нова Петрівка
с.,Осокори
с.,Заїчинці
с.,Бакумівка
с.,Середине
с.,Тройняки
с.,Іванівка
с.,Крива Руда
с.,Великі Липняги
с.,Малі Липняги
с.,Наріжжя
с.,Матвіївка
с.,Новий Калкаїв
с.,Оболонь
с.,Зікранці
с.,Наталенки
с.,Тукали
с.,Очеретувате
с.,Вільне
с.,Погребняки
с.,Дем'янівка
с.,Мирони
с.,Пузирі
с.,Бурбине
с.,Василяки
с.,Лукашівка
с.,Строкачі
с.,Степанівка
с.,Бурімка
с.,Товсте
с.,Бадьорівка
с.,Греблі
с.,Нова Олександрівка
с.,Новоселиця
с.,Слюзівка
с.,Червоний Лиман
с.,Устимівка
с.,Вербки
с.,Герасимівка
с.,Єгорівка
с.,Чапаєвка
с.,Шепелівка
с.,Худоліївка
м.,Хорол
с.,Андріївка
с.,В'язівок
с.,Дубове
с.,Козубівка
с.,Новий Байрак
с.,Софине
с.,Третякове
с.,Березняки
с.,Вишняки
с.,Вербине
с.,Демина Балка
с.,Костюки
с.,Павленки
с.,Грушине
с.,Бубереве
с.,Кулиничі
с.,Широке
с.,Клепачі
с.,Вергуни
с.,Іващенки
с.,Ковалі
с.,Барилове
с.,Мелюшки
с.,Мусіївка
с.,Бурлаки
с.,Дації
с.,Лазьки
с.,Мартинівка
с.,Мищенки
с.,Стара Мусіївка
с.,Хоменки
с.,Шкилі
с.,Новачиха
с.,Зубенки
с.,Левченки
с.,Оріхівщина
с.,Остапенки
с.,Новоаврамівка
с.,Мала Попівка
с.,Попівка
с.,Петракіївка
с.,Куторжиха
с.,Середнє
с.,Хвощівка
с.,Петрівка
с.,Гирине
с.,Єньки
с.,Лози
с.,Садове
с.,Покровська Багачка
с.,Настасівка
с.,Староаврамівка
с.,Бутівці
с.,Глибока Долина
с.,Пристань
с.,Радьки
с.,Стайки
с.,Улянівка
с.,Тарасівка
с.,Єрківці
с.,Запорожчине
с.,Іванці
с.,Трубайці
с.,Бовбасівка
с.,Кулики
с.,Хильківка
с.,Григорівка
с.,Шишаки
с.,Павлівка
с.,Падусі
с.,Рибченки
с.,Штомпелівка
с.,Бочки
с.,Ванжина Долина
с.,Варварівка
с.,Ковтуни
с.,Коломійцеве Озеро
с.,Лісянщина
с.,Лобкова Балка
с.,Наталівка
с.,Ставки
с.,Шарківщина
с.,Ялосовецьке
с.,Барилівщина
с.,Бригадирівка
с.,Кривці
с.,Лагодівка
с.,Миколаївка
с.,Новоіванівка
с.,Орликівщина
с.,Роплянське
с.,Червоне
смт,Чорнухи
с.,Богданівка
с.,Білоусівка
с.,Синяківщина
с.,Суха Лохвиця
с.,Богодарівка
с.,Голотівщина
с.,Осняг
с.,Вороньки
с.,Гайки
с.,Красне
с.,Нова Діброва
с.,Пізники
с.,Яцюкове
с.,Гільці
с.,Нова Петрівщина
с.,Кізлівка
с.,Біличеве
с.,Галяве
с.,Ковалі
с.,Липове
с.,Курінька
с.,Нетратівка
с.,Скибинці
с.,Луговики
с.,Бубни
с.,Мелехи
с.,Городище
с.,Загребелля
с.,Мокіївка
с.,Піски-Удайські
с.,Постав-Мука
с.,Лісова Слобідка
с.,Пацали
с.,Сухоносівка
с.,Харсіки
с.,Бондарі
с.,Нехристівка
с.,Хейлівщина
с.,Олександрівка
с.,Чаплинка
смт,Чутове
с.,Водяне
с.,Кантемирівка
с.,Лисича
с.,Новофедорівка
с.,Охоче
с.,Стінка
смт,Артемівка
с.,Жовтневе
с.,Коханівка
с.,Степанівка
с.,Шевченківка
с.,Василівка
с.,Лозуватка
с.,Розпашне
с.,Войнівка
с.,Виноминівка
с.,Сторожове
с.,Вільниця
с.,Лисівщина
с.,Флорівка
с.,Грякове
с.,Дондасівка
с.,Нове Грякове
с.,Зеленківка
с.,Смородщина
с.,Тойбік
с.,Юнаки
с.,Іскрівка
с.,Нова Кочубеївка
с.,Первозванівка
с.,Підгірне
с.,Вільхуватка
с.,Левенцівка
с.,Скибівка
с.,Рябківка
с.,Трудолюбівка
с.,Таверівка
с.,Першотравневе
с.,Червоне
с.,Филенкове
с.,Березове
с.,Козаче
с.,Никонорівка
с.,Щорсівка
с.,Чапаєве
с.,Майорівка
с.,Черняківка
с.,Верхні Рівні
с.,Кочубеївка
с.,Нижні Рівні
смт,Шишаки
с.,Бабичі
с.,Вишневе
с.,Григорівщина
с.,Легейди
с.,Товсте
с.,Хвощове
с.,Ходосиха
с.,Чернишівка
с.,Баранівка
с.,Велика Бузова
с.,Дем'янки
с.,Зелене
с.,Мала Бузова
с.,Науменки
с.,Низова Яковенщина
с.,Тищенки
с.,Цьови
с.,Яковенщина-Горова
с.,Великий Перевіз
с.,Пелагеївка
с.,Першотравневе
с.,Самари
с.,Воскобійники
с.,Величкове
с.,Вертелецьке
с.,Носи
с.,Романки
с.,Сулими
с.,Гоголеве
с.,Воронянщина
с.,Маликівщина
с.,Шарлаївка
с.,Шафранівка
с.,Жоржівка
с.,Киселиха
с.,Колодяжне
с.,Павлівка
с.,Христівка
с.,Ковалівка
с.,Куйбишеве
с.,Климове
с.,Малий Перевіз
с.,Маначинівка
с.,Ковердина Балка
с.,Гребеняки
с.,Маслівці
с.,Швадрони
с.,Михайлики
с.,Порскалівка
с.,Харенки
с.,Пришиб
с.,Гнатенки
с.,Горішнє
с.,Коляди
с.,Криворучки
с.,Переводчикове
с.,Сагайдак
с.,Дмитрівка
с.,Кирпотівка
с.,Лещани
с.,Луці
с.,Принцеве
с.,Салимівщина
с.,Чорнобаї
с.,Федунка
с.,Білаші
с.,Зозулі
с.,Мірошники
с.,Раївка
с.,Римиги
с.,Яреськи
с.,Бухуни
с.,Гончарі
с.,Нижні Яреськи
с.,Соснівка
с.,Хвальки
с.,Сталінівка
с.,Мойсинці
с.,Зайців
с.,Сталіна
с.,Крупське
с.,Литвинівка
с.,Киричаї
с.,Запсілля
с.,Кагамлик
с.,"с-ще радгоспу
""Індустрія"""
с.,Бондусі
с.,Шепелівка
с.,Пинчуки
с.,Ковдиші
с.,Ненадихо-Павлівка
с.,Сталіна
с.,Чапаєва
с-ще,"с-ще Жорняківського
радгоспу"
с.,Димедівка
с.,Жорняки
с.,Кащівка
с.,Миколаївка
с.,Струтунівка
с.,Дикове
с.,Броварки
с.,Глушкове
с.,Степне
с.,Молотовське
с.,Баранники
с.,Демченкове
с.,Кащаї
с.,Телятники
с.,Новоселівка
с.,Поділ
с.,Драбинівка
с.,Андрєєва
с.,Високе
с.,Скоробагатьки
смт,Сталінка
с.,Окіп
с-ще,"с-ще радгоспу ""
Вишневий"""
с.,Перше Травня
с.,Ворошиловка
с.,Миловидівка
с.,Паризької Комуни
с.,Шилівка
с.,Натягайлівка
с.,Закроїха
с.,Шевченки
с.,Дібрівка
с.,Забодаква
с.,Дідів Яр
с.,Ромоданівка
с.,Пестечівське
с.,Ворошиловка
с.,Шкадретів
с.,Слюзиха
с.,"с-ще радгоспу ""
Вирішальний"""
с.,Ромашки
с.,Ячники
с.,Соколівщина
с.,Криси
с.,Тарасівка
с.,Шевченківка
с.,Павлівка
с.,Василівка
с.,Павлівка
с.,Колодязне
с.,Борисівка
с.,"Новоселівка-
Шевченкове"
с.,Барабаші
с-ще,"с-ще Величківського
радгоспу"
с.,Дорошівка
с.,Самусівка
с.,Кучерівка
с.,Низи
с.,Кириленки
с.,Шевці
с.,Білоконі
с.,Решетники
с.,Гадючине
с.,Ромоданівка
с.,Онишки
с.,Петровського
с.,Підозерка
с.,Гаюново-Пащівський
с.,Олексіївка
с.,Ріжки
с.,Загребелля
с.,"с-ще радгоспу ім.
Куйбишева"
с.,Василівка
с.,Дамаски
с-ще,"с-ще 2-го відділку
радгоспу ім.
Куйбишева"
с.,Передерїівка
с.,Івахненки
с.,Савулівка
с.,Козирухівка
с.,Холодівщина
с.,Зазекали
с.,Лазні
с.,Кочубеївка
с.,Мар'янське
с.,Корещина
с.,Коржівка
с.,Гришківка
с.,Кирсівка
с.,Заводище
с.,Хрести
с.,Натягайлівка
с.,Круглик
с.,Савицьке
с.,Вільне
с.,Могильне
с.,Петрівка
с.,Піщане
с.,"с-ще Лип`янського
відділку Жовтневого
цукрокрмбінату"
с-ще,"с-ще відділку
радгоспу ім.
Ворошилова
Линовецького
цукрокомбінату"
с.,Варвянське
с-ще,"с-ще
Голобородківського
радгоспу"
с-ще,"c-ще Михайлівського
відділу радгоспу"
с.,Красне
с.,"c-ще Тагамлицького
відділу радгоспу"
с.,Сталінка
с.,Привільне
с.,Коржівка
с.,Петрівка
с.,Нові Павучки
с.,Мищенки
с.,Черевки
с.,Майське
с.,Новий Антополь
с.,Назаренки
с.,Глушачі
с.,Пізняки
с.,Горобці
с.,Петренки
с.,Піски
с.,Мирне
с.,Чередники
с.,Байрак
с-ще,"с-ще зал. стан.
Яреськи"
с.,Жабокрики
с-ще,"с-ще Жовтневого
відділу Артемівського
радгоспу"
с-ще,"с-ще Коханівського
відділу Артемівського
радгоспу"
с-ще,"с-ще Шевченківського
відділу Артемівського
радгоспу"
с.,Федорівка
с-ще,"с-ще Таврівського
радгоспу"
с-ще,"с-ще відділу Майдан
Таврівського радгоспу"
с.,Рибці
с-ще,"с-ще радгоспу
Лозоватка"
с.,Червона Поляна
с.,Байрак
с.,Воєводське
с.,Велике Ладижине
с.,Шостаки
с.,Новоселівка
с.,Фісуни
с.,Зачепилівка
с.,Крутий Берег
с.,Вакулинці
с.,"с-ще радгоспу ім.
Червоної Армії"
с.,Козуби
с.,Квасилів Перший
с.,Багачка
с.,Посмашнівка
с.,Малинщина
с.,Лейків
с-ще,"с-ще радгоспу
""Жовтень"""
с.,Василівка
с.,Шевченки
с.,Сіриківська Долина
с.,Старожабківське
с.,Івашківка
с.,Ромоданівка
с.,Кишеньці
с.,Іванівка
с.,"с-ще радгоспу ім.
Чапаєва"
с.,Гоголеве
с.,Малий Байрак
с.,Остапівка
с.,Солоха
с.,Їжаки
с.,Гергели
с-ще,"с-ще залізничної
станції Дібрівка"
с.,Ясенове
с.,Крива Руда
с.,Житниківка
с-ще,"с-ще Криворудського
радгоспу"
с.,"с-ще Тишенківського
відділку
Халтурівського
цукрокомбінату"
с.,Рибчанське Полузір'я
с.,Падалки
с.,Андріївка
с.,Івонченці
с-ще,"с-ще 5-го відділку
радгоспу
""Вирішальний"""
с.,Олександрівка
с.,Чапаєвка
с.,Гнилосирівка
с-ще,"с-ще Оріхівського
цукрозаводу"
с.,Грабщина
с-ще,"с-ще радгоспу ім.
Декабристів"
с-ще,"с-ще залізничної
станції Юсківці"
с-ще,"с-ще радгоспу ""
Яремівщина"""
с-ще,"с-ще радгоспу ""
Криниця"""
с.,Миколаївка
с.,Ївженка
с.,Малинівка
с-ще,"с-ще радгоспу ""
Єгорівка"""
с.,Харсики
м.,Заводське
с.,Дачне
с.,Покровське
с.,Жабки
с.,Мар’янівка
смт,Панське
с.,Вітрова Балка
с.,Павлики
с.,Мальці
м.,Горішні Плавні
с.,Степове
с.,Петрашівка
с.,Сергіївка
с.,Троїцьке
с.,Капустяни
с.,Сотницьке
с.,Польове
с.,Почаївка
с.,Пірки
с.,Рокити
с.,Мирне
с.,Потоцьківщина
с.,Княжа Лука
с.,Павлівка
с.,Петрівка
с.,Покровське
с.,Зарічне
с.,Діброва
с-ще,Мартинівка
с.,Знаменка
с.,Білоконівка
с.,Лебедине
с.,Придніпрянське
с.,Вишневе
с.,Степове
с.,Гора
с.,Придніпрянське
с.,Нова Знам'янка
с.,Степне
с.,Лугове
с.,Райдужне
с.,Вишневе
с.,Пальчиківка
с.,Сем'янівка
с.,Коломацьке
с-ще,Покровське
с.,Вишневе
с.,Щасливе
с.,Степове
смт,Скороходове
с.,Малинівка
с.,Мокрії
с.,Новоселівка
