м.,Рівне
м.,Дубно
м.,Кузнецовськ
м.,Острог
м.,Березне
смт,Соснове
с.,Адамівка
с.,Великі Селища
с.,Вілля
с.,Глибочок
с.,Іванівка
с.,Балашівка
с.,Лінчин
с.,Михалин
с.,Сівки
с.,Бронне
с.,Білка
с.,Підгало
с.,Бистричі
с.,Велике Поле
с.,Велика Купля
с.,Замостище
с.,Яблунне
с.,Вітковичі
с.,Голубне
с.,Городище
с.,Орлівка
с.,Грушівка
с.,Ведмедівка
с.,Вільхівка
с.,Грушівська Гута
с.,Ялинівка
с.,Губків
с.,Мочулянка
с.,Друхів
с.,Зірне
с.,Кам'янка
с.,Антонівка
с.,Кургани
с.,Малинськ
с.,Карачун
с.,Малушка
с.,Маринин
с.,Більчаки
с.,Моквин
с.,Новий Моквин
с.,Поліське
с.,Озірці
с.,Поляни
с.,Прислуч
с.,Колодязне
с.,Хотин
с.,Тишиця
с.,Богуші
с.,Князівка
с.,Хмелівка
с.,Совпа
с.,Яринівка
с.,Яцьковичі
смт,Володимирець
смт,Рафалівка
с.,Антонівка
с.,Чаква
с.,Балаховичі
с.,Маюничі
с.,Острів
с.,Біле
с.,Малі Телковичі
с.,Новосілки
с.,Більська Воля
с.,Березина
с.,Кругле
с.,Рудка
с.,Берестівка
с.,Острівці
с.,Великий Жолудськ
с.,Малий Жолудськ
с.,Мостище
с.,Чучеве
с.,Великі Телковичі
с.,Бишляк
с.,Великі Цепцевичі
с.,Нетреба
с.,Воронки
с.,Луко
с.,Городець
с.,Велихів
с.,Сварині
с.,Довговолля
с.,Жовкині
с.,Заболоття
с.,Каноничі
с.,Дубівка
с.,Кідри
с.,Красносілля
с.,Зелене
с.,Липне
с.,Лозки
с.,Кошмаки
с.,Суховоля
с.,Любахи
с.,Чудля
с.,Мульчиці
с.,Журавлине
с.,Кримне
с.,Уріччя
с.,Новаки
с.,Озерці
с.,Городок
с.,Озеро
с.,Полиці
с.,Веретено
с.,Іванчі
с.,Сошники
с.,Половлі
с.,Зелениця
с.,Ромейки
с.,Собіщиці
с.,Сопачів
с.,Діброва
с.,Щоків
с.,Стара Рафалівка
с.,Бабка
с.,Степангород
с.,Хиночі
с.,Радижеве
смт,Гоща
с.,Бабин
с.,Підліски
с.,Бочаниця
с.,Бугрин
с.,Башине
с.,Вільгір
с.,Зарічне
с.,Колесники
с.,Новоставці
с.,Угільці
с.,Воскодави
с.,Горбаків
с.,Дорогобуж
с.,Іллін
с.,Мнишин
с.,Подоляни
с.,Томахів
с.,Шкарів
с.,Дроздів
с.,Горбів
с.,Микулин
с.,Дуліби
с.,Жаврів
с.,Глибочок
с.,Красносілля
с.,Витків
с.,Чудниця
с.,Кринички
с.,Річиця
с.,Ючин
с.,Курозвани
с.,Липки
с.,Андрусіїв
с.,Вовкошів
с.,Дружне
с.,Майків
с.,Малинівка
с.,Воронів
с.,Діброва
с.,Малятин
с.,Матіївка
с.,Мичів
с.,Мощони
с.,Пустомити
с.,Посягва
с.,М'ятин
с.,Олексіївка
с.,Сергіївка
с.,Ясне
с.,Рясники
с.,Дмитрівка
с.,Садове
с.,Жалянка
с.,Люцинів
с.,Русивель
с.,Пашуки
с.,Симонів
с.,Франівка
с.,Синів
с.,Терентіїв
с.,Тучин
с.,Полівці
с.,Федорівка
смт,Демидівка
с.,Дубляни
с.,Лішня
с.,Боремель
с.,Новий Тік
с.,Набережне
с.,Смиків
с.,Шибин
с.,Вербень
с.,Товпижин
с.,Вовковиї
с.,Глибока Долина
с.,Копань
с.,Золочівка
с.,Ниви-Золочівські
с.,Ільпибоки
с.,Вишневе
с.,Охматків
с.,Перекалі
с.,Берестечко
с.,Більче
с.,Малеве
с.,Пашева
с.,Рогізне
с.,Калинівка
с.,Рудка
с.,Вичавки
с.,Лопавше
с.,Лисин
с.,Хрінники
смт,Смига
с.,Берег
с.,Комарівка
с.,Миньківці
с.,Онишківці
с.,Сапанівчик
с.,Тур'я
с.,Варковичі
с.,Зелений Гай
с.,Крилів
с.,Верба
с.,Білогородка
с.,Софіївка Перша
с.,Софіївка Друга
с.,Гірники
с.,Збитин
с.,Здовбиця
с.,Злинець
с.,Клинці
с.,Іваннє
с.,Бортниця
с.,Зелене
с.,Кліщиха
с.,Кривуха
с.,Лебедянка
с.,Княгинин
с.,Білоберіжжя
с.,Боцянівка
с.,Заруддя
с.,Листвин
с.,Молодіжне
с.,Нараїв
с.,Острів
с.,Травневе
с.,Майдан
с.,Малі Сади
с.,Великі Сади
с.,Мильча
с.,Пирятин
с.,Мирогоща Перша
с.,Костянець
с.,Липа
с.,Мирогоща Друга
с.,Мокре
с.,Молодаво Третє
с.,Молодаво Перше
с.,Молодаво Друге
с.,Озеряни
с.,Квітневе
с.,Копани
с.,Нагірне
с.,Плоска
с.,Бірки
с.,Дитиничі
с.,Клюки
с.,Переросля
с.,Судобичі
с.,Повча
с.,Будераж
с.,Привільне
с.,Дубрівка
с.,Панталія
с.,Черешнівка
с.,Птича
с.,Замчисько
с.,Кам'яниця
с.,Микитичі
с.,Нова Носовиця
с.,Підлужжя
с.,Стара Носовиця
с.,Турковичі
с.,Рачин
с.,Сатиїв
с.,Дядьковичі
с.,Жорнів
с.,Маяки
с.,Олибів
с.,Семидуби
с.,Грядки
с.,Довге Поле
с.,Залужжя
с.,Іваниничі
с.,Тростянець
с.,Соснівка
с.,Бондарі
с.,Кліпець
с.,Нагоряни
с.,Ясинівка
с.,Стовпець
с.,Дубовиця
с.,Забірки
с.,Кам'яна Верба
с.,Рідкодуби
с.,Тараканів
с.,Великі Загірці
с.,Малі Загірці
с.,Шепетин
с.,Буща
с.,Голуби
с.,Мартинівка
с.,Нова Миколаївка
с.,Стара Миколаївка
с.,Студянка
м.,Дубровиця
с.,Бережки
с.,Узлісся
с.,Бережниця
с.,Білаші
с.,Підлісне
с.,Велюнь
с.,Загребля
с.,Берестя
с.,Великі Озера
с.,Великий Черемель
с.,Різки
с.,Шахи
с.,Висоцьк
с.,Вербівка
с.,Хілін
с.,Жадень
с.,Залужжя
с.,Колки
с.,Заслуччя
с.,Порубка
с.,Лісове
с.,Озерськ
с.,Людинь
с.,Золоте
с.,Партизанське
с.,Рудня
с.,Лютинськ
с.,Миляч
с.,Біле
с.,Лугове
с.,Мочулище
с.,Крупове
с.,Червоне
с.,Нивецьк
с.,Грицьки
с.,Працюки
с.,Осова
с.,Переброди
с.,Будимля
с.,Сварицевичі
с.,Зелень
с.,Селець
с.,Ясинець
с.,Соломіївка
с.,Кураш
с.,Орв'яниця
с.,Трипутня
с.,Вільне
с.,Грані
с.,Залішани
с.,Кривиця
с.,Літвиця
с.,Тумень
с.,Бродець
с.,Городище
с.,Удрицьк
с.,Смородськ
с.,Хочин
смт,Зарічне
с.,Іванчиці
с.,Чернин
с.,Борове
с.,Лисичин
с.,Млинок
с.,Вичівка
с.,Бродниця
с.,Бутове
с.,Дібрівськ
с.,Вовчиці
с.,Зелена Діброва
с.,Кутин
с.,Задовже
с.,Заозер'я
с.,Кутинок
с.,Любинь
с.,Кухітська Воля
с.,Ждань
с.,Острівськ
с.,Кухче
с.,Новосілля
с.,Радове
с.,Локниця
с.,Храпин
с.,Морочне
с.,Мутвиця
с.,Неньковичі
с.,Комори
с.,Нобель
с.,Дідівка
с.,Котира
с.,Млин
с.,Новорічиця
с.,Голубне
с.,Омит
с.,Гориничі
с.,Ниговищі
с.,Перекалля
с.,Річки
с.,Тиховиж
с.,Річиця
с.,Коник
с.,Привітівка
с.,Сенчиці
с.,Дубчиці
с.,Прикладники
с.,Серники
с.,Бір
с.,Олександрове
с.,Соломир
м.,Здолбунів
смт,Мізоч
с.,Клопіт
с.,Мізочок
с.,Озерко
с.,Білашів
с.,Богдашів
с.,Ільпінь
с.,Кошатів
с.,Орестів
с.,Будераж
с.,Зелений Дуб
с.,Мости
с.,Новий Світ
с.,Святе
с.,Буща
с.,Борщівка Перша
с.,Борщівка Друга
с.,Глинськ
с.,Загора
с.,Підцурків
с.,Дермань Друга
с.,Дермань Перша
с.,Здовбиця
с.,Копиткове
с.,Мар'янівка
с.,Новомильськ
с.,Степанівка
с.,Мала Мощаниця
с.,Залібівка
с.,Миротин
с.,В'юнівщина
с.,Гільча Перша
с.,Замлинок
с.,Івачків
с.,Новосілки
с.,Нова Мощаниця
с.,Півче
с.,Суйми
с.,П'ятигори
с.,Спасів
с.,Стеблівка
с.,Цурків
с.,Ступно
с.,Стара Мощаниця
с.,Підгайне
с.,Уїздці
с.,Коршів
с.,Кунин
с.,Урвенна
с.,Гільча Друга
с.,Загребля
с.,Залісся
с.,Йосипівка
с.,Лідава
м.,Корець
с.,Бриків
с.,Богданівка
с.,Черниця
с.,Велика Клецька
с.,Мала Клецька
с.,Топча
с.,Великі Межирічі
с.,Дивень
с.,Застав'я
с.,Колодіївка
с.,Весняне
с.,Гвіздів
с.,Головниця
с.,Забара
с.,Калинівка
с.,Даничів
с.,Жадківка
с.,Старий Корець
с.,Залізниця
с.,Іванівка
с.,Березівка
с.,Коловерти
с.,Користь
с.,Новини
с.,Крилів
с.,Морозівка
с.,Голичівка
с.,Невірків
с.,Жорнівка
с.,Новий Корець
с.,Річки
с.,Ганнівка
с.,Козак
с.,Копитів
с.,Річечина
с.,Самостріли
с.,Городище
с.,Сапожин
с.,Світанок
с.,Бокшин
с.,Бранів
с.,Стовпин
с.,Сторожів
с.,Устя
с.,Дерманка
с.,Франкопіль
с.,Харалуг
с.,Щекичин
с.,Мала Совпа
м.,Костопіль
с.,Великий Мидськ
с.,Великий Стидин
с.,Головин
с.,Базальтове
с.,Берестовець
с.,Іваничі
с.,Садки
с.,Гута
с.,Деражне
с.,Бичаль
с.,Дюксин
с.,Жильжа
с.,Соломка
с.,Суськ
с.,Звіздівка
с.,Корчин
с.,Ставок
с.,Чудви
с.,Злазне
с.,Вигін
с.,Перетоки
с.,Золотолин
с.,Комарівка
с.,Тростянець
с.,Мала Любаша
с.,Борщівка
с.,Лісопіль
с.,Малий Мидськ
с.,Ледне
с.,Осова
с.,Рудня
с.,Малий Стидин
с.,Майдан
с.,Маща
с.,Глажева
с.,Кам'яна Гора
с.,Новий Берестовець
с.,Мирне
с.,Данчиміст
с.,Моквин
с.,Тихе
с.,Пеньків
с.,Брюшків
с.,Мар'янівка
с.,Олександрівка
с.,Пісків
с.,Моквинські Хутори
с.,Рокитне
с.,Яснобір
с.,Підлужне
с.,Велика Любаша
с.,Корчів'я
с.,Космачів
с.,Трубиці
с.,Постійне
с.,Ганнівка
с.,Перелисянка
с.,Яполоть
с.,Волиця
с.,Жалин
с.,Збуж
смт,Млинів
с.,Береги
с.,Перевередів
с.,Бокійма
с.,Козирщина
с.,Владиславівка
с.,Гончариха
с.,Іванівка
с.,Косареве
с.,Новоселівка
с.,Улянівка
с.,Вовничі
с.,Красне
с.,Рудливе
с.,Війниця
с.,Баболоки
с.,Добрятин
с.,Новина-Добрятинська
с.,Остріїв
с.,Травневе
с.,Довгошиї
с.,Кораблище
с.,Радів
с.,Привітне
с.,Терешів
с.,Малин
с.,Підгай
с.,Малі Дорогостаї
с.,Брищі
с.,Мантин
с.,Маслянка
с.,Стоморги
с.,Мальоване
с.,Долина
с.,Новосілки
с.,Заболотинці
с.,Заболоття
с.,Новоукраїнка
с.,Зоряне
с.,Надчиці
с.,Свищів
с.,Острожець
с.,Залав'я
с.,Певжа
с.,Бакорин
с.,Перемилівка
с.,Лукарівка
с.,Мошків
с.,Іванківці
с.,Пітушків
с.,Річище
с.,Тушебин
с.,Підлозці
с.,Велике
с.,Загатинці
с.,Ставрів
с.,Топілля
с.,Радянське
с.,Зборів
с.,Миколаївка
с.,Буди
с.,Гнатівка
с.,Підбрусинь
с.,Яблунівка
с.,Підгайці
с.,Коблин
с.,Озліїв
с.,Ужинець
с.,Посників
с.,Богушівка
с.,Пугачівка
с.,Московщина
с.,Новини
с.,Смордва
с.,Клин
с.,Торговиця
с.,Завалля
с.,Лихачівка
с.,Нове
с.,Уїздці
с.,Борбин
с.,Ставище
с.,Хорупань
с.,Аршичин
с.,Головчиці
с.,Мятин
с.,Пекалів
с.,Ярославичі
с.,Боремець
с.,Велика Городниця
с.,Підлісці
с.,Яловичі
с.,Білашів
с.,Дерев'янче
с.,Радужне
с.,Точевики
с.,Бухарів
с.,Завизів
с.,Михалківці
с.,Вельбівно
с.,Бадівка
с.,Верхів
с.,Лебеді
с.,Шлях
с.,Вілія
с.,Грем'яче
с.,Грозів
с.,Михайлівка
с.,Кутянка
с.,Батьківці
с.,Болотківці
с.,Данилівка
с.,Ілляшівка
с.,Межиріч
с.,Прикордонне
с.,Слобідка
с.,Милятин
с.,Могиляни
с.,Черняхів
с.,Мощаниця
с.,Волосківці
с.,Кургани
с.,Новомалин
с.,Лючин
с.,Новородчиці
с.,Посива
с.,Теремне
с.,Оженин
с.,Бродів
с.,Країв
с.,Стадники
с.,Плоске
с.,Завидів
с.,Почапки
с.,Розваж
с.,Сіянці
с.,Кураж
с.,Садки
с.,Тесів
с.,Хрінів
с.,Українка
с.,Бубнівка
с.,Вишеньки
с.,Гай
с.,Дубини
с.,Хорів
с.,Бродівське
смт,Квасилів
смт,Клевань
смт,Оржів
с.,Олександрія
с.,Волошки
с.,Нова Любомирка
с.,Пухова
с.,Свяття
с.,Три Копці
с.,Біла Криниця
с.,Антопіль
с.,Глинки
с.,Бронники
с.,Білівські Хутори
с.,Рогачів
с.,Великий Житин
с.,Бармаки
с.,Малий Житин
с.,Велика Омеляна
с.,Вересневе
с.,Верхівськ
с.,Кривичі
с.,Макотерти
с.,Пересопниця
с.,Шостаків
с.,Ясининичі
с.,Городище
с.,Кругле
с.,Городок
с.,Караєвичі
с.,Карпилівка
с.,Метків
с.,Михайлівка
с.,Понебель
с.,Рубче
с.,Грушвиця Друга
с.,Грушвиця Перша
с.,Дібрівка
с.,Мартинівка
с.,Дядьковичі
с.,Милостів
с.,Жобрин
с.,Мочулки
с.,Руда-Красна
с.,Углище
с.,Забороль
с.,Боянівка
с.,Зоря
с.,Білів
с.,Голишів
с.,Грабів
с.,Дерев'яне
с.,Диків
с.,Застав'я
с.,Новостав
с.,Олишва
с.,Сморжів
с.,Старожуків
с.,Корнин
с.,Загороща
с.,Колоденка
с.,Кустин
с.,Решуцьк
с.,Сергіївка
с.,Малий Шпаків
с.,Великий Шпаків
с.,Гуменники
с.,Дворовичі
с.,Заріцьк
с.,Іваничі
с.,Переділи
с.,Підгірці
с.,Плоска
с.,Нова Українка
с.,Козлин
с.,Радиславка
с.,Ремель
с.,Обарів
с.,Ставки
с.,Радухівка
с.,Іскра
с.,Новостав-Дальній
с.,Сухівці
с.,Тайкури
с.,Порозове
с.,Шпанів
с.,Великий Олексин
с.,Зозів
с.,Малий Олексин
с.,Ходоси
с.,Хотин
с.,Шубків
с.,Гориньград Другий
с.,Гориньград Перший
с.,Дуби
с.,Котів
с.,Рисв'янка
смт,Рокитне
смт,Томашгород
с.,Біловіж
с.,Купель
с.,Мушні
с.,Березове
с.,Грабунь
с.,Заболоття
с.,Блажове
с.,Більськ
с.,Залав'я
с.,Борове
с.,Нетреба
с.,Вежиця
с.,Переходичі
с.,Глинне
с.,Дубно
с.,Познань
с.,Хміль
с.,Кам'яне
с.,Будки-Кам'янські
с.,Обсіч
с.,Карпилівка
с.,Кисоричі
с.,Дерть
с.,Олександрівка
с.,Масевичі
с.,Буда
с.,Рокитне
с.,Лісове
с.,Осницьк
с.,Старики
с.,Сновидовичі
с.,Будки-Сновидовицькі
с.,Остки
с.,Старе Село
с.,Дроздинь
с.,Томашгород
с.,Єльне
м.,Сарни
смт,Клесів
с.,Клесів
с.,Пугач
смт,Степань
с.,Грушівка
с.,Двірець
с.,Калинівка
с.,Мельниця
с.,Труди
с.,Велике Вербче
с.,Бутейки
с.,Вирка
с.,Вири
с.,Олексіївка
с.,Федорівка
с.,Гранітне
с.,Зносичі
с.,Кам'яне-Случанське
с.,Карасин
с.,Карпилівка
с.,Рудня-Карпилівська
с-ще,Страшеве
с.,Костянтинівка
с.,Іванівка
с.,Орлівка
с.,Корост
с.,Мале Вербче
с.,Одринки
с.,Кричильськ
с.,Поляна
с.,Убереж
с.,Угли
с.,Кузьмівка
с.,Волоша
с.,Підгірник
с.,Яблунька
с.,Любиковичі
с.,Білятичі
с.,Мар'янівка
с.,Люхча
с.,Глушиця
с.,Глушицьке
с.,Дубки
с.,Обірки
с.,Немовичі
с.,Гута-Перейма
с.,Катеринівка
с-ще,Немовичі
с.,Ремчиці
с.,Копище
с.,Тріскині
с.,Яринівка
с.,Селище
с.,Чабель
с.,Ясногірка
с.,Стрільськ
с.,Маслопуща
с.,Тутовичі
с.,Висове
с.,Довге
с.,Цепцевичі
с-ще,Чемерне
с.,Тинне
с.,Чудель
с.,Дубняки
с.,Зарів'я
м.,Радивилів
с.,Башарівка
с.,Перенятин
с.,Приски
с.,Старики
с.,Березини
с.,Курсики
с.,Пасіки
с.,Радихівщина
с.,Середнє
с.,Боратин
с.,Гоноратка
с.,Довгалівка
с.,Бугаївка
с.,Балки
с.,Лев'ятин
с.,Опарипси
с.,Добривода
с.,Підвисоке
с.,Станіслави
с.,Дружба
с.,Малі Гайки
с.,Новоукраїнське
с.,Жовтневе
с.,Іващуки
с.,Білогорівка
с.,Бригадирівка
с.,Зарічне
с.,Козин
с.,Гранівка
с.,Дубини
с.,Савчуки
с.,Крупець
с.,Баранне
с.,Гайки
с.,Гнильче
с.,Заміщина
с.,Срібне
с.,Михайлівка
с.,Засув
с.,Рідків
с.,Митниця
с.,Нова Митниця
с.,Немирівка
с.,Батьків
с.,Гаї-Лев'ятинські
с.,Пляшева
с.,Острів
с.,Солонів
с.,Підзамче
с.,Адамівка
с.,Казмірі
с.,Копані
с.,Круки
с.,Підлипки
с.,Стоянівка
с.,Пустоіванне
с.,Гай
с.,Гусари
с.,Іванівка
с.,Рудня
с.,Сестрятин
с.,Безодня
с.,Ситне
с.,Гайки-Ситенські
с.,Карпилівка
с.,Коти
с.,Табачуки
с.,Теслугів
с.,Коритне
с.,Пляшівка
с.,Хотин
с.,Веселе
с.,Полуничне
с.,Придорожне
с.,Березна
смт,Першотравневе
смт,Моквин
с.,Радовель
с.,Дерев'яне
с.,Івачкове
с.,Троян
с.,Велике Клецьке
с.,Мале Клецьке
с.,Сапановчик
с.,Злинці
с.,Блудів
с.,Устенське Перше
с.,Устенське Друге
с.,Клещиха
с.,Уїздці Другі
с.,Княгинине
с.,Білобережжя
с.,Нараївка
с.,Завозів
с.,Мала Харуча
с.,Глажова
с.,Галівка
с.,Стара Любомирка
с.,Межиріч
с.,Великі Межирічі
с.,Молодава Третя
с.,Молодава Друга
с.,Лядохівка
с.,Молодава Перша
с.,Бродів Перший
с.,П'яне
с.,Мощаниця Перша
с.,Мощаниця Друга
с.,Олибове
с.,Вільбівне
с.,Баранівка
с.,Заруддя
с.,Мар`янівка
с.,Морозиха
с.,Конюшки
с.,Бірок
с.,Носовиця
с.,Клипець
с.,Святе
с.,Настахівське
с.,Студинка
с.,Дранча
с.,Ярининськ
с.,Новосілки
с.,Межиріччя
с.,Кричильське
с.,Будки
с.,Мала Мельниця
с.,Велика Мельниця
м.,Ровно
с.,Корито
с.,Квасилів Другий
с.,Коростятин
с.,Любанівка
с.,Старики
с.,Омелянщина
с.,Коптовичі
с.,Слобода
с.,М'ятин
с.,Сінне
с.,хутір Митниця
с.,Кам`яне
с.,Рідкове
с.,Княгинине
с.,Круги
м.,Червоноармійськ
с.,Доротичі
с.,Печалівка
с.,Печінки
с.,Мале Дерев`янче
с.,Іванне
с.,Бечаль
с.,Межирічі
с.,Погорільці
с.,Вільбівка
с.,Малі Жабокрики
с.,Сарни
с.,Пляшова
с.,Хилін
с.,Лідаво
с.,Чекно
с.,Вовковиї Перші
с.,Вовковиї Другі
с.,Острівці
м.,Вараш
с.,Нова Пляшева
с.,Новожуків
с.,П'яннє
