с.,Єлисеєнкове
с.,Ємадикине
с.,Єрчиха
с.,Іваниця
с.,Іванівка
с.,Іванівка
с.,Іванівка
с.,Іванівське
с.,Івахи
с.,Івахнівка
с.,Іващенкове
с-ще,Іволжанське
с.,Івот
с.,Івотка
с.,Ігорівка
с.,Іллінське
с.,Іллічівка
с.,Імшана
с.,Іонине
с.,Іскрисківщина
с.,Їздецьке
с.,Авраменкове
с.,Аврамківщина
с.,Алтинівка
с.,Аляб'єве
с-ще,Амбари
с.,Анастасівка
с.,Андріяшівка
с.,Андріївка
с.,Андріївка
с.,Андріївське
с.,Антоненкове
с.,Антонівка
с.,Антонівка
с.,Анютине
с.,Аркавське
с.,Артемо-Растівка
с.,Артюхове
с.,Артюхівка
с.,Аршуки
с.,Атаманське
с.,Атинське
с.,Баба
с.,Бабакове
с.,Бабаківка
с.,Базелівщина
с.,Базилівка
с.,Байрак
с.,Байрак
с.,Бакирівка
с.,Бакша
с.,Бандури
с.,Баничі
с.,Барабашівка
с.,Баранове
с.,Баранівка
с.,Баратчине
с.,Барвінкове
с.,Барило
с.,Барилівка
с.,Барчак
с.,Басівка
с.,Басівка
с.,Басівщина
с.,Бацмани
с.,Бацмани
с.,Бачівськ
с.,Баїха
с.,Бездрик
с.,Безкровне
с.,Безсалівка
с.,Безсокирне
с.,Бензики
с.,Бережне
с.,Береза
с.,Березняки
с.,Березів Яр
с.,Березівка
с.,Берестівка
с.,Берюх
с.,Берізки
с.,Беседівка
с.,Бессарабка
с.,Беєве
с.,Беєве-Комуна
с.,Бистрик
с.,Битиця
с.,Бишкінь
с.,Бобилівка
с.,Бобине
с.,Бобрик
с.,Бобрик
с.,Боброве
с.,Богданка
с.,Богданівка
с.,Боголюбове
с.,Божок
с.,Бойки
с.,Бойкове
с.,Болотишине
с.,Болотівка
с.,Бондарі
с.,Бондарі
с.,Бондарівщина
с.,Борзівщина
с.,Боровенька
с.,Боровичі
с.,Бороданове
с.,Борозенка
с.,Боромля
с.,Боцманів
с.,Бочечки
с.,Бошівка
с.,Бояро-Лежачі
с.,Бранцівка
с.,Братениця
с.,Братське
с.,Братське
с.,Братське
с.,Бровкове
с.,Броди
с.,Бродок
с.,Бруски
с.,Бубликове
с.,Бувалине
с.,Бугаївка
с.,Бугор
с.,Бугрувате
с.,Буди
с.,Будилка
с.,Будища
с.,Будки
с.,Будне
с.,Будьонного
с-ще,Будівельне
с.,Буйвалове
с.,Буйвалів Другий
с.,Буймер
с.,Буймерівка
с.,Букати
с.,Бунякине
с.,Бурбине
с.,Бурики
м.,Буринь
с.,Буро-Рубанівка
с.,Бурчак
с.,Бурячиха
с.,Бурівка
с.,Бутовщина
с.,Бухалове
с.,Буцикове
с.,Бідани
с.,Біж
с.,Біжівка
с.,Біла Береза
с.,Білани
с.,Біликівка
с.,Білиця
с.,Білка
с.,Біловишневе
с.,Біловод
с.,Біловоди
с.,Біловоди
с-ще,Біловодське
с.,Білогалиця
с.,Білогриве
с-ще,Білозерка
с.,Білокопитове
м.,Білопілля
с-ще,Білоусівка
с.,Білоусівка
с.,Білоусівка
с-ще,"Білоусівського відділу
Дубов'язівського
радгоспу"
с.,Білоярське
с.,В'юнне
с.,В'язенка
с.,В'язове
с.,В'язове
с.,В'ятка
с.,Вакалівщина
с.,Вакулки
с.,Валки
с.,Валіївка
с-ще,Варачине
с.,Василець
с.,Васильківщина
с.,Василівка
с.,Василівка
с.,Василівка
с.,Василівка
с.,Василівське
с.,Василівщина
с.,Васюківщина
с.,Ващенки
с.,Вегерівка
с.,Вегерівка
с.,Ведмеже
с.,Ведмеже
с.,Велика Берізка
с.,Велика Бутівка
с.,Велика Діброва
с.,Велика Лука
смт,Велика Писарівка
с.,Велика Рибиця
с.,Велика Чернеччина
с.,Велике
с.,Велике Озеро
с.,Великий Бобрик
с.,Великий Вистороп
с.,Великий Ліс
с.,Великий Ліс
с.,Великий Прикіл
с.,Великий Самбір
с.,Великий Яр
с.,Великі Бубни
с.,Великі Будки
с.,Великі Будки
с.,Великі Вільми
с.,Великі Луки
с.,Вербове
с.,Вербове
с.,Верхня Пожня
с.,Верхня Сагарівка
с.,Верхня Сироватка
с.,Верхнє
с.,Верхнє Піщане
с.,Верхосулка
с.,Вершина
с.,Весела Долина
с.,Весела Долина
с.,Веселе
с.,Веселе
с.,Веселе
с.,Веселе
с.,Веселе
с.,Веселе
с.,Веселий Гай
с.,Веселий Гай
с.,Веселий Степ
с.,Веселинівка
с.,Веселі Гори
с.,Веселівка
с.,Веселівка
с.,Веселівське
с.,Весногірське
с.,Виднівка
с.,Визирівка
с.,Вилецьке
с.,Вилки
с-ще,Виноградне
с.,Винторівка
с.,Вири
с.,Вирівка
с.,Високе
с.,Високе
с-ще,Високосів
с.,Вишеньки
с.,Вишневе
с.,Вишневе
с.,Вишневе
с.,Вишневий Яр
с.,Вищевеселе
с.,Влізьки
с.,Вовкове
с.,Вовків
с.,Вовківка
с.,Вовківці
с.,Вовна
с.,Вовчик
с.,Водолаги
с.,Воздвиженське
с.,Вознесенка
с.,Вознесенське
с.,Волинцеве
с-ще,Волинцівське
с.,Володимирівка
с.,Володимирівка
с.,Володимирівка
с.,Володимирівка
с.,Володимирівка
с.,Волокитине
с.,Волошнівка
с.,Волфине
с.,Воргол
с.,Воровське
м.,Ворожба
с.,Ворожба
с.,Воронине
с.,Воронцове
с.,Воронівка
с.,Воронівка
смт,Вороніж
с.,Воропай
с.,Воропаї
с.,Ворошилове
с.,Воскресенка
с.,Восьме Березня
с.,Вощилиха
с.,Вощинине
с.,Всадки
с.,Вікторинівка
с.,Вікторове
с.,Вільна Слобода
с.,Вільне
с.,Вільне
с.,Вільшана
с.,Вільшана
с.,Вільшана
с.,Вільшанка
с.,Вільшанка
с.,Віхове
с.,Гаврики
с.,Гаврилова Слобода
с.,Гаврилове
с.,Гаврилівка
с.,Гай
с.,Гай-Мошенка
с.,Галаєвець
с.,Галаївець
с.,Галенкове
с.,Галицьке
с.,Галка
с.,Галушки
с.,Гамаліївка
с.,Гамаліївка
с.,Гамаліївка
с.,Ганнівка-Вирівська
с.,Ганнівка-Тернівська
с.,Ганнівське
с.,Гапонівка
с.,Гарбарі
с.,Гарбузівка
с.,Гаркушин
с.,Гатка
с.,Гаї
с.,Гвинтове
с.,Гезівка
с.,Герасимівка
с.,Гирине
с.,Гиріне
с.,Глазове
с.,Глибне
с.,Глинськ
с.,Глиняне
м.,Глухів
с.,Гнилиця
с.,Гнилиця
с.,Говорунове
с.,Годунівка
с.,Голенка
с.,Голишівське
с.,Головачі
с.,Головашівка
с.,Голуби
с.,Голуби
с.,Голубкове
с.,Голубці
с.,Голубівка
с.,Голубівка
с.,Голінка
с.,Горобівка
с.,Горове
с.,Городище
с.,Горохове
с.,Горькове
с.,Горького
с.,Горяйстівка
с.,Горіле
с.,Гостинне
с.,Гострий Шпиль
с.,Гостробури
с.,Грабине
с.,Грабовське
с.,Грабці
с.,Грабщина
с.,Градське
с.,Грамине
с.,Графське
с.,Гребениківка
с.,Греки
с.,Грем'ячка
с.,Гречкине
с.,Грибаньове
с.,Гринцеве
с.,Гринівка
с.,Грицаїв
с.,Гриценкове
с.,Грицини
с.,Гришине
с.,Гришки
с.,Грузьке
с.,Грузьке
с.,Грузьке
с.,Грунь
с.,Грунь
с.,Грунька
с.,Грунівка
с.,Грушеве
с.,Грушеве
с.,Грінченкове
с.,Губарівщина
с.,Губське
с.,Гудими
с.,Гудимівка
с.,Гудове
с.,Гудівщина
с.,Гукове
с.,Гуринівка
с.,Гусарщина
с.,Гута
с.,Гути
с.,Гутко-Ожинка
с.,Гутницьке
с.,Гірки
с.,Гірки
с.,Гірне
с.,Дараганове
с.,Даценківка
с.,Дем'янівка
с.,Демченкове
с.,Дептівка
с.,Деражня
с.,Деркачі
с.,Деркачівка
с.,Дернове
с.,Дзержинське
с.,Дзеркалька
с.,Дич
с.,Дмитрівка
с.,Дмитрівка
с.,Дмитрівка
с.,Добринівка
с.,Доброславівка
с.,Добротове
с.,Добрянське
с.,Довга Лука
с.,Довгополівка
с.,Довжик
с.,Довжик
с.,Довжик
с.,Долина
с.,Долина
с.,Дорошенкове
с.,Дорошівка
с.,Дорошівка
с-ще,Дослідна станція
с-ще,Дослідне
с.,Доценківка
с.,Дремлюги
с.,Дремове
с.,Дружба
м.,Дружба
с.,Дружба
с.,Дружне
с.,Дубина
с.,Дубинка
смт,Дубов'язівка
с.,Дубовичі
с.,Дудченки
с.,Думівка
с.,Дунаєць
с.,Духанівка
с.,Духовниче
с.,Дяківка
с-ще,Діброва
с.,Діброва
с.,Діброва
с.,Діброва
с.,Дібрівка
с.,Дігтярка
с.,Дігтярне
с.,Дігтярі
с.,Дігтярівка
с.,Дідівщина
с-ще,Есмань
смт,Есмань
с.,Жабкине
с.,Жалківщина
с.,Жари
с.,Жигайлівка
с.,Жигайлівка
с.,Житейське
с.,Житне
с.,Жихове
с.,Жовтневе
смт,Жовтневе
с-ще,Жовтневе
с.,Жовтневе
с.,Жовтневе
с.,Жовтневе
с.,Жовтневе
с.,Жовтневе
с.,Жовтневе
с.,Жовтневе
с-ще,"Жовтневого відділу
Буринського радгоспу"
с.,Жолдаки
с.,Жолоби
с.,Жолобок
с.,Жуківка
с.,Журавка
с.,Журавка
с.,Журавне
с.,Заболотне
с.,Заболотове
с.,Забуги
с.,Заводське
с-ще,Заводське
с.,Загорівка
с.,Загребелля
с.,Загірське
с.,Зазірки
с.,Закаблуки
с.,Заклимок
с.,Закроївщина
с.,Закубанка
с.,Закумське
с.,Залатиха
с.,Залужани
с.,Залуцьке
с-ще,Залізничне
с-ще,Залізничне
с-ще,"Залізничної станції
Мельня"
с.,Залізняк
с.,Залісне
с.,Запсілля
с.,Заруддя
с.,Заруддя
с.,Заруднівка
с.,Заруцьке
с.,Зарічне
с.,Зарічне
с.,Зарічне
с.,Зарічне
с-ще,Зарічне
с.,Заріччя
с.,Заріччя
с.,Заріччя
с.,Засулля
с-ще,Захарівське
с.,Зацарне
с.,Заїзд
с.,Зелена Діброва
с.,Зелена Роща
с.,Зелене
с.,Зелене
с.,Зелене
с.,Зелений Гай
с.,Зелений Гай
с.,Зелений Гай
с.,Зелений Гай
с.,Зелений Гай
с.,Зеленківка
с.,Зеленівщина
с.,Земляне
с.,Землянка
с.,Землянка
смт,Зноб-Новгородське
с.,Зноб-Трубчевська
с.,Зозулине
с.,Золотарівка
с.,Зорине
с-ще,Зоряне
с.,Зубівка
с.,Зюзюки
с.,Зінове
с.,Зінове
с.,Йосипове
с.,Кагань
с.,Калашинівка
с-ще,Калинівка
с.,Калинівка
с.,Калинівка
с.,Калинівка
с.,Калишенкове
с.,Кальченки
с.,Калюжне
с.,Калюжне
с-ще,Калінінське
с.,Каліївка
с-ще,Кам'яне
с.,Кам'яне
с.,Кам'янецьке
с.,Кам'янка
с.,Кам'янка
с-ще,Камінське
с.,Камінь
с.,Кандибине
с.,Капустинці
с.,Капітанівка
с.,Капітанівка
с.,Карабутове
с.,Караван
с.,Кардаші
с.,Кардашівка
с.,Кардашівка
с.,Кардашівка
с.,Карпенкове
с.,Карпеченкове
с.,Карпилівка
с.,Карпці
с.,Касянове
с.,Катанське
с.,Катеринівка
с.,Катеринівка
с.,Катеринівка
с.,Катеринівка
с-ще,Катеринівка
с.,Качанівка
с.,Кашпури
с.,Кащенкове
с.,Кекине
с.,Кердилівщина
с.,Кимличка
с.,Кинашове
смт,Кириківка
с.,Кирияківщина
с.,Кисла Дубина
с-ще,Кияниця
с.,Київське
с.,Клепали
с.,Климентове
с.,Клин
с.,Клишки
с.,Клочківка
с.,Клюси
с.,Ключинівка
с.,Княжичі
с.,Князівка
с.,Кобзарі
с.,Коваленки
с.,Ковбасине
с.,Ковтунове
с.,Козацьке
с.,Козаче
с.,Козельне
с.,Козлівка
с.,Козятин
с.,Коломийці
с.,Коломійцева Долина
с.,Колядинець
с.,Колісники
с.,Колісникове
с.,Комарицьке
с.,Комарівка
с.,Комарівка
с.,Комишанка
с.,Комиші
с.,Комсомолець
с.,"Комсомольська
Комуна"
с.,Комінтерн
с.,Комісарівка
с.,Коновали
с.,Коновалик
с.,Коновалове
с.,Кононенкове
с.,Кононенкове
м.,Конотоп
с-ще,Копилове
с.,Копійки
с.,Корабельське
с.,Кореневе
с.,Кореньок
с.,Коренівка
с.,Коржі
с.,Коритище
с.,Коровинці
с.,Корольки
с.,Королівщина
с.,Коротченкове
с.,Корчаківка
с.,Корчани
с.,Коршачина
с-ще,Коршачина
с.,Косарівщина
с.,Косенки
с.,Косинське
с.,Костяни
с.,Костянтинів
с.,Костянтинівка
с.,Костів
с.,Косівщина
с.,Котенки
с.,Котівка
с.,Коханівка
с.,Коцупіївка
с.,Кочерги
с.,Кошари
с-ще,Кошарське
с-ще,"Кошарського відділу
Буринського радгоспу"
с.,Кравченкове
с.,Кравченкове
с.,Крамчанка
с.,Красичка
с.,Красне
с.,Красне
с-ще,Красний Прогрес
смт,Краснопілля
с.,Красноярське
с.,Красулине
с.,Кренидівка
с.,Кривенкове
с.,Кривоносівка
с.,Крижик
с.,Кринички
с.,Кринички
с.,Криничне
с.,Криничне
с.,Кровне
м.,Кролевець
с.,Кропивинці
с.,Кружок
с.,Крупець
с.,Крупське
с.,Круте
с.,Кубареве
с.,Кубахове
с.,Кубракове
с.,Куданівка
с.,Кударі
с.,Кудоярове
с.,Кудряве
с.,Куземин
с.,Кузьки
с.,Кузьменкове
с.,Кулики
с.,Куличка
с.,Кулішівка
с.,Куплеваха
с.,Курасове
с.,Курган
с-ще,Курган
с.,Курди
с.,Курдюмове
с.,Курдюмівка
с.,Курилівка
с.,Курилівка
с.,Курмани
с.,Кустине
с.,Кучерівка
с.,Кушкине
с.,Кушніри
с.,Куянівка
с.,Ківшик
с.,Кім
с.,Кімличка
с.,Кіндратівка
с.,Кірове
с.,Лаврове
с.,Лантратівка
с.,Лапшине
с.,Латишівка
с.,Лахнівщина
м.,Лебедин
с.,Лебедєве
с.,Левондівка
с.,Левченки
с.,Легуші
с.,Ленінське
с.,Ленінське
с.,Ленінське
с-ще,Леонтіївка
с-ще,"Леонтіївського відділу
Першотравневого
радгоспу"
с.,Лимареве
с.,Линове
с.,Линтварівка
с.,Липняк
смт,Липова Долина
с.,Липівка
с.,Липівське
с.,Лисе
с.,Лисогубівка
с.,Литвиновичі
с.,Литовка
с.,Лифине
с.,Лобківка
с.,Лободівщина
с.,Лозове
с.,Лозово-Грушеве
с.,Локня
с.,Локня
с.,Локня
с.,Ломленка
с.,Лохня
с.,Луг
с.,Лугове
с.,Лугівка
с.,Лужки
с.,Лужки
с.,Лужки
с.,Лукашенкове
с.,Лукашенківське
с.,Лукашове
с.,Лукашівка
с.,Луки
с.,Лутище
с.,Луценки
с.,Луценкове
с.,Луциківка
с-ще,Луч
с.,Лучка
с.,Лучка
с-ще,Лучки
с.,Лушники
с.,Любахове
с.,Любачеве
с.,Любитове
с.,Люджа
с.,Люте
с.,Ляшки
с-ще,Лідине
с.,Лідине
с.,Лікарське
с.,Лікарівщина
с.,Лісківщина
с.,Лісне
с.,Лісне
с-ще,Лісне
с.,Лісне
с.,Лісне
с.,Лісова Поляна
с.,Мазне
с.,Мазівка
с.,Майдаки
с.,Майорівка
с.,Майське
с-ще,Майське
с.,Майське
с.,Майське
с.,Макове
с.,Максимівщина
с.,Макіївка
с.,Макіївське
с-ще,Мала Корчаківка
с.,Мала Павлівка
с.,Мала Рибиця
с.,Мала Слобідка
с.,Мала Черепівка
с.,Мале
с.,Малий Бобрик
с.,Малий Вистороп
с.,Малий Самбір
с.,Малушине
с.,Малярівщина
с.,Малі Бубни
с.,Малі Будки
с.,Малі Вільми
с.,Манухівка
с.,Манчичі
с.,Маньки
с.,Мар'янівка
с.,Мар'янівка
с.,Мар'янівка
с.,Мар'ївка
с.,Мар'їне
с-ще,Мар'їне
с.,Маракучка
с.,Марківка
с.,Марківське
с.,Мартинці
с.,Мартинівка
с.,Марусенкове
с.,Марухи
с.,Марченки
с.,Марчихина Буда
с.,Маршали
с.,Масензівка
с.,Масиків
с.,Матлахове
с.,Мацкове
с.,Мачулища
с.,Машарі
с.,Машкове
с.,Мащанка
с.,Медведеве
с.,Межиріч
с.,Мезенівка
с.,Мелешківка
с.,Мельники
с.,Мельники
с.,Мельникове
с.,Мельникове
с.,Мельня
с.,Мелячиха
с.,Мефедівка
с.,Мефодівка
с.,Микитське
с.,Микитівка
с.,Микитівка
с.,Миколаєнкове
с.,Миколаївка
с.,Миколаївка
с.,Миколаївка
с.,Миколаївка
смт,Миколаївка
с.,"Миколаївка-
Тернівська"
с.,Миколаївка-Вирівська
с.,Миколаївське
с.,Микільське
с.,Милове
с.,Миловидівка
с.,Мирлоги
с-ще,Мирне
с-ще,Мирне
с.,Мирне
с.,Мирне
с.,Мирне
с.,Мирне
с.,Мирне
с.,Миронівка
с.,Миронівщина
с.,Миропілля
с-ще,Миропільське
с.,Михайленкове
с.,Михайленкове
с.,Михайло-Ганнівка
с.,Михайлівка
с.,Михайлівка
с.,Михайлівка
с.,Михайлівка
с-ще,Михайлівське
с.,Мишутине
с.,Могильчине
с.,Могриця
с.,Могутнє
с.,Мозкове
с.,Мозкове
с.,Мокіївка
с.,Молодецьке
с.,Молодівка
с.,Морозівка
с.,Мороча
с.,Москаленки
с.,Москаленки
с.,Москалівка
с.,Москалівка
с.,Москалівщина
с.,Московське
с.,Московське
с.,Московський Бобрик
с.,Москівщина
с.,Мостище
с.,Мошенка
с.,Мукіївка
с.,Муравейня
с.,Мутин
с.,Мухувате
с.,Мінакове
с.,Мірки
с.,Набережне
с.,Нагірнівка
с.,Над'ярне
с.,Надточієве
с.,Нарбутівка
с.,Наумівка
смт,Недригайлів
с.,Некрасове
с.,Нелени
с.,Немудруї
с.,Ненадіївка
с.,Неплатине
с-ще,Неплюєве
с.,Неровнине
с.,Нескучне
с.,Нестеренки
с.,Нехаївка
с.,Нечаївка
с.,Нечаївське
с.,Нижня Сагарівка
с.,Нижня Сироватка
смт,Низи
с.,Никонці
с.,Ницаха
с.,Нова Гребля
с.,Нова Гута
с.,Нова Олександрівка
с.,Нова Слобода
с-ще,Нова Спарта
с.,Нова Січ
с.,Нова Шарпівка
с.,Новгородське
с.,Нове
с.,Нове
с.,Новеньке
с.,Новий Мир
с.,Новий Світ
с.,Новицьке
с.,Новоандріївка
с.,Нововасилівка
с.,Нововолодимирівка
с.,Новодмитрівка
с.,Новокалинівка
с.,Новомиколаївка
с.,Новомихайлівка
с.,Новомутин
с.,Новоолександрівка
с.,Новопетрівка
с-ще,Новопетрівка
с.,Новопетрівка
с.,Новопостроєне
с.,Новоселиця
с.,Новоселиця
с.,Новоселівка
с.,Новоселівка
с.,Новоселівка
с.,Новоселівка
с.,Новосеменівка
с.,Новослобідське
с.,Новосовське
с.,Новосуханівка
с.,Новосільське
с.,Новоукраїнка
с.,Новоіванівка
с.,Нові Вирки
с.,Нові Гончарі
с.,Нотаріусівка
с.,Ніжинське
с.,Об'єднане
с.,Обертень
с.,Облоги
с.,Обложки
с.,Ободи
с.,Ображіївка
с.,Обтове
с.,Овдянське
с.,Овеча
с.,Овлаші
с.,Оводівка
с.,Овчаренки
с.,Одрадне
с.,Озаричі
с.,Озера
с.,Озерне
с.,Октябрське
с.,Октябрщина
с.,Окіп
с.,Окіп
с.,Окіп
с.,Олександрівка
с.,Олександрівка
с.,Олександрівка
с.,Олександрівка
с.,Олександрівка
с.,Олександрівка
с.,Олександрівське
с.,Олександрівське
с.,Олександрія
с.,Олексенки
с.,Олексенкове
с.,Олексине
с.,Олексіївка
с.,Олексіївка
с.,Олексіївка
с.,Оленинське
с.,Олешня
с.,Олешня Друга
с.,Олешня Перша
с.,Олещенкове
с.,Олине
с.,Ольгине
с.,Омелькове
с.,Омельченки
с.,Ополонське
с.,Орлів Яр
с.,Орлівка
с.,Оріхівка
с.,Осоївка
с.,Остроушки
с.,Отрохове
м.,Охтирка
с.,Очкине
с.,П'ятидуб
с.,П'яткине
с.,Павленкове
с.,Павленкове
с.,Павлючки
с.,Павлівка
с.,Павлівське
с.,Падалки
с.,Палащенкове
с.,Паліївка
с.,Панасівка
с.,Панченки
с.,Папкине
с.,Папірня
с.,Парне
с-ще,Партизанське
с.,Парфили
с.,Пархомівка
с.,Пасьовини
с.,Пасіка
с.,Пасіки
с.,Патріотівка
с.,Пашкине
с.,Пашкине
с.,Пащенкове
с.,Пекарі
с.,Первомайське
с-ще,Первомайське
с.,Перекопівка
с.,Перекір
с.,Перелуг
с.,Переліски
с.,Перемога
с-ще,Перемога
с.,Перемога
с.,Перемога
с.,Перемога
с.,Перемога
с.,Пересипки
с.,Перетічки
с.,Перехрестівка
с.,Перехрестівка
с.,Перше Травня
с.,Перше Травня
с.,Перше Травня
с.,Першотравневе
с.,Першотравневе
с-ще,Першотравневе
с.,Першотравневе
с-ще,Першотравневе
с.,Першотравневий
с.,Петровського
с-ще,Петровського
с.,"Петропавлівська
Слобода"
с.,Петрушівка
с.,Петрівка
с.,Петрівське
с.,Петрівське
с.,Петрівське
с.,Петрівське
с.,Петрівський
с.,Петрівський
с.,Петрівського
с.,Петухівка
с.,Печини
с.,Печище
с.,Пигарівка
с.,Пилипи
с.,Пилівка
с.,Пирогівка
с.,Пиротчине
с.,Писарівка
с-ще,Питомник
с.,Пищикове
с.,Плавинище
с.,Пластюки
с.,Плахівка
с.,Плетньове
с.,Плотникове
с.,Плужникове
с.,Побиванка
с.,Погожа Криниця
с.,Погорілівка
с.,Погреби
с.,Погребки
с.,Погребки
с.,Погрібки
с.,Поділ
с.,Поділки
с.,Подільки
с.,Пожня
с.,Покровка
с.,Покровське
с.,Пологи
с.,Полошки
с.,Полтавка
с.,Польове
с.,Поляне
с.,Поліське
с.,Помірки
с.,Понизівка
с.,Пономаренки
с.,Попелівщина
с.,Попівка
с.,Попівка
с.,Попівка
с.,Попівка
с.,Попівщина
с.,Попівщина
с.,Порозок
с.,Порохонь
с.,Посад
с.,Постольне
с.,Потапівка
с.,Потопиха
с.,Почепці
с.,Правдюки
с.,Привокзальне
с-ще,Привокзальне
с.,Привілля
с.,Прилужжя
с.,Присейм'я
с.,Присеймів'я
с.,Пристайлове
с.,Пристань
с.,Прогрес
с-ще,Прогрес
с-ще,Пролетарське
с.,Пролетарське
с.,Протопопівщина
с.,Проходи
с.,Пруди
с.,Прудище
с.,Птиче
с.,Птушка
с.,Пустовійтівка
с.,Пустогород
м.,Путивль
с.,Пушкарне
с.,Пушкарщина
с.,Пушкарівка
с.,Пшінчине
с.,Північне
с.,Підлипне
с.,Підлозіївка
с.,Підліснівка
с.,Підопригори
с.,Підставки
с.,Підсулля
с.,Піонер
с.,Піонерське
с.,Піски
с.,Піски
с.,Піски
с.,Пісківка
с.,Пішкове
с.,Піщане
с.,Піщане
с-ще,Радгоспне
с.,Радчуки
с.,Радьківка
с.,Радянське
с.,Радянське
с.,Радянське
с-ще,Радянське
с.,Раки
с.,Ракова Січ
с.,Рапівщина
с.,Рев'якине
с.,Реви
с.,Ревки
с.,Ретик
с.,Реутинці
с.,Ржане
с.,Рибальське
с.,Риботень
с.,Рибці
с.,Рижівка
с.,Рогинці
с.,Рогізне
с-ще,Рогізне
с.,Родіонівка
с.,Рождественське
с.,Рожковичі
с.,Розсохувате
с.,Розсоші
с.,Розумакове
с.,Рокитне
с.,Романчукове
с.,Романькове
с.,Ромашкове
м.,Ромни
с.,Ростов
с.,Ротівка
с.,Роща
с.,Рубани
с.,Рубанка
с.,Руда
с.,Руда
с-ще,Рудак
с.,Руденка
с.,Руденкове
с.,Рудка
с.,Рудня
с.,Руднєве
с.,Руднівка
с.,Рудоман
с.,Русанівка
с.,Рябина
с.,Рябушки
с.,Рябівка
с.,Рясне
с-ще,"Рясненського відділку
Мезенівського
радгоспу"
с.,Рівне
с.,Рівчаки
с.,Ріг
с.,Рідне
с.,Ріпки
с.,Річки
с.,Савелове
с.,Савенки
с.,Савойське
с.,Савойське
с.,Сад
с.,Садки
с.,Садки
с.,Садове
с.,Садове
с.,Сажалки
с.,Сакуниха
с.,Салогубівка
с.,Салтикове
с.,Самара
с.,Самотоївка
с.,Сапушине
с.,Сарнавщина
с.,Сафонівка
с.,Саханське
с.,Сахарове
с.,Сахни
с.,Саєве
с.,Саї
с.,Сваркове
с-ще,Свердлова
с-ще,Свердлове
смт,Свеса
с.,Свидня
с.,Свобода
с.,Свірж
с.,Світівщина
с.,Северинівка
с.,Селезнівка
с.,Селище
с.,Селище
с.,Семенівка
с.,Семенівка
с.,Семенівка
с.,Семереньки
с.,Сененкове
с.,Сергіївка
м.,Середина-Буда
с.,Сидорова Яруга
с.,Сидорівка
с.,Симонівка
с.,Синяк
с.,Синівка
с.,Сиром'ятникове
с.,Ситне
с.,Ситники
с.,Скелька
с.,Склярівка
с.,Скобичівське
с.,Скрипалі
с.,Скрягівка
с.,Скуносове
с.,Славгород
с.,Слобода
с.,Слобода
с.,Слобідка
с.,Слоут
с.,Сліпород
с.,Смикарівка
с.,Смолине
с-ще,Смолокурний завод
с.,Смоляниківка
с.,Сміле
с.,Сніжки
с.,Собич
с.,Собичеве
с.,Соборне
с.,Совинка
с.,Соколине
с.,Солдатське
с.,Соловйове
с.,Соломашине
с.,Солотвине
с.,Соляники
с.,Солідарне
с.,Сонцеве
с.,Сонячне
с.,Сопич
с.,Сорока
с.,Сорокине
с.,Сороковий Клин
с.,Сороколітове
с-ще,Сорочинське
с-ще,"Сорочинського
відділу
Першотравневого
радгоспу"
с.,Соснівка
с.,Соснівка
с.,Соснівка
с.,Сосонка
с.,Софіївка
с.,Софіївка
с.,Софіївка
с.,Сохани
с.,Спадщина
с.,Спартак
с.,Спаське
с.,Спаське
с.,Спірне
с.,Срібровщина
с.,Станичне
с.,Станова
с.,Стара
с.,Стара Іванівка
с.,Стара Гута
с.,Стара Рябина
с.,Стара Шарпівка
с.,Старе Село
с.,Старикове
с.,Старозінів
с.,Старонове
с.,Старі Вирки
с.,Старі Гончарі
с.,Стеблянки
с.,Степаненкове
с.,Степанівка
с.,Степанівка
смт,Степанівка
с.,Степанівка
с.,Степне
с.,Степне
с.,Степне
с.,Степне
с.,Степове
с.,Степок
с.,Степурине
с.,Стецьківка
с.,Столярове
с.,Стрілецька Пушкарка
с.,Стрільники
с.,Стрільцеве
с.,Студенок
с.,Стукалівка
с.,Ступки
с.,Стягайлівка
с.,Стягайлівка
с.,Стінка
с.,Суворове
с.,Сула
с.,Сулими
с.,Сульське
м.,Суми
с.,Супруни
с.,Супрунівка
с.,Сурмачівка
с.,Сутиски
с-ще,Суха Грунь
с.,Суховерхівка
с.,Суходіл
с.,Сушилине
с.,Сім'янівка
с.,Сімейкине
с.,Сінне
с.,Сіренки
с.,Сіробабине
с.,Таборище
с.,Таранське
с.,Тарасенки
с.,Тарасівка
с.,Тарасівка
с.,Тарасівка
с.,Таратутине
с.,Темне
с.,Терехове
с.,Терешки
с.,Терешківка
с.,Терещенки
смт,Терни
с.,Тернівка
с.,Тиманівка
с.,Тимофіївка
с.,Тимофіївка
с.,Тимошівка
с.,Тимощенкове
с.,Тимченки
с.,Товста
с.,Товсте
с.,Товстодубове
с.,Товченикове
с.,Токарі
с.,Токарі
с.,Томашівка
с-ще,Тополине
с.,Тополя
с.,Топчії
с.,Торговиця
с-ще,Торфорозробки
с-ще,Торфорозробки Перші
с-ще,Торфорозробок
с.,Тригуби
м.,Тростянець
с.,Трохименкове
с.,Троїцьке
с.,Трудове
с.,Тулиголове
с.,Тулушка
с.,Тур'я
с.,Туранівка
с.,Турутине
с.,Тучне
с.,Тучне
с.,Тютюнникове
с-ще,Тімірязівка
смт,Угроїди
с.,Уздиця
с.,Українка
с.,Українське
с.,Уланове
с.,Улиця
смт,Улянівка
с.,Улянівка
с.,Уралове
с.,Усок
с.,Успенка
с.,Уцькове
с.,Фартушине
с.,Федотове
с.,Федірки
с.,Феофілівка
с.,Фесівка
с.,Фотовиж
с.,Фрунзенка
с.,Філонове
с.,Філонівщина
с.,Харківка
с.,Харківщина
с.,Харченки
с.,Харченки
с.,Харівка
с.,Хвойне
с.,Хвощова
с.,Хижки
с.,Хилькове
с.,Хильчичі
с.,Хлібороб
с.,Хмелів
с.,Хмелівець
с.,Хмелівка
с.,Ховзівка
с.,Ходине
с.,Ходуня
с.,Холодне
с.,Холодний Яр
с.,Холодник
с.,Холодівщина
с.,Хоменкове
с.,Хоменкове
с.,Хомине
с.,Хоминці
с.,Хорол
с.,Хоружівка
с.,Хотминівка
смт,Хотінь
с.,Храпівщина
с.,Хрещатик
с.,Хрещатик
с.,Хрещикове
с.,Хустянка
с.,Хутір-Березівський
смт,Хутір-Михайлівський
м.,Хутір-Михайлівський
с.,Хухра
с.,Цибуленки
с.,Цимбалівка
с.,Чалищівка
с.,Чаплищі
с.,Чапліївка
с.,Чеберяки
с.,Чемоданівка
с.,Черванівка
с.,Червлене
с.,Червона Гірка
с.,Червона Долина
с.,Червона Діброва
с.,Червона Зоря
с.,Червона Слобода
с.,Червона Слобода
с.,Червоне
смт,Червоне
с.,Червоне
с.,Червоне
с.,Червоне
с.,Червоне
с.,Червоне
с.,Червоне Озеро
с.,Червоний Кут
с.,Червоний Пахар
с.,Червоний Ранок
с.,Червоний Яр
с.,Червоногвардійське
с.,Червоногірка
с.,Червонопрапорне
с.,Череватівка
с.,Черемухівка
с.,Черемушки
с.,Черепівка
с.,Черепівка
с.,Чернацьке
с.,Черневе
с.,Чернецьке
с.,Чернецьке
с.,Чернеча Слобода
с.,Чернеччина
с.,Чернеччина
с.,Чернишки
с.,Чернівське
с.,Черці
с.,Четвертакове
с.,Чигин
с.,Чижикове
с.,Чижикове
с.,Чижове
с.,Чирвине
с.,Чисте
с.,Чорнобривкине
с.,Чорноплатове
с.,Чорні Лози
с.,Чуйківка
с.,Чумакове
смт,Чупахівка
с.,Шабалтаєве
с.,Шабалтаїв
с.,Шакутівщина
смт,Шалигине
с.,Шалимівка
с.,Шаповалове
с.,Шаповалівка
с.,Шаповалівка
с.,Шапошникове
с.,Шатрище
с.,Шевченкове
с.,Шевченкове
с.,Шевченкове
с.,Шевченкове
с.,Шевченкове
с.,Шевченкове
с.,Шевченкове
с.,Шевченків
с.,Шевченків Гай
с-ще,Шевченківка
с-ще,Шевченківське
с.,Шилівське
с.,Широкий Берег
с.,Ширяєве
с.,Шкирманівка
с.,Шкроботи
с.,Шкуматове
с.,Шкуратівка
с.,Шлях
с.,Шматкове
с.,Шматове
с.,Шокодькове
с.,Шолудьки
м.,Шостка
с.,Шпиль
с.,Шпилівка
с.,Шпокалка
с.,Шпотівка
с.,Штанівка
с.,Штепівка
с.,Шулешівка
с.,Шумили
с.,Шумське
с.,Шурове
с.,Щебри
с.,Щекине
с.,Щекинське
с.,Щербинівка
с.,Щетини
с.,Щоми
с.,Юнаківка
с.,Юр'єве
с.,Юрівка
с.,Юсупівка
с.,Юхти
с.,Яблунівка
с.,Яблучне
с.,Яганівка
с.,Якименки
с.,Якимовичі
с.,Яковенкове
с.,Яловий Окіп
с.,Ямне
смт,Ямпіль
с.,Янченки
с.,Ярмолинці
с.,Ярове
с.,Ярове
с.,Ярославець
с.,Яроші
с.,Ярошівка
с.,Ярошівка
с.,Ясени
с.,Ясенове
с.,Ясенок
с.,Ясна Поляна
с.,Яснопілля
с.,Яснопільщина
с.,Яструбине
с.,Яструбщина
с.,Яцине
с.,"відділу радгоспу
""Баратчине"""
с-ще,"відділу радгоспу
""Біловоди"""
с-ще,"залізничного роз'їзду
Заруцький"
с-ще,"залізничної станції
Біловод"
с-ще,"залізничної станції
Ямпіль"
с-ще,"радгоспу ""Рокити"""
с-ще,радгоспу Коршачина
с-ще,"с-ще Буймерського
радгоспу"
с-ще,"с-ще Білозерського
відділу
Дубов'язівського
радгоспу"
с-ще,"с-ще Захарівського
лісництва"
с-ще,"с-ще Радомлянського
радгоспу"
с-ще,"с-ще залізничної
станції Есмань"
с-ще,"с-ще радгоспу
""Лідине"""
с-ще,"с-ще радгоспу
""Перемога"""
с-ще,"с-ще радгоспу
""Черепівка"""
с-ще,"с-ще радгоспу
Калинівка"
с-ще,"с-ще радгоспу
Тімірязєвка"
с-ще,"с-ще радгоспу
Шевченківка"
с-ще,"с-ще радгоспу ім.
Калініна"
с.,х. Першотравневий
с.,х. Петрівського
с.,х. Червоний
с.,хутір Буденний
с.,хутір Веселий
с.,хутір Грфський
с.,хутір Мануїльського
с.,хутір Першотравневий
с.,хутір Червоний
