м.,Харків
м.,Ізюм
м.,Куп'янськ
смт,Ківшарівка
смт,Куп'янськ-Вузловий
м.,Лозова
смт,Панютине
с.,Хлібне
с.,Герсеванівське
с.,Лісівське
м.,Люботин
с-ще,Байрак
с-ще,Караван
с-ще,Коваленки
с.,Смородське
м.,Первомайський
с.,Сиваш
м.,Чугуїв
с.,Клугино-Башкирівка
с.,Соцзмагання
м.,Балаклія
с.,Крейдянка
смт,Андріївка
смт,Савинці
с.,Довгалівка
с-ще,Раківка
смт,Червоний Донець
с.,Дальня Шебелинка
с.,Копанка
с.,Прогрес
с.,Червона Гірка
с.,Асіївка
с-ще,Жовтневе
с.,Новомиколаївка
с.,Попівка
с.,Соколівка
с.,Успенське
с.,Борщівка
с.,Бригадирівка
с.,Вербівка
с.,Вишнева
с.,Першотравневе
с.,Гусарівка
с.,Волобуївка
с.,Залиман
с.,Мирна Долина
с.,Норцівка
с.,Лозовенька
с.,Вільне
с.,Нова Серпухівка
с.,Мілова
с.,Криничне
с.,Первомайське
с.,Червоний Шлях
с.,Морозівка
с.,Бородоярське
с.,Вільхуватка
с.,Петрівське
с.,Берестянки
с.,Завгороднє
с.,Пришиб
с-ще,Жовтневе
с.,Явірське
с.,Протопопівка
с.,Волвенкове
с-ще,П'ятигірське
с.,Глазунівка
с.,Серафимівка
с.,Слабунівка
с-ще,Веселе
с-ще,Крючки
с-ще,Новоселівка
с-ще,Нурове
с.,Пазіївка
с-ще,Теплянка
с.,Українка
с.,Чепіль
с.,Вітрівка
с.,Червона Гусарівка
с.,Байрак
с.,Щурівка
с.,Шебелинка
с.,Новотроїцьке
с.,Шевелівка
с.,Яковенкове
с.,Вовчий Яр
с.,Таранушине
с.,Червоний Степ
с.,Червоний Яр
м.,Барвінкове
с.,Богодарове
с.,Надеждівка
с.,Погонівка
с.,Федорівка
с.,Велика Комишуваха
с.,Барабашівка
с.,Гаврилівка
с.,Африканівка
с.,Богданове
с.,Іванівка
с.,Ковалівка
с.,Котівка
с.,Малинівка
с.,Новобогданове
с.,Пригоже
с.,Степове
с.,Червона Зоря
с.,Григорівка
с.,Малолітки
с.,Миколаївка
с.,Петрівка
с.,Грушуваха
с.,Степок
с.,Гусарівка
с.,Василівка Друга
с.,Василівка Перша
с.,Веселе
с.,Маяк
с.,Нікополь
с.,Новопавлівка
с.,Олександрівка
с.,Іванівка
с.,Велика Андріївка
с.,Жовтневе
с.,Семиланне
с.,Ставкова Балка
с.,Червона Поляна
с.,Червоне
с-ще,Іванівка
с.,Дмитрівка
с.,Мар'ївка
с.,Червона Балка
с.,Іллічівка
с.,Дібрівне
с.,Курулька
с.,Нова Дмитрівка
с.,Пашкове
с.,Мечебилове
с.,Стара Семенівка
с.,Українка
с.,Федорівка
с.,Нова Миколаївка
с.,Червоний Лиман
с.,Подолівка
с.,Архангелівка
с.,Благодатне
с.,Данилівка
с.,Олександрівка
с-ще,Язикове
смт,Близнюки
с.,Інтернаціональне
с.,Садове
с.,Олексіївка
с.,Васюкове
с.,Григорівка
с.,Микільське
с.,Алісівка
с.,Безпальцеве
с.,Рижове
с.,Башилівка
с.,Лугове
с.,Новоіванівка
с.,Новопокровка
с.,Рясне
с.,Софіївка
с.,Червоне
с.,Берестове
с.,Новоселівка
с.,Остерське
с.,Преображенівка
с.,Тимофіївка
с.,Бурбулатове
с.,Вільне Перше
с.,Вільне Друге
с.,Енергетиків
с.,Миколаївка Перша
с.,Олександрівка
с.,Верхня Самара
с.,Варварівка
с.,Веселе
с.,Павлівка
с.,Федорівка
с.,Добровілля
с.,Берестове
с.,Ганнівка
с.,Одинецьке
с.,Яковівка
с.,Кірове
с.,Воровського
с.,Петрівське
с.,Шевченкове Перше
с.,Шевченкове Друге
с.,Криштопівка
с.,Андріївка
с.,Дмитрівка
с.,Миколаївка Друга
с.,Самійлівка
с.,Лукашівка
с.,Водолазьке
с.,Водяне
с.,Водяне
с.,Ганно-Рудаєве
с.,Дмитрівка
с.,Катеринівка
с.,Ладне
с.,Миролюбівка
с.,Сергієва Балка
с.,Степове
с.,Надеждине
с.,Жовтневе
с.,Настасівка
с.,Якимівка
с.,Новонадеждине
с.,Богданівка
с.,Морокине
с.,Новотроїцьке
с.,Привілля
с.,Новоукраїнка
с.,Новомиколаївка
с.,Холодне
с.,Острівщина
с.,Валер'яновка
с.,Дунине
с.,Серафимівка
с.,Радгоспне
с.,Далеке
с.,Самійлівка
с.,Бубнове Перше
с.,Верхньоводяне
с.,Новоолександрівка
с.,Новопавлівка
с.,Широке
с.,Семенівка
с.,Дубове
с.,Плахтіївка
с.,Софіївка Перша
с.,Зубове
с.,Мар'ївка
с.,Новомар'ївка
с.,Новоселівка
с.,Роздолівка
с.,Рудаєве
с.,Уплатне
с.,Милівка
с.,Новоуплатне
с.,Пролетарське
м.,Богодухів
с.,Москаленки
с.,Мусійки
с.,Паляничники
с.,Семенів Яр
смт,Гути
с.,Первухинка
с.,Першотравневе
смт,Шарівка
с.,Мар'їне
с-ще,Першотравневе
с.,Олександрівка
с.,Вінницькі Івани
с.,Дегтярі
с.,Коротке
с.,Губарівка
с.,Дмитрівка
с.,Бабаки
с.,Горбанівка
с.,Матвіївка
с.,Новософіївка
с.,Новоукраїнка
с.,Щербаки
с.,Заброди
с.,Воскобійники
с.,Лозова
с.,Новоселівка
с.,Філатове
с.,Зарябинка
с.,Леськівка
с.,Івано-Шийчине
с.,Братениця
с.,Тимофіївка
с.,Кленове
с-ще,Володарівка
с.,Мерло
с.,Пісочин
с-ще,Таверівка
с.,Шигимагине
с.,Крисине
с.,Бабенки
с.,Кадниця
с-ще,Максимівка
с.,Новоселівка
с.,Куп'єваха
с.,Павлівка
с.,Кручик
с.,Миролюбівка
с.,Петропавлівка
с-ще,Балабанівка
с.,Яблучне
с.,Полкова Микитівка
с.,Сазоно-Баланівка
с.,Вертіївка
с-ще,Горького
с.,Крупчине
с.,Ріпки
с.,Сінне
с.,Шийчине
с.,Шуби
с.,Сухини
с-ще,Гавриші
с.,Кияни
с.,Павлове
с.,Скосогорівка
с.,Гарбузи
с-ще,Степне
с-ще,Улянівка
с.,Воскресенівка
с.,Дев'ятибратове
с.,Корбині Івани
с-ще,Крупської
с.,Мар'їне
с.,Шкарлати
с.,Хрущова Микитівка
с-ще,Червона Нива
с.,Байрак
смт,Борова
с.,Бойні
с.,Новоплатонівка
с.,Шийківка
с.,Богуславка
с.,Загризове
с.,Лозова
с.,Нова Кругляківка
с.,Вище Солоне
с.,Нижче Солоне
с.,Гороховатка
с.,Бахтин
с.,Голубівка
с.,Ізюмське
с.,Андріївка
с.,Глущенкове
с.,Дружелюбівка
с.,Новий Мир
с.,Ольгівка
с.,Червоний Став
с-ще,Першотравневе
с.,Борівська Андріївка
с.,Вишневе
с.,Зелений Гай
с.,Копанки
с.,Піски-Радьківські
с.,Маліївка
с.,Підвисоке
с.,Гаврилівка
с.,Калинове
с.,Мирне
с.,Парнувате
с.,Ясинувате
с.,Підлиман
с.,Нижня Журавка
с.,Чернещина
с.,Новосергіївка
с.,Пролетарське
м.,Валки
смт,Ков'яги
с.,Журавлі
с.,Розсохівка
с.,Трохимівка
с.,Халимонівка
смт,Старий Мерчик
с-ще,Газове
с.,Добропілля
с.,Золочівське
с.,Мічурінське
с-ще,Привокзальне
с.,Олександрівка
с.,Корсунове
с.,Рідкодуб
с.,Соснівка
с.,Баранове
с.,Війтенки
с.,Гринців Ріг
с.,Коверівка
с.,Мізяки
с.,Рогівка
с.,Тетющине
с.,Благодатне
с.,Крута Балка
с.,Ландишове
с.,Новоселівка
с.,Серпневе
с.,Високопілля
с.,Гвоздьове
с.,Гонтів Яр
с.,Водопій
с.,Корсунівка
с.,Круглик
с.,Кузьмівка
с.,Старі Валки
с.,Заміське
с.,Бугаївка
с.,Бурякове
с.,Корнієнкове
с.,Косенкове
с.,Мала Кадигробівка
с.,Перепелицівка
с.,Рудий Байрак
с.,Тупицівка
с.,Щербинівка
с.,Кобзарівка
с.,Данильчин Кут
с.,Довжик
с.,Зайцівка
с.,Катричівка
с.,Козаченківка
с.,Шийки
с.,Костів
с.,Гузівка
с.,Колодківка
с.,Семківка
с.,Мельникове
с.,Вишневе
с.,Велика Губщина
с.,Михайлівка
с.,Нестеренки
с.,Різдвяне
с.,Скельки
с.,Суха Балка
с.,Яхременки
с.,Минківка
с.,Велика Кадигробівка
с.,Водяна Балка
с.,Гребінники
с.,Лисконоги
с.,Манили
с.,Мірошники
с.,Тугаївка
с.,Новий Мерчик
с.,Огульці
с.,Перекіп
с.,Сидоренкове
с.,Завгороднє
с.,Майдан
с.,Мозолівка
с.,Очеретове
с.,Шелудькове
с.,Сніжків
с.,Вільхівське
с.,Дорофіївка
с.,Кантакузівка
с.,Ясеневе
с.,Черемушна
с.,Литвинівка
с.,Піски
с.,Яблунівка
с.,Шарівка
с.,Бурівка
с.,Буцьківка
с.,Золочівське
с.,Пасічне
с.,Петренкове
с.,Свинарі
с.,Хворостове
с.,Шевченкове
с.,Шлях
смт,Великий Бурлук
с.,Балка
с.,Буряківка
с.,Голубівка
с.,Горяне
с.,Жуків Яр
с.,Заміст
с-ще,Канівцеве
с.,Лебедівка
с-ще,Литвинівка
с.,Манцівка
с.,Михайлівка
с.,Новоселівка
с.,Плоске
с.,Пролетарка
с.,Яєчне
смт,Приколотне
с.,Гогине
с.,Андріївка
с.,Веселе
с.,Рогозянка
с-ще,Садовод
с.,Стецьківка
с.,Гнилиця
с.,Аркушине
с.,Зелений Гай
с.,Гнилиця Перша
с.,Григорівка
с.,Амбарне
с-ще,Комсомольське
с.,Катеринівка
с-ще,Микільське
с.,Малий Бурлук
с-ще,Миколаївка
с.,Шевченкове
с.,Мілове
с.,Чугунівка
с.,Шев'яківка
с.,Нова Олександрівка
с.,Красне
с.,Лозове
с.,Червоноармійське
с.,Шевченкове
с.,Вільхуватка
с.,Анискине
с.,Водяне
с.,Довгеньке
с.,Зарубинка
с.,Івашкине
с.,Комісарове
с.,Устинівка
с-ще,Підсереднє
с-ще,Дорошенкове
с-ще,Малахове
с-ще,Сірий Яр
с.,Рублене
с.,Артільне
с.,Березники
с.,Крейдянка
с.,Озерне
с.,Потихонове
с.,Широке
с-ще,Федорівка
с.,Довжанка
с-ще,Піонер
с.,Хатнє
с-ще,Красноярське
с-ще,Червона Хвиля
с-ще,Зелений Гай
с-ще,Куп'єваха
с-ще,Нова Олександрівка
с.,Чорне
с.,Грачівка
с.,Купине
с.,Лобанівка
с.,Нефедівка
с.,Слизневе
с.,Шипувате
с.,Веселе
с.,Нестерівка
с.,Середній Бурлук
с-ще,Шипувате
с.,Шляхове
м.,Вовчанськ
с.,Плетенівка
смт,Білий Колодязь
с.,Волохівське
с.,Земляний Яр
смт,Вільча
смт,Старий Салтів
с.,Березники
с.,Металівка
с.,Петрівське
с.,Волохівка
с.,Бочкове
с.,Караїчне
с.,Вовчанські Хутори
с.,Зибине
с.,Покаляне
с-ще,Тихе
с.,Гатище
с.,Бугруватка
с.,Огірцеве
с.,Приліпка
с.,Гонтарівка
с.,Дідівка
с.,Паськівка
с.,Радькове
с.,Середівка
с.,Томахівка
с.,Широке
с.,Профінтерн
с.,Жовтневе Друге
с.,Варварівка
с.,Хрипуни
с.,Землянки
с.,Бударки
с.,Іванівка
с.,Благодатне
с.,Василівка
с.,Захарівка
с.,Котівка
с.,Бережне
с.,Молодова
с.,Нестерне
с.,Дегтярне
с.,Кругле
с.,Піщане
с.,Шабельне
с.,Новоолександрівка
с.,Бакшеївка
с.,Вірівка
с.,Лозова
с.,Охрімівка
с.,Мала Вовча
с.,Рибалкине
с.,Чайківка
с.,Петропавлівка
с.,Ганнопілля
с.,Гарбузівка
с.,Пільна
с.,Українське
с.,Революційне
с.,Сосновий Бір
с.,Шевченкове Перше
с.,Різникове
с.,Бузове
с.,Красний Яр
с.,Лошакове
с.,Лукашове
с.,Сердобине
с.,Хижнякове
с.,Черняків
с.,Рубіжне
с.,Байрак
с.,Варварівка
с.,Верхній Салтів
с.,Жовтневе
с.,Українка
с.,Стариця
с.,Ізбицьке
с.,Хотімля
с.,Перківка
с.,"Червоноармійське
Перше"
с.,Верхня Писарівка
с.,Жовтневе
с.,Пролетарське
с.,Радянське
с.,Синельникове
с.,Цегельне
с.,Шестерівка
с.,"Червоноармійське
Друге"
с.,Москалівка
с.,Погоріле
с.,Шестакове
с.,Федорівка
с.,Юрченкове
с.,Шевченкове
м.,Зміїв
с-ще,Вирішальний
смт,Зідьки
с-ще,Бутівка
с-ще,Лазуківка
с-ще,Черемушне
смт,Комсомольське
с-ще,Благодатне
с-ще,Донець
с.,Бірки
с.,Гужвинське
с.,Джгун
с.,Залізничні Бірки
с.,Кирюхи
с.,Кисле
с.,Кравцове
с.,Кукулівка
с.,Першотравневе
с.,Погоріле
с.,Федорівка
с.,Борова
с.,Водяне
с.,Гусина Поляна
с.,Звідки
с.,Костянтівка
с.,Красна Поляна
с.,Петрищеве
с.,Реп'яхівка
с.,Велика Гомільша
с.,Западня
с.,Клименівка
с.,Козачка
с.,Пасіки
с.,Геніївка
с.,Дачне
с.,Занки
с.,Курортне
с.,Українське
с.,Задонецьке
с.,Гайдари
с.,Іськів Яр
с.,Камплиця
с.,Коропове
с.,Омельченки
с.,Лиман
с.,Нижній Бишкин
с.,Геївка
с.,Суха Гомільша
с.,Черкаський Бишкин
с.,Скрипаї
с-ще,Лісне
с.,Мохнач
с.,Соколове
с.,Бірочок Другий
с.,Вилівка
с.,Глибока Долина
с.,Гришківка
с.,Таранівка
с.,Безпалівка
с-ще,Безпалівка
с.,Дудківка
с.,Жаданівка
с.,Радгоспне
с.,Роздольне
с.,Тимченки
с.,Аксютівка
с.,Колісники
с.,Миргороди
с.,Островерхівка
с.,Сидори
с.,Тросне
с.,Чемужівка
с.,Артюхівка
с.,Водяхівка
с.,Левківка
с.,Пролетарське
с.,Шелудьківка
смт,Дворічна
с.,Западне
с.,Жовтневе
с.,Кам'янка
с.,Бологівка
с-ще,Дворічанське
с.,Красне Перше
с.,Строївка
с.,Тополі
с.,Колодязне
с.,Новоужвинівка
с.,Обухівка
с.,Одрадне
с.,Кутьківка
с.,Довгеньке
с.,Касянівка
с.,Лозова Друга
с.,Лозова Перша
с.,Лиман Другий
с.,Миколаївка
с.,Нежданівка
с.,Павлівка
с.,Петрівка
с.,Новоєгорівка
с.,Берестове
с-ще,Великий Виселок
с.,Гракове
с.,Іванівка
с.,Мальцівка
с.,Терни
с.,Вільшана
с.,Лиман Перший
с.,Масютівка
с.,Першотравневе
с.,Петро-Іванівка
с.,Митрофанівка
с.,Нововасилівка
с.,Новомлинськ
с.,Фиголівка
с.,Піски
с.,Піщанка
с-ще,Тополі
с.,Рідкодуб
с.,Васильцівка
с.,Водяне
с.,Плескачівка
с.,Путникове
с.,Тавільжанка
с.,Гороб'ївка
с.,Гряниківка
с-ще,Дворічне
с.,Токарівка
с.,Добролюбівка
с.,Мечнікове
с.,Петрівське
м.,Дергачі
с.,Білаші
с.,Болибоки
с.,Ємці
с.,Замірці
с.,Маслії
с.,Мищенки
с.,Семенівка
с.,Шовкопляси
смт,Козача Лопань
с-ще,Ветеринарне
с.,Гранів
с.,Ілліча
с.,Шевченка
смт,Мала Данилівка
с.,Зайченки
с.,Караван
с.,Лужок
с.,Чайківка
смт,Вільшани
смт,Пересічна
с-ще,Березівське
с-ще,Комунар
смт,Прудянка
с.,Цупівка
с.,Шаповалівка
смт,Слатине
с.,Солоний Яр
смт,Солоницівка
с.,Куряжанка
с.,Подвірки
с.,Сіряки
с.,Безруки
с.,Лещенки
с-ще,Дворічний Кут
с-ще,Мануїлівка
с-ще,Південне
с.,Польова
с.,Протопопівка
с.,Безруків
с.,В'язове
с.,Гуківка
с.,Тернова
с.,Ярошівка
с.,Малі Проходи
с.,Алісівка
с.,Великі Проходи
с.,Висока Яруга
с.,Руська Лозова
с-ще,Нове
с-ще,Питомник
с.,Токарівка
с.,Бугаївка
с.,Гоптівка
с.,Дементіївка
с.,Дубівка
с.,Кочубеївка
с.,Кудіївка
с.,Лобанівка
с.,Токарівка Друга
с.,Шопине
с.,Черкаська Лозова
с-ще,Лісне
смт,Зачепилівка
с.,Нагірне
с.,Скалонівка
с.,Бердянка
с.,Першотравневе
с.,Червоний Жовтень
с.,Червоноармійське
с.,Забарине
с.,Олександрівка
с.,Леб'яже
с.,Кочетівка
с.,Червона Перемога
с.,Малий Орчик
с.,Залінійне
с.,Зарічне
с.,Орчик
с.,Миколаївка
с.,Абазівка
с.,Нове Мажарове
с.,Дудівка
с.,Зіньківщина
с.,Котовського
с.,Нове Пекельне
с.,Петрівське
с.,Старе Мажарове
с.,Старе Пекельне
с.,Улянівка
с.,Рунівщина
с.,Педашка Перша
с.,Романівка
с.,Устимівка
с.,Сомівка
с.,Займанка
с.,Лиманівка
с.,Семенівка
с.,Чернещина
с.,Новоселівка
с.,Письмаківка
смт,Золочів
с.,Березівка
с.,Бугаї Другі
с.,Зрубанка
с.,Литвинове
с.,Макариха
с.,Орішанка
с.,Розсохувате
с.,Сніги
с.,Цапівка
с.,Олександрівка
с.,Завадське
с.,Скорики
с-ще,Тимофіївка
с.,Широкий Яр
с.,Велика Рогозянка
с.,Гуринівка
с.,Сковородинівка
с.,Гур'їв Козачок
с.,Андріївка
с.,Баранівка
с.,Сотницький Козачок
с.,Довжик
с.,Вікнине
с.,Рідний Край
с-ще,Жовтневе
с.,Карасівка
с.,Миронівка
с.,Чорноглазівка
с.,Лютівка
с-ще,Відродженівське
с.,Мала Рогозянка
с.,Вільшанське
с.,Зіньківське
с-ще,Перемога
с-ще,Одноробівка
с.,Басове
с.,Івашки
с-ще,Перовське
с.,Одноробівка
с.,Борохи
с.,Гресі
с.,Ковалі
с.,Мартинівка
с-ще,Муравське
с.,Петрівка
с.,Постольне
с-ще,Сніги
с.,Стогнії
с.,Цилюрики
с.,Писарівка
с.,Гур'їв
с.,Леміщине
с.,Малижине
с.,Мерло
с.,Морозова Долина
с.,Рясне
с.,Світличне
с.,Дуванка
с.,Макарове
с.,Соснівка
с.,Турове
с.,Уди
с.,Костянтинівка
с.,Окіп
с.,Червона Зоря
с.,Феськи
с.,Головашівка
с.,Жовтневе
с.,Маяк
с-ще,Першотравневе
с-ще,Пролетар
с.,Чепелі
с.,Олександрівка
с.,Жовтневе
с.,Козютівка
с.,Підвисоке
с.,Радянське
с.,Бражківка
с.,Сулигівка
с.,Бригадирівка
с.,Бабенкове
с.,Липчанівка
с.,Федорівка
с.,Бугаївка
с.,Попасне
с.,Розсохувате
с.,Сухий Яр
с.,Чорнобаївка
с.,Вірнопілля
с.,Дмитрівка
с.,Карнаухівка
с.,Довгеньке
с.,Заводи
с.,Андріївка
с.,Петропілля
с.,Придонецьке
с.,Червоний Шахтар
с.,Іванчуківка
с.,Лисогірка
с.,Новопавлівка
с.,Червоний Донець
с.,Червона Поляна
с.,Кам'янка
с.,Синичено
с.,Суха Кам'янка
с.,Тихоцьке
с.,Капитолівка
с.,Діброва
с.,Комарівка
с.,Миколаївка
с.,Куньє
с.,Левківка
с.,Глинське
с.,Забавне
с.,Іванівка
с.,Іскра
с.,Крамарівка
с.,Пимонівка
с.,Рудневе
с.,Мала Комишуваха
с.,Донецьке
с.,Копанки
с.,Семенівка
с.,Сніжківка
с.,Топольське
с.,Шпаківка
с.,Студенок
с.,Пасіка
с.,Яремівка
с.,Червоний Оскіл
с.,Букине
с.,Чистоводівка
смт,Кегичівка
с.,Антонівка
с.,Зелена Діброва
смт,Чапаєве
с.,Комунарське
с.,Улянівка
с.,Андріївка
с.,Землянки
с.,Олександрівка
с.,Бесарабівка
с.,Коханівка
с.,Власівка
с.,Кофанівка
с.,Шевченкове
с.,Вовківка
с.,Серго
с-ще,Красне
с-ще,Вільне
с.,Калинівка
с.,Карабущине
с.,Краснянське
с.,Лозова
с.,Мажарка
с.,Медведівка
с.,Золотухівка
с.,Нова Парафіївка
с.,Павлівка
с.,Калюжине
с.,Комунарка
с.,Писарівка
с.,Парасковія
с.,Крутоярівка
с.,Розсохувата
с.,Рояківка
с.,Гутирівка
с.,Дальнє
с.,Софіївка
с.,Шляхове
с.,Артемівка
с.,Козачі Майдани
смт,Коломак
с.,Жовтневе
с.,Покровка
с.,Гладківка
с.,Панасівка
с.,Трудолюбівка
с.,Різуненкове
с.,Вдовичине
с.,Ганнівка
с.,Гришкове
с.,Гуртовівка
с.,Каленикове
с.,Крамарівка
с.,Мірошниківка
с.,Прядківка
с.,Явтухівка
с.,Шелестове
с.,Білоусове
с.,Григорівка
с.,Нагальне
с.,Пащенівка
с.,Петропавлівка
с.,Підлісне
с.,Цепочкине
с.,Шляхове
с.,Андрусівка
с.,Бондарівка
с.,Бровкове
с.,Дмитрівка
с.,Кисівка
с.,Латишівка
с.,Логвинівка
с.,Миколаївка
с.,Сургаївка
м.,Красноград
с-ще,Дослідне
с-ще,Куми
с-ще,Степове
с.,Володимирівка
с.,Варварівка
с.,Копанки
с.,Лукашівка
с.,Олександрівка
с-ще,Садове
с.,Кирилівка
с.,Високе
с.,Світле
с.,Червоне
с.,Кобзівка
с.,Кобзівка Друга
с-ще,Ленінське
с.,Одрадівка
с.,Новопавлівка
с.,Шкаврове
с.,Хрестище
с.,Кобцівка
с.,Оленівка
с.,Першотравневе
с.,Українка
с.,Ленінка
с.,Тишенківка
с.,Чапаєве
с.,Мартинівка
с.,Вільховий Ріг
с.,Вознесенське
с.,Гадяч
с.,Добренька
с.,Кам'янка
с.,Наталине
с.,Улянівка
с.,Миколо-Комишувата
с.,Гірчаківка
с.,Мокрянка
с.,Октябрське
с.,Берестовенька
с.,Гранове
с.,Калинівка
с.,Петрівка
с-ще,Балки
с.,Лип'янка
с.,Піщанка
с-ще,Жовтневе
с.,Новоселівка
с.,Попівка
с.,Вільне
с.,Маховик
с.,Роздолля
с.,Ясна Поляна
с.,Соснівка
с.,Березівка
смт,Краснокутськ
с.,Основинці
с.,Ситники
с.,Степанівка
с.,Чернещина
смт,Костянтинівка
с-ще,Кам'яно-Хутірське
с-ще,Ковалівське
с-ще,Степове
с.,Олексіївка
с.,Бідило
с-ще,Водяне
с-ще,Дублянка
с-ще,Прогрес
с.,Сонцедарівка
с.,Червоний Прапор
с.,В'язова
с.,Михайлівка
с.,Одрада
с.,Олійники
с.,Рандава
с.,Каплунівка
с.,Мойка
с.,Качалівка
с.,Бузове
с.,Карайкозівка
с.,Кусторівка
с-ще,Михайлівське
с.,Павлюківка
с.,Петрівське
с.,Шевченкове
с.,Китченківка
с.,Благодатне
с.,Ковальчуківка
с.,Коломацький Шлях
с-ще,Комсомольське
с.,Настеньківка
с.,Сергіївка
с.,Козіївка
с.,Городнє
с-ще,Лучки
с.,Прокопенкове
с.,Ходунаївка
с.,Колонтаїв
с.,Капранське
с.,Котелевка
с.,Любівка
с.,Мурафа
с-ще,Володимирівка
с-ще,Лісне
с.,Мирне
с-ще,Оленівське
с-ще,Пильнянка
с-ще,Сорокове
с.,Пархомівка
с.,Гаркавець
с-ще,Павлівка
с-ще,Піонерське
с.,Рябоконеве
с.,Березівка
с.,Гринів Яр
с.,Зубівка
с.,Ковалівка
с.,Комарівка
с.,Комсомолець
с.,Слобідка
с.,Вишнівка
с.,Глушківка
с.,Колісниківка
с.,Грушівка
с.,Благодатівка
с.,Василівка
с.,Садове
с.,Гусинка
с.,Єгорівка
с.,Курочкине
с.,Самборівка
с.,Ягідне
с.,Затишне
с.,Іванівка
с.,Миколаївка
с.,Нова Тарасівка
с.,Орлянка
с.,Степова Новоселівка
с.,Кислівка
с.,Котлярівка
с.,Крохмальне
с.,Табаївка
с.,Кіндрашівка
с.,Голубівка
с.,Калинове
с.,Мала Шапківка
с.,Московка
с.,Радьківка
с.,Соболівка
с.,Тищенківка
с.,Кругляківка
с.,Курилівка
с.,Новоосинове
с-ще,Піщане
с.,Подоли
с.,Лісна Стінка
с.,Біле
с.,Воронцівка
с.,Синиха
с.,Хомине
с.,Моначинівка
с.,Василівка
с.,Дорошівка
с.,Селище
с.,Нечволодівка
с.,Піщане
с.,Берестове
с.,Петрівка
с.,Болдирівка
с.,Осадьківка
с.,Пойдунівка
с.,Прокопівка
с.,Стінка
с.,Тамарганівка
с.,Петропавлівка
с.,Кучерівка
с.,Синьківка
с.,Пристін
с.,Сеньок
с.,Просянка
с.,Вовчий Яр
с.,Миколаївка Перша
с.,Миколаївка Друга
с.,Прилютове
с.,Цибівка
с.,Сенькове
с.,Смородьківка
с.,Велика Шапківка
с.,Ковалівка
с.,Паламарівка
смт,Краснопавлівка
с.,Браїлівка
с.,Миронівка
смт,Орілька
с.,Запарівка
с.,Захарівське
с.,Петрівське
с.,Петропілля
с.,Хижняківка
с.,Шугаївка
с.,Яблучне
с.,Артільне
с.,Барабашівка
с.,Григоросове
с.,Дивізійне
с.,Миколаївка
с.,Надеждине
с.,Бунакове
с.,Горохівка
с.,Святушине
с.,Домаха
с.,Димитрова
с.,Єлизаветівка
с.,Катеринівка
с.,Братолюбівка
с.,Довгове
с.,Михайлівка
с.,Світловщина
с-ще,Комсомольське
с.,Мирне
с.,Радянське
с.,Федорівка
с-ще,Кінне
с-ще,Жовтневе
с.,Надеждівка
с.,Привілля
с.,Миролюбівка
с.,Федорівка
с.,Миколаївка
с.,Копані
с.,Литовщина
с.,Мар'ївка
с.,Олексіївка
с.,Поди
с.,Нова Іванівка
с.,Мальцівське
с.,Нестеліївка
с.,Страсне
с.,Павлівка Друга
с.,Бакшарівка
с.,Зелений Гай
с.,Новоселівка
с.,Перемога
с.,Герсеванівка
с.,Роздори
с.,Червоний Кут
с.,Плисове
с.,Царедарівка
с.,Полтавське
с.,Запорізьке
с.,Реводарівка
с.,Червоний Шахтар
с-ще,Нове
с.,Садове
с.,Богомолівка
с.,Бритай
с.,Іванівка
с.,Різдвянка
с.,Смирнівка
с.,Веселе
с.,Тихопілля
с.,Благодатне
с.,Лиман
с.,Нова Мечебилівка
с-ще,Чернігівське
с.,Вільне
с.,Шатівка
с.,Городнє
с.,Миколаївка
с.,Олександрівка
с.,Яковлівка
с.,Веселе
с-ще,"Нижня
Краснопавлівка"
с.,Оддихне
с.,Сергіївка
с.,Степанівка
смт,Нова Водолага
с.,Новоселівка
смт,Бірки
с.,Василівське
с.,Ключеводське
с.,Липкуватівка
с.,Рябухине
с.,Ватутіне
с.,Вільхуватка
с.,Знам'янка
с.,Брідок
с.,Круглянка
с.,Мануйлове
с.,Федорівка
с.,Караван
с.,Завадівка
с.,Червона Поляна
с.,Мелихівка
с.,Парасковія
с.,Одринка
с.,Кут
с.,Пластунівка
с.,Ордівка
с.,Нова Мерефа
с.,Щебетуни
с.,Охоче
с.,Клинове
с.,Просяне
с.,Дерегівка
с.,Комсомольське
с.,Лихове
с.,Рокитне
с.,Мокра Рокитна
с.,Сосонівка
с.,Бражники
с.,Головнівка
с.,Княжне
с.,Моськівка
с.,Низівка
с.,Стулепівка
с.,Станичне
с.,Білоусівка
с.,Винники
с.,Гаврилівка
с.,Дегтярка
с.,Комінтерн
с.,Литовки
с.,Ляшівка
с.,Москальцівка
с.,Печіївка
с.,Старовірівка
с.,Дячківка
с.,Муравлинка
с-ще,Палатки
с.,Раківка
с.,Стара Водолага
с.,Бахметівка
с.,Павлівка
с.,Олексіївка
с.,Берека
с-ще,Комсомольське
с.,Верхній Бишкин
с.,Верхня Орілька
с.,Грушине
с.,Високе
с.,Жовтневе
с.,Караченців
с.,Кашпурівка
с.,Маслівка
с.,Дмитрівка
с.,Мар'ївка
с.,Єфремівка
с-ще,Більшовик
с.,Новоберецьке
с.,Семенівка
с.,Закутнівка
с.,Веселе
с.,Картамиш
с.,Крутоярка
с.,Лозівське
с.,Миколаївка
с.,Совєтське
с.,Киселі
с.,Кам'янка
с.,Перерізнівка
с-ще,Красне
с-ще,Нове
с.,Задорожнє
с-ще,Червоне Знамено
с.,Нова Семенівка
с.,Миронівка
с.,Кіптівка
с.,Новоєгорівка
с.,Тимченки
с.,Михайлівка
с.,Берестки
с.,Сумці
с.,Одрадове
с.,Красиве
с.,Максимівка
с.,Рокитне
с.,Шевченкове
с-ще,Правда
с.,Роздолля
с-ще,Краснопавлівське
с.,Крюкове
с.,Шульське
с.,Ржавчик
с.,Радомислівка
с.,Суданка
с-ще,Біляївка
с.,Булацелівка
с.,Зеленівка
с.,Паризьке
с.,Петрівка
с.,Побєда
смт,Печеніги
с.,Кицівка
с.,Новокомсомольське
с.,П'ятницьке
с.,Артемівка
с.,Борщова
с.,Ганнівка
с.,Гарашківка
с.,Гуслівка
с.,Першотравневе
с.,Мартове
с.,Новий Бурлук
смт,Сахновщина
с.,Германівка
с.,Жовтень
с.,Чорнолозка
с.,Аполлонівка
с.,Красна Гірка
с.,Лесівка
с.,Миколаївка
с.,Червона Долина
с.,Багата Чернещина
с.,Малі Бучки
с.,Великі Бучки
с.,Володимирівка
с.,Козирів
с.,Орільське
с.,Староволодимирівка
с.,Дар-Надежда
с.,Гришівка
с.,Загаркушине
с.,Івано-Слиньківка
с.,Максимівка
с.,Новобогданівка
с.,Дубові Гряди
с.,Катеринівка
с.,Берестове
с.,Олександрівка
с.,Піскувате
с.,Халтуріна
с.,Лебедівка
с.,Красноярка
с.,Нагірне
с.,Нововолодимирівка
с.,Лигівка
с.,Бондарівка
с.,Олексіївка
с.,Тарасівка
с.,Червоний Степ
с.,Новоолександрівка
с.,Андріївка
с.,Касянівка
с.,Кузьминівка
с.,Ленінське
с.,Надеждине
с.,Нова Балка
с.,Новодмитрівка
с.,Петрівка
с.,Степанівка
с.,Нова Чернещина
с.,Калинівка
с.,Костянтинівка
с.,Огіївка
с.,Гаркушине
с.,Тернуватка
с.,Олійники
с.,Мар'ївка
с.,Новомихайлівка
с.,Яковлівка
с.,Тавежня
с.,Скиртяне
с.,Судиха
с.,Чапаєвка
с.,Шевченкове
с.,Шевченкове
с.,Миколаївка
м.,Мерефа
с-ще,Селекційне
м.,Південне
с-ще,Першотравневе
смт,Бабаї
с-ще,Радгоспне
смт,Безлюдівка
смт,Березівка
смт,Буди
с.,Бистре
с.,Бідряги
смт,Васищеве
с-ще,Подольох
смт,Високий
с-ще,Нова Березівка
смт,Коротич
с-ще,Комунар
с.,Стара Московка
смт,Кулиничі
с.,Артемівка
с.,Байрак
с.,Бобрівка
с.,Бражники
с.,Заїки
с-ще,Затишшя
с-ще,Зернове
с-ще,Кутузівка
с-ще,Момотове
с-ще,Перемога
с-ще,Прелесне
с-ще,Радгоспне
с-ще,Фрунзе
смт,Манченки
с-ще,Барчани
с.,Горіхове
с.,Гурине
с.,Мищенки
с.,Нестеренки
с-ще,Санжари
с-ще,Спартаси
с-ще,Травневе
с-ще,Ударне
смт,Пісочин
с.,Надточії
с.,Олешки
с-ще,Рай-Оленівка
смт,Покотилівка
смт,Рогань
с-ще,Комуніст
смт,Утківка
с.,Верхня Озеряна
с.,Кринички
с.,Лелюки
с.,Нижня Озеряна
смт,Хорошеве
с.,Веселе
с.,Зелене
с.,Нескучне
с-ще,Радгоспне
с-ще,Глибоке
с.,Красне
с.,Мороховець
с.,Стрілеча
с.,Жовтневе
с.,Борщова
с.,Комунар
с.,Мовчани
с.,Лизогубівка
с.,Кирсанове
с.,Темнівка
с.,Хмарівка
с.,Шубіне
с.,Липці
с.,Лук'янці
с.,Борисівка
с.,Олійникове
с.,Пильна
с.,Мала Рогань
с.,Бісквітне
с.,Коропи
с.,Пономаренки
с.,Борове
с.,Горбані
с.,Лелюки
с.,Логачівка
с.,Павленки
с.,Федірці
с.,Хроли
с.,Руські Тишки
с.,Петрівка
с.,Українське
с.,Черкаські Тишки
с.,Вільхівка
с.,Верхня Роганка
с.,Сороківка
с.,Степанки
с.,Тернова
с.,Перемога
с.,Циркуни
с.,Бутенкове
с.,Михайлівка
с.,Олександрівка
с.,Черняки
с.,Яковлівка
с.,Олександрівка
с.,Ржавець
смт,Введенка
с.,Зауддя
с.,Зелений Колодязь
с.,Світанок
с.,Тернова
смт,Кочеток
смт,Малинівка
смт,Новопокровка
с-ще,Чапаєва
смт,Чкаловське
с.,Гаврилівка
с-ще,Дослідне
с.,Миколаївка
с.,Нова Гнилиця
смт,Есхар
с.,Базаліївка
с.,Велика Бабка
с.,Піщане
с.,Волохів Яр
с.,Гракове
с-ще,Залізничне
с.,Ртищівка
с.,Зарожне
с.,Тетлега
с.,Іванівка
с.,Михайлівка
с.,Петрівське
с.,Студенок
с.,Кам'яна Яруга
с.,Коробочкине
с.,Осиковий Гай
с.,Леб'яже
с.,Миколаївка
с.,Пушкарне
с.,Таганка
с.,Мосьпанове
с.,Стара Гнилиця
с.,Стара Покровка
с.,Поди
с.,Юрченкове
смт,Шевченкове
с.,Верхньозорянське
с.,Зорянське
с.,Михайлівка
с.,Огурцівка
с.,Первомайське
с.,Раївка
с.,Сазонівка
с.,Троїцьке
с.,Аркадівка
с.,Ленінка
с.,Микільське
с.,Безмятежне
с.,Кравцівка
с.,Миропілля
с.,Полтава
с.,Станіславка
с.,Старий Чизвик
с.,Березівка
с.,Баранове
с-ще,Борівське
с.,Василенкове
с.,Худоярове
с.,Великі Хутори
с.,Журавка
с.,Волоська Балаклія
с.,Гетьманівка
с.,Лелюківка
с.,Малі Кринки
с.,Мостове
с.,Одрадне
с.,Тетянівка
с.,Нижній Бурлук
с.,Володимирівка
с.,Іванівка
с.,Михайлівка
с.,Смолівка
с.,Шевченкове
с.,Шишківка
с.,Новомиколаївка
с.,Петрівка
с.,Горожанівка
с.,Іванівка
с.,Петропілля
с.,Гроза
с.,Колісниківка
с.,Максимівка
с.,Олександрівка
с.,Олексіївка
с.,Самарське
с.,Ставище
с.,Сумське
с.,Семенівка
с.,Богодарівка
с.,Новий Лиман
с.,Новостепанівка
с.,Сподобівка
с.,Дуванка
с.,Федорівка
с.,Старовірівка
с.,Іванівка
смт,Андріївка Перша
с.,Мусієнки
с.,Відродження
с.,Горохуватка
с.,Василівка
с.,Замниуси
с.,Хоружне
с.,Бабишкине
с.,Берізки
с.,Кругле
с.,Деркачі
с.,Сахни
с.,Копанки
с.,Гусівка
с.,хутір Козаченків
с.,Буряки
с.,Берестове
с.,Жовтневе
м.,Готвальд
с.,Соколів
с.,Нові Сидори
с.,Єлизаветине
с.,Кирюшин
с.,Федорівщина
с-ще,зал. стан. Безпалівка
с.,Гнилиця Друга
с.,Гнилушка
с.,Бугаїв
с.,Мала Цапівка
с.,Мала Писарівка
с.,хутір Токарівка
с.,Бугаї Перші
с.,Бугаї
с.,Кантемири
с.,Филоненки
с.,Микільське
с.,Коробки
с.,Красноярське
с.,Велике Басове
с-ще,зал. роз. Муравський
с-ще,зал. роз. Сніги
с.,Будьоннівка
с-ще,Возрожденівка
с.,Василівка
с.,Синичине
с.,хутір Артемівський
с-ще,"Володимирівське
лісництво"
с.,Балка-Софіївка
с.,Червоносів
с.,Сосіпатрівка
с.,Цяцьківка
с.,хутір Мойків
с.,хутір Шевченка
с.,хутір Прокопенка
с.,Єлизаветівка Перша
с.,Єлизаветівка Друга
с.,Замерлянське
с.,хутір Покровський
с.,хутір Гур'ївський
с-ще,"селище Молочна
ферма"
с.,х. Цехмистрів
с.,хутір Володимирівка
с.,Котляри
с.,Вогненка
с.,Чапаєвське
с.,Добробут
с.,Бугаївка
с-ще,"селище залізничної
станції Рогань"
с.,Просянка
с.,"Новоолександрівка
Перша"
с.,Михайлівка Перша
с.,Михайлівка Друга
смт,Андріївка Друга
с.,хутір Тугаїв
с.,Портянкине
с-ще,зал. стан. Занки
с.,Непокрите
с.,Красний Гай
с.,Помилуйківка
с.,зал. стан. Одноробівка
с.,Попельне
с.,Кобзівка Перша
с.,Березове
с.,хутір Ульяновський
с-ще,Гряниківка
с.,хутір Шугаївкський
с.,Петрівка Друга
с.,Головин Ріг
с.,Комсомольське
с.,Зелений Гай
с.,Запорізьке
с.,Федорівка Друга
с-ще,Лихачове
с-ще,Лаптєва
с.,Мовчанове
с.,Орлянське
смт,Пересічне
с-ще,Слобожанське
с.,Високе
с.,Замулівка
с.,Миколаївка
с.,Лиман
с-ще,Лагідне
с.,Батюшки
с.,Кленове
с.,Зарічне
с.,Лосівка
с.,Графське
с.,Вишневе
с.,Кирилівка
с-ще,Григорівка
с.,Нова Козача
с-ще,Курортне
с.,Котівка
с.,Травневе
с.,Вишневе
с.,Петрівка
смт,Слобожанське
с.,Поляна
с.,Новоіванівка
смт,Слобожанське
с.,Козацьке
с.,Олександрівське
с.,Зоряне
с.,Вишневе
с.,Дружба
с.,Хутірське
с-ще,Бузова
с-ще,Миролюбівка
с.,Степове
с.,Українське
с.,Водолага
с.,Рубіжне
с.,Слобожанське
с.,Новопросянське
с.,Приморське
с.,Котляри
с-ще,Елітне
с.,Степове
с-ще,Роздольне
с.,Роздольне
с-ще,Покровське
с.,Нова Гусарівка
с.,Степок
с.,Калинівка
с.,Степове
с-ще,Курганне
с.,Олянівка
с.,Перемога
с-ще,Калинове
с.,Високе
с.,Щасливе
с-ще,Степове
с.,Українське
с.,Калинівка
с-ще,Трійчате
с.,Степове
с-ще,Червоне
с.,Благодатне
с-ще,Затишне
с-ще,Слобідське
с.,Високе
с-ще,Мала Іванівка
с.,Полковниче
с.,Бугаївка
с.,Богданівське
с.,Височинівка
с.,Веселе
с-ще,Малі Феськи
смт,Донець
с.,Рідне
с.,Співаківка
с.,Слобожанське
с.,Квітневе
с.,Княжа Долина
с.,Мирне
с.,Вишневе
с.,Троїцьке
с-ще,Вікторівка
с-ще,Слобідське
с-ще,Соніно
с.,Юр'ївка
с.,Сугарівське
с.,Зарічне
с.,Симинівка
с.,Боголюбівка
с.,Мале Веселе
с.,Рідний Край
с.,Оскіл
с.,Новоіванівське
с-ще,Покровське
с.,Іванівське
с.,Осиново
с.,Зелений Клин
с.,Зелене
с.,Слобожанське
с-ще,Новий Коротич
с-ще,Докучаєвське
с.,Василів Хутір
с.,Верхове
с.,Миколаївка
с.,Гуляй Поле
м.,Берестин
м.,Златопіль
