м.,Черкаси
с-ще,Оршанець
м.,Ватутіне
с.,Скаливатка
м.,Канів
м.,Золотоноша
с-ще,Гришківка
с.,Згар
с-ще,Ярки
м.,Сміла
с-ще,Ірдинівка
м.,Умань
м.,Городище
с.,Набоків
смт,Вільшана
с-ще,Незаможник
с-ще,Сагайдачне
смт,Цвіткове
с.,Будо-Орловецька
с.,Валява
с.,Вербівка
с-ще,Кличкове
с.,Воронівка
с.,Дмитрове
с.,В'язівок
с.,Дирдин
с.,Журавка
с.,Тихі Верби
с.,Зелена Діброва
с.,Калинівка
с.,Ксаверове
с.,Мліїв
с.,Орловець
с.,Петрики
с-ще,Ільченкове
с-ще,Кудинівка
с-ще,Моргунове
с.,Сегединці
с-ще,Трихуторівка
с.,Петропавлівка
с.,Старосілля
с.,Товста
с-ще,Стадниця
с.,Хлистунівка
смт,Драбів
с.,Шрамківка
с-ще,Вишневе
с.,Безбородьки
с.,Білоусівка
с.,Безпальче
с.,Бойківщина
с.,Бирлівка
с.,Перше Травня
с.,Великий Хутір
с-ще,Ашанівка
с.,Вершина-Згарська
с.,Демки
с.,Новомиколаївка
с-ще,Драбове-Барятинське
с.,Жорнокльови
с.,Золотоношка
с.,Кантакузівка
с.,Ковалівка
с.,Гречанівка
с.,Коломиці
с.,Кононівка
с-ще,Кононівка
с.,Криштопівка
с.,Левченкове
с.,Тополі
с.,Ленінське
с-ще,Радгоспне
с.,Мехедівка
с.,Митлашівка
с.,Козаче
с.,Олімпіадівка
с.,Михайлівка
с.,Павлівщина
с.,Мойсівка
с.,Нехайки
с.,Петровського
с.,Остапівка
с.,Ковтунівка
с.,Перервинці
с-ще,Козорізи
с.,Погреби
с-ще,Бондарівка
с.,Гай
с-ще,Рецюківщина
с.,Рождественське
с.,Свічківка
с.,Хомівщина
с.,Степанівка
с.,Яворівка
с-ще,Червона Дача
м.,Жашків
с.,Олександрівка
с.,Баштечки
с.,Безпечна
с.,Бузівка
с.,Вороне
с.,Житники
с.,Зелений Ріг
с.,Конела
с.,Конельська Попівка
с.,Конельські Хутори
с.,Медувата
с.,Королівка
с.,Кривчунка
с.,Леміщиха
с.,Литвинівка
с.,Марійка
с.,Нагірна
с-ще,Костянтинівка
с.,Побійна
с.,Нова Гребля
с.,Вільшанка
с.,Острожани
с.,Охматів
с.,Павлівка
с.,Пугачівка
с.,Сабадаш
с.,Скибин
с.,Соколівка
с.,Сорокотяга
с.,Тетерівка
с.,Тихий Хутір
с.,Тинівка
с.,Хижня
с.,Одай
с.,Червоний Кут
с.,Шуляки
с-ще,Адамівка
м.,Звенигородка
с.,Багачівка
с.,Михайлівка
с.,Павлівка
с.,Боровикове
с-ще,Юркове
с.,Будище
с.,Водяники
с.,Гудзівка
с.,Гусакове
с.,Козацьке
с.,Княжа
с.,Кобиляки
с.,Мизинівка
с-ще,Олександрівка
с.,Стара Буда
с.,Моринці
с.,Гнилець
с.,Неморож
с.,Мурзинці
с.,Озірна
с.,Вільховець
с.,Пединівка
с-ще,Шампанія
с.,Попівка
с.,Ризине
с.,Рижанівка
с.,Стебне
с.,Стецівка
с.,Тарасівка
с.,Хлипнівка
с.,Майданівка
с.,Чемериське
с.,Барвінок
с.,Чижівка
с.,Чичиркозівка
с.,Шевченкове
с.,Демкове
с-ще,Кононове-Івасів
с.,Юрківка
с.,Антипівка
с.,Бакаївка
с.,Богдани
с-ще,Шкодунівка
с.,Богуславець
с.,Броварки
с-ще,Малинівщина
с.,Бубнівська Слобідка
с.,Вільхи
с-ще,Холодне
с.,Вознесенське
с-ще,Канівщина
с-ще,Петровського
с.,Гельмязів
с.,Гладківщина
с-ще,Гладківщина
с.,Деньги
с.,Хвильово-Сорочин
с.,Дмитрівка
с.,Матвіївка
с.,Домантове
с.,Драбівці
с.,Маркізівка
с.,Сеньківці
с.,Зорівка
с.,Чернещина
с.,Каленики
с-ще,Ковтунівка
с.,Коврай
с.,Коврай Другий
с.,Ковтуни
с.,Мицалівка
с.,Коробівка
с.,Кедина Гора
с.,Комарівка
с-ще,Снігурівка
с.,Кропивна
с.,Маліївка
с.,Щербинівка
с.,Кривоносівка
с.,Крупське
с.,Лукашівка
с.,Хрущівка
с.,Нова Дмитрівка
с-ще,Дібрівка
с.,Мелесівка
с.,Піщане
с.,Коврайські Хутори
с.,Плешкані
с.,Подільське
с.,Підставки
с.,Привітне
с-ще,Роздол
с.,Синьооківка
с.,Скориківка
с.,Львівка
с.,Софіївка
с.,Чапаєвка
с.,Шабельники
с.,Нова Гребля
м.,Кам'янка
с.,Баландине
с.,Вербівка
с-ще,Калинівка
с.,Грушківка
с.,Жаботин
с-ще,Сокирне
с.,Флярківка
с.,Катеринівка
с.,Косарі
с.,Коханівка
с.,Лебедівка
с-ще,Копійчана
с.,Лубенці
с-ще,Грекове
с.,Куликівка
с.,Лузанівка
с.,Михайлівка
с-ще,Петрівське
с.,Радиванівка
с-ще,Богданівське
с.,Олянине
с.,Райгород
с.,Ярове
с.,Ребедайлівка
с.,Ревівка
с.,Пляківка
с.,Телепине
с.,Тимошівка
с.,Юрчиха
с.,Беркозівка
с.,Лізки
с.,Бобриця
с.,Студенець
с.,Горобіївка
с.,Буда-Горобіївська
с.,Григорівка
с.,Луковиця
с.,Трахтемирів
с.,Грищинці
с.,Келеберда
с.,Козарівка
с.,Бересняги
с-ще,Орловець
с.,Синявка
с.,Кононча
с.,Гамарня
с.,Копіювата
с-ще,Копіювате
с.,Курилівка
с.,Ліпляве
с.,Литвинець
с.,Ковалі
с.,Мартинівка
с.,Дарівка
с.,Ключники
с.,Межиріч
с.,Бабичі
с.,Лука
с.,Мельники
с.,Голяки
с.,Озерище
с.,Павлівка
с.,Новоукраїнка
с.,Пекарі
с.,Полствин
с.,Малий Ржавець
с.,Попівка
с.,Потапці
с.,Лазірці
с.,Пищальники
с-ще,Райок
с.,Прохорівка
с.,Сушки
с.,Пшеничники
с.,Бучак
с.,Глинча
с.,Іваньків
с.,Трощин
с.,Степанці
с.,Пилява
с-ще,Степанецьке
с.,Таганча
с.,Поташня
с.,Тростянець
с.,Хмільна
с.,Михайлівка
с.,Нова Гута
с.,Хутір-Хмільна
с.,Черниші
с.,Яблунів
смт,Катеринопіль
смт,Єрки
с.,Залізнячка
с.,Бродецьке
с.,Вербовець
с.,Гончариха
с-ще,Новоукраїнка
с.,Ромейково
с.,Гуляйполе
с.,Єлизаветка
с-ще,Червоний Брід
с.,Кайтанівка
с.,Киселівка
с.,Лисича Балка
с.,Мокра Калигірка
с.,Любисток
с.,Новоселиця
с.,Вікнине
с.,Грушківка
с.,Пальчик
с.,Луківка
с.,Петраківка
с.,Потоки
с.,Кобилянка
с.,Радчиха
с.,Розсохуватка
с.,Стійкове
с.,Ступичне
с.,Суха Калигірка
с.,Шостакове
с.,Ямпіль
с.,Ярошівка
с.,Надвисся
м.,"Корсунь-
Шевченківський"
с.,Гарбузин
с.,Саморідня
смт,Стеблів
с.,Бровахи
с.,Буда-Бровахівська
с.,Виграїв
с.,Деренковець
с.,Драбівка
с-ще,Червоне
с.,Завадівка
с.,Заріччя
с.,Миколаївка
с.,Склименці
с-ще,Хлерівка
с.,Квітки
с.,Кірове
с.,Паськів
с.,Кичинці
с.,Мірошниківка
с.,Комарівка
с.,Хильки
с.,Кошмак
с.,Глушки
с.,Миропілля
с.,Моринці
с-ще,Берлютине
с.,Ситники
с.,Нетеребка
с.,Набутів
с-ще,Сахнівське
с.,Дацьки
с.,Переможинці
с.,Прутильці
с.,Яблунівка
с.,Петрушки
с.,Листвина
с.,Пішки
с-ще,Зелена Діброва
с.,Нехворощ
с.,Сахнівка
с.,Селище
с.,Гута-Селицька
с.,Тараща
с.,Сидорівка
с.,Гута-Стеблівська
с.,Скрипчинці
с.,Сотники
с.,Сухини
с.,Черепин
с.,Вільхівчик
с.,Карашина
с.,Шендерівка
с.,Нова Буда
смт,Лисянка
с.,Босівка
с.,Товсті Роги
с.,Боярка
с.,Будище
с.,Орли
с.,Бужанка
с.,Виноград
с.,Вотилівка
с.,Дашуківка
с.,Дібрівка
с.,Жаб'янка
с.,Журжинці
с.,Петрівська Гута
с.,Кам'яний Брід
с-ще,Мар'янівка
с.,Розкошівка
с.,Петрівка-Попівка
с.,Писарівка
с.,Погибляк
с-ще,Дубина
с.,Почапинці
с.,Верещаки
с.,Ріпки
с.,Рубаний Міст
с.,Семенівка
с.,Смільчинці
с.,Ганжалівка
с.,Тихонівка
с.,Федюківка
с.,Хижинці
с.,Чеснівка
с.,Чаплинка
с.,Шушківка
с.,Шестеринці
с.,Шубині Стави
с-ще,Михайлівка
с.,Яблунівка
с.,Кучківка
смт,Маньківка
с-ще,Жолудькове
смт,Буки
с.,Багва
с.,Улянівка
с.,Березівка
с.,Вікторівка
с.,Дзензелівка
с.,Добра
с.,Іваньки
с.,Тимошівка
с.,Кислин
с.,Кищенці
с.,Крачківка
с.,Кривець
с-ще,Рудка
с.,Кути
с.,Харківка
с.,Мала Маньківка
с.,Молодецьке
с.,Нестерівка
с.,Паланочка
с.,Подібна
с.,Попівка
с-ще,Зелений Гай
с.,Філіція
с.,Поташ
с.,Роги
с.,Русалівка
с.,Чорна Кам'янка
с.,Юрпіль
м.,Монастирище
с-ще,Кудинів Ліс
с.,Нове Місто
смт,Цибулів
с.,Антоніна
с.,Аврамівка
с.,Летичівка
с.,Бачкурине
с.,Владиславчик
с.,Дібрівка
с.,Долинка
с.,Івахни
с.,Жовтневе
с.,Зюбриха
с.,Зарубинці
с.,Княжа Криниця
с.,Новосілка
с.,Княжики
с.,Копіювата
с.,Коритня
с.,Леськове
с.,Матвіїха
с.,Лукашівка
с.,Тарасівка
с.,Петрівка
с.,Половинчик
с.,Попудня
с-ще,Забіляни
с.,Сарни
с-ще,Володимирівка
с.,Сатанівка
с-ще,Покровка
с.,Степівка
с.,Тарнава
с.,Теолин
с.,Терлиця
с.,Халаїдове
с.,Чапаєвка
с.,Шабастівка
с-ще,Вільна
с.,Шарнопіль
с.,Балаклея
с.,Теклине
с.,Березняки
с.,Велика Яблунівка
с.,Голов'ятине
с.,Гуляйгородок
с.,Малий Бузуків
с.,Залевки
с.,Ковалиха
с.,Костянтинівка
с.,Будки
с.,Плоске
с.,Куцівка
с.,Макіївка
с.,Буда-Макіївка
с.,Мала Смілянка
с.,Миколаївка
с-ще,Холоднянське
с.,Мале Старосілля
с.,Мельниківка
с.,Носачів
с.,Ленінське
с.,Пастирське
с-ще,Богунове
с.,Плескачівка
с.,Шевченка
с.,Попівка
с-ще,Червоне
с.,Ротмістрівка
с-ще,Вовківка
с.,Самгородок
с.,Санжариха
с.,Сердюківка
с.,Сунки
с.,Ташлик
с-ще,Степок
с.,Тернівка
м.,Тальне
с.,Білашки
с-ще,Левада
с.,Веселий Кут
с.,Вишнопіль
с.,Глибочок
с.,Гордашівка
с.,Заліське
с-ще,Здобуток Жовтня
с-ще,Тарасівка
с.,Зеленьків
с.,Кобринове
с.,Гуляйка
с.,Кобринова Гребля
с.,Антонівка
с.,Колодисте
с.,Корсунка
с.,Довгеньке
с.,Криві Коліна
с-ще,Добрянка
с-ще,Нова Павлівка
с.,Чеснопіль
с.,Лащова
с.,Легедзине
с.,Лісове
с.,Лоташеве
с.,Піщана
с.,Майданецьке
с-ще,Новомайданецьке
с.,Мошурів
с.,Онопріївка
с.,Кобиляки
с.,Павлівка Друга
с.,Павлівка Перша
с.,Папужинці
с.,Поташ
с.,Романівка
с-ще,Шалаське
с.,Соколівочка
с-ще,Степне
с.,Червоне
с.,Тальянки
с.,Шаулиха
смт,Бабанка
с.,Антонівка
с.,Аполянка
с.,Берестівець
с.,Гереженівка
с.,Городецьке
с.,Городниця
с.,Гродзеве
с.,Громи
с.,Дмитрушки
с.,Доброводи
с.,Дубова
с-ще,Затишок
с-ще,Політвідділовець
с.,Іванівка
с.,Яроватка
с.,Колодисте
с.,Коржовий Кут
с.,Коржова
с.,Косенівка
с.,Коржова Слобода
с.,Кочержинці
с.,Кочубіївка
с.,Краснопілка
с.,Ладижинка
с.,Максимівка
с.,Оксанина
с.,Вільшана-Слобідка
с.,Вільшанка
с.,Острівець
с.,Паланка
с.,Піківець
с.,Полянецьке
с.,Пугачівка
с.,Посухівка
с.,Родниківка
с.,Рогова
с.,Ропотуха
с.,Рижавка
с.,Свинарка
с.,Собківка
с.,Старі Бабани
с.,Степківка
с.,Сушківка
с.,Заячківка
с.,Танське
с.,Текуча
с.,Томашівка
с.,Фурманка
с.,Черповоди
с.,Шарин
с.,Юрківка
с.,Ятранівка
м.,Христинівка
смт,Верхнячка
с.,Ботвинівка
с.,Гребля
с.,Велика Севастянівка
с.,Вербувата
с.,Багачівка
с.,Мала Іванівка
с.,Заячківка
с.,Зоряне
с.,Івангород
с.,Кузьмина Гребля
с-ще,Хасанівка
с.,Ліщинівка
с.,Мала Севастянівка
с.,Вільшанка
с-ще,Іванівка
с.,Козаче
с.,Орадівка
с.,Осітна
с.,Пеніжкове
с.,Розсішки
с.,Веселівка
с.,Синиця
с.,Сичівка
с-ще,Сичі
с-ще,Яри
с.,Талалаївка
с.,Углуватка
с.,Чайківка
с.,Христинівка
с.,Шельпахівка
с.,Шукайвода
с.,Вікторівка
с.,Ягубець
смт,Ірдинь
с.,Байбузи
с-ще,Закревки
с.,Білозір'я
с-ще,Баси
с.,Будище
с.,Лозівок
с.,Єлизаветівка
с.,Новоселівка
с.,Вергуни
с.,Нечаївка
с.,Геронимівка
с.,Дубіївка
с.,Думанці
с.,Чубівка
с.,Кумейки
с.,Гута Межиріцька
с.,Леськи
с.,Мошни
с.,Руська Поляна
с.,Сагунівка
с.,Свидівок
с-ще,Сокирна
с.,Софіївка
с.,Гута Станіславчицька
с.,Станіславчик
с.,Шелепухи
с.,Степанки
с.,Бузуків
с.,Тубільці
с.,Березняки
с.,Хрещатик
с.,Первомайське
с.,Хацьки
с.,Худяки
с.,Хутори
с.,Червона Слобода
с.,Чорнявка
с.,Яснозір'я
смт,Чорнобай
с.,Савківка
с.,Богодухівка
с.,Головатівка
с.,Васютинці
с.,Велика Бурімка
с.,Михайлівка
с.,Великі Канівці
с.,Малі Канівці
с.,Вереміївка
с.,Веселий Хутір
с.,Жовнине
с.,Іркліїв
с.,Загородище
с.,Скородистик
с.,Червоногірка
с.,Кліщинці
с-ще,Комінтерн
с.,Красенівка
с-ще,Іванівка
с.,Хрестителеве
с.,Мар'янівка
с.,Крутьки
с-ще,Жовтневий Промінь
с.,Чехівка
с.,Ленінське
с.,Лихоліти
с.,Лукашівка
с.,Веселий Поділ
с-ще,Вишнівка
с.,Григорівка
с.,Новоселиця
с.,Лящівка
с.,Мала Бурімка
с.,Мельники
с.,Воронинці
с.,Червонохижинці
с.,Москаленки
с.,Мохнач
с.,Старий Мохнач
с.,Нове Життя
с.,Тарасівка
с.,Новоукраїнка
с.,Першотравневе
с.,Придніпровське
с.,Коврай
с.,Ревбинці
с.,Старий Коврай
с-ще,Жовтневе
с.,Тимченки
с.,Баталий
с.,Франківка
с.,Бакаєве
м.,Чигирин
с-ще,Чернече
с.,Боровиця
с.,Вершаці
с-ще,Кудашеве
с.,Тарасо-Григорівка
с.,Галаганівка
с.,Головківка
с-ще,Скелівка
с.,Зам'ятниця
с.,Деменці
с.,Іванівка
с-ще,Бурякове
с.,Вдовичине
с-ще,Гненне
с.,Красносілля
с.,Погорільці
с.,Розсошинці
с.,Матвіївка
с-ще,Скаржинка
с.,Медведівка
с.,Івківці
с.,Мельники
с-ще,Буда
с.,Новоселиця
с.,Полуднівка
с.,Рублівка
с.,Чмирівка
с.,Рацеве
с.,Вітове
с.,Стецівка
с.,Суботів
с.,Тіньки
с.,Топилівка
с.,Трушівці
с.,Худоліївка
м.,Шпола
с.,Антонівка
с.,Глиняна Балка
с.,Коротине
с.,Бурти
с.,Васильків
с.,Веселий Кут
с.,Витязеве
с.,Козачани
с.,Водяне
с.,Журавка
с.,Іскрене
с.,Георгіївка
с.,Кавунівка
с.,Капустине
с.,Кримки
с.,Лебедин
с.,Лип'янка
с.,Межигірка
с.,Лозуватка
с.,Кам'януватка
с.,Мар'янівка
с.,Маслове
с.,Матусів
с.,Надточаївка
с.,Нечаєве
с.,Сердегівка
с.,Сигнаївка
с.,Скотареве
с.,Соболівка
с.,Станіславчик
с.,Терешки
с-ще,Ховківка
с.,Товмач
с.,Топильна
с.,Ярославка
с.,Нова Ярославка
с-ще,Пальміра
с.,Білозір'я
с.,Чобітки
с-ще,Зозулинці
с-ще,Скомороха
с.,Балаклія
с.,Берестовець
с.,Кочубеївка
с.,Сталінівка
с.,Слобода
с.,Теплий Яр
с.,Хирівка
с.,Голяківка
с.,Босівка
с-ще,Цибиківка
с.,Піковець
с.,Богданівка
с-ще,Квітневе
с-ще,Степове
с-ще,Лісове
с-ще,Хрестівка
с.,Корнилівка
с.,Поминик
с.,Бубельня
с.,Хейлове
с.,Панський Міст
с.,Чубівка
с.,Привітне
с.,Благодатне
с-ще,Мирне
с-ще,Журавлине
с-ще,Привітне
с.,Степове
с-ще,Здобуток
с.,Малий Затишок
с.,Ленське
м.,Багачеве
