с.,Євлашівка
с.,Євминка
с.,Єгорівка
с.,Єгорівка
с.,Єліне
с.,Єнькова Рудня
с.,Єньків
с.,Єрків
с.,Єршов
с.,Івангород
с.,Іванине
с.,Іваниця
с.,Іванкове
с.,Іванківці
с-ще,Іванпуть
с.,Іванькове
с.,Іваньків
с.,Іванівка
с.,Іванівка
с.,Іванівка
с.,Іванівка
с.,Івашківка
с.,Івківці
с.,Іллінці
с.,Ількуча
с.,Ільмівка
с.,Іржавець
с.,Іржавець
с.,Іржавець
с.,Іценків
м.,Ічня
с.,Августівка
с.,Авдіївка
с.,Авдіївка
с.,Автуничі
с.,Адамівка
с.,Адамівка
с.,Альошинське
с.,Андроники
с.,Андріївка
с.,Андріївка
с.,Андріївка
с.,Андріївка
с.,Андріївка
с.,Анисів
с.,Антоновичі
с.,Антонівка
с.,Антішки
с.,Араповичі
с.,Артеменків
с.,Артемівка
с.,Архипівка
с.,Аршуки
с.,Аткильня
с.,Атюша
с.,Бабарики
с.,Бабарики
с.,Бажанівка
с.,Бакаївка
с.,Бакланова Муравійка
с.,Бакланове
с.,Баляси
с.,Барабанівське
с.,Баранівка
с.,Барбурське
с.,Барвінкове
м.,Батурин
с.,Батуринське
с.,Бахани
м.,Бахмач
с.,Бахмач
с.,Безбородьків
с.,Безводівка
с.,Безиків
с.,Безпечне
с.,Безуглівка
с.,Безуглівка
с.,Бекарщина
с.,Бендерівка
с.,Бережівка
с.,Березанка
с.,Березанка
смт,Березна
с.,Березова Гать
с.,Березова Роща
с.,Березовий Гай
с.,Березовиця
с.,Березівка
с.,Березівка
с.,Березівка
с.,Беремицьке
с.,Берестовець
с.,Берилівка
с.,Берлози
с.,Берізка
с.,Бешківка
с.,Билка
с.,Бирине
с.,Бихальцохівка
с.,Бихольцохівка
с.,Блешня
с.,Ближнє
с.,Блистова
с.,Блистова
с.,Блудше
с.,Бобрик
с.,Бобрик
с.,Бобрик Другий
м.,Бобровиця
с.,Бобруйки
с.,Богдалівка
с.,Богдани
с.,Богданове
с.,Богданівка
с.,Богданівка
с.,Болотниця
с.,Бондарі
с.,Бондарівка
с.,Борзенців
м.,Борзна
с.,Борисове
с.,Борки
с-ще,Борова
с-ще,Борова
с.,Боровики
с.,Борок
с.,Боромики
с.,Боротьба
с.,Борсуків
с.,Боршна
с.,Боханів
с.,Боярщина
с.,Боярівка
с.,Брагинці
с.,Браниця
с-ще,Бранок
с.,Бранок-Гай
с.,Бреч
с.,Бреч
с.,Бригинці
с.,Бригинці
с.,Брониви
с.,Брусилів
с.,Бубнівщина
с.,Буглаки
с.,Бугринівка
с.,Буда
с.,Буда-Товстолісова
с.,Буди
с.,Буди
с.,Будище
с.,Будище
с.,Будище
с.,Будище
с.,Будище
с.,Будище
с.,Будище
с.,Будище
с.,Будо-Вороб'ївська
с.,Будьонне
с.,Будьоннівський
с.,Будьонівка
с.,Бужанка
с.,Булавівщина
с.,Булахів
с.,Бурківка
с.,Бурківка
с.,Бурівка
с.,Бурімка
с.,Бутівка
с.,Бутівка
с.,Бучки
с.,Буянки
с.,Бігач
с.,Бідин
с.,Білейки
с.,Білещина
с.,Білики
с.,Біловежі Другі
с.,Біловежі Перші
с.,Білорічиця
с.,Білоцерківці
с.,Білошапки
с.,Білошицька Слобода
с.,Більмачівка
с-ще,Більшовик
с.,Бір
с.,Бірки
с.,Бірки
с.,Бірки
с.,Бірківка
с.,Ваганичі
с.,Вадин
с.,Вадин
с.,Валентіїв
с.,Валки
смт,Варва
с.,Варварівка
с.,Василева Гута
с.,Васьківці
с.,Васюків
с.,Ведильці
с.,Ведмедівка
с.,Велика Вісь
с.,Велика Дорога
с.,Велика Доч
с.,Велика Дівиця
с.,Велика Загорівка
с.,Велика Кошелівка
с.,Велике Устя
с.,Великий Гай
с.,Великий Дирчин
с.,Великий Зліїв
с.,Великий Листвен
с.,Великий Ліс
с.,Великий Подол
с.,Великий Щимель
с.,Великі Осняки
с.,Величківка
с.,Веприк
с.,Веприк
с.,Верба
с.,Вербин
с.,Вербичі
с.,Вербове
с.,Вербівка
с.,Вербівка
с.,Верескуни
с.,Вересоч
с.,Вертеча
с.,Вертіївка
с.,Верхолісся
с-ще,Вершини
с.,Вершини
с.,Вершинова Муравійка
с-ще,Веселе
с.,Веселе
с.,Веселе
с.,Веселе
с.,Веселе
с.,Веселе
с.,Веселівка
с.,Виблі
с.,Вили
с.,Вильчики
с.,Виповзів
с.,Вир
с.,Високе
с.,Високе
с.,Високе
с.,Високинь
с.,Вихальцохівка
с.,Вихвостів
с.,Вишеньки
с.,Вишневе
с.,Вишневе
с.,Вишневе
с.,Вишневе
с.,Вишневе
с.,Вишнівка
с.,Вишнівське
с.,Власівка
с.,Внутрішній Бір
с.,Вовча Гора
с.,Вовчок
с.,Воздвижинське
с.,Вознесенське
с.,Вознесенське
с.,Вокзал-Городня
с.,Волевачі
с.,Волинка
с.,Воловики
с.,Воловиця
с.,Володимирівка
с.,Володимирівка
с.,Володимирівка
с.,Володькова Дівиця
с.,Волосківці
с.,Вольниця
с.,Вороб'їв
с.,Вороб'ївка
с.,Воровського
с.,Ворона
с.,Вороньки
с.,Воронівка
с.,Ворохівка
с.,Ворошилова
с.,Воскресенське
с.,Восточне
с.,Восьме Березня
с.,Відрадне
с.,Вікторівка
с.,Вікторівка
с.,Вільне
с.,Вільне
с.,Вільне
с.,Вільне Життя
с.,Вільхівка
с.,Вільшана
с.,Вільшане
с.,Вільшанка
с.,Гаврилівка
с-ще,Газопровідне
с.,Гай
с.,Гай
с.,Гайворон
с.,Гайове
с.,Галаганівка
с.,Галайбине
с.,Галиця
с.,Галичівка
с.,Галка
с.,Галків
с.,Гальчин
с.,Ганнівка
с.,Ганнівка
с.,Ганнівка
с.,Гапішківка
с.,Гарбузин
с.,Гармащина
с.,Гарт
с.,Гасичівка
с.,Гаті
с.,Гвоздиківка
с.,Гейці
с.,Гладке
с.,Гламазди
с.,Глибоке
с.,Глибоке
с.,Глибокий Ріг
с.,Глиненка
с.,Глинське
с.,Глинщина
с.,Гломазди
с.,Глузди
с.,Глядин
с.,Гмирянка
с.,Гнатівка
с.,Гнатівка
с.,Гнилиця
с.,Гнилиця
с.,Гнилуша
с.,Гнилуша
с.,Гнідинці
с.,Гніздище
с.,Головеньки
с.,Голубичі
с-ще,Голубів
с.,Голубівка
с.,Голубівка
с-ще,Голубівщина
с.,Голінка
с.,Гонка
смт,Гончарівське
с.,Горбачі
с.,Горбачі
с.,Горбове
с.,Горбове
с.,Гориця
с.,Горностаївка
с.,Горобіївка
с.,Городище
с.,Городище
с.,Городище
с.,Городище
м.,Городня
с.,Городня
с.,Городок
с.,Горохове
с.,Горошківка
с.,Горького
с.,Грабщина
с.,Грабів
с.,Грабів
с.,Грабівка
с.,Грабівка
с.,Гребля
с.,Грем'яч
с.,Грем'ячка
с.,Грибова Рудня
с.,Григоро-Іванівка
с.,Григорівка
с.,Григорівка
с.,Григорівка
с.,Григорівка
с.,Григорівка
с.,Григорівщина
с.,Грицівка
с.,Гриціївка
с.,Гришівка
с-ще,Груди
с.,Грушівка
с.,Грязна
с.,Губарі
с.,Губичі
с.,Гужівка
с.,Гуньківка
с.,Гурбинці
с.,Гуринівка
с.,Гусавка
с.,Густиня
с.,Гута
с.,Гута
с.,Гута-Студенецька
с.,Гута-Ткачова
с.,Гутище
с.,Гутище
с.,Гучин
с.,Гущин
с.,Гірки
с-ще,Гірки
с.,Гірманка
с.,Гірськ
с.,Данилівка
с.,Данина
с.,Данине
с.,Даничі
с.,Даньківка
с.,Данівка
с.,Дачне
с.,Дачне
с.,Дащенки
с.,Дебреве
с.,Дейманівка
с.,День-Добрий
с.,Деревини
с.,Дерепівка
с.,Держанівка
смт,Десна
с.,Деснянка
с.,Деснянське
с-ще,Десятиріччя Жовтня
с.,Дешки
с.,Дзержинського
с.,Дзюбівка
с.,Димерка
с.,Димирівка
с.,Дирчин
с.,Дирчин
с.,Диханівка
смт,Дмитрівка
с.,Дмитрівка
с.,Дмитрівка
с.,Дніпровське
с.,Добропілля
смт,Добрянка
с.,Довбні
с-ще,Довга Гребля
с.,Довга Нога
с.,Довгалівка
с.,Довге
с.,Довге
с.,Довгуни
с.,Довжик
с.,Довжик
с.,Довжик
с.,Долинське
с.,Домашлин
с-ще,Домниця
с.,Дорогинка
с.,Дослідне
с.,Драчівщина
с.,Дробишів
с.,Дроздовиця
с.,Дроздівка
смт,Дружба
с.,Друцьке
с.,Дрібці
с.,Дрімайлівка
с.,Дубовий Гай
с.,Дуболугівка
с.,Духанки
с.,Духівщина
с.,Дягова
с.,Діброва
с.,Діброва
с.,Діброва
с.,Дібрівка
с.,Дібрівне
смт,Дігтярі
с.,Дігтярівка
с.,Дідівці
с.,Жабчицька Слобода
с.,Жабчичі
с.,Жавинка
с.,Жаданівка
с.,Жадове
с.,Жданів
с.,Жеведь
с.,Жеребецьке
с.,Жернівка
с.,Жидиничі
с.,Жилин Млинок
с.,Жовтень
с.,Жовтневе
с.,Жовтневе
с.,Жовтневе
с.,Жовтневе
с.,Жовтневе
с.,Жовідь
с.,Жолобок
с.,Жукля
с.,Жукотки
с.,Жуківка
с.,Жуківщина
с.,Журавка
с.,Журавлева Буда
с.,Журавок
с.,Забарівка
с.,Заболоття
с.,Забілівщина
с-ще,Забілівщина Друга
с.,Завод
с.,Заводське
с.,Загатка
с.,Загорівка
с.,Загребелля
с.,Загребельна Слобода
с.,Загін
с.,Задеріївка
с.,Займище
с.,Займище
с-ще,Зайцеве
с.,Зайці
с.,Закревське
с.,Заляддя
с.,Залізний Міст
с.,Залісся
с.,Залісся
смт,Замглай
с.,Замостя
с.,Замістя
с.,Заньки
с.,Запереводське
с.,Запоріжжя
с-ще,Запоріжжя
с.,Запоріжжя
с.,Запорізьке
с.,Зарудка
с.,Зарукавне
с.,Заріччя
с.,Заріччя
с.,Заріччя
с.,Заріччя
с.,Затишшя
с.,Заудайка
с.,Заудайка
с.,Заудаївське
с.,Заїзд
с.,Звеничів
с.,Здрягівка
с.,Зелена Поляна
с-ще,Зелена Роща
с.,Зелена Роща
с.,Зелена Роща
с.,Зелене
с-ще,Зелене
с.,Зелений Гай
с-ще,Зелений Гай
с.,Зелений Гай
с.,Зеленівка
с.,Змітнів
с.,Знам'янка
с.,Золотинка
с.,Золотницьке
с.,Зоря
с.,Зоря
с.,Зоцівка
с.,Зруб
с.,Зубахи
с.,Зінченкове
с.,Кабанів
с.,Каблуки
с.,Казенна-Слобода
с.,Калиновиця
с.,Калинівка
с.,Калинівка
с.,Калинівка
с.,Калинівка
с-ще,Калинівка
с.,Калинівське
с-ще,Калитянське
с.,Кальчинівка
с.,Калюжинці
с.,Кам'янка
с.,Кам'янка
с.,Кам'янка
с.,Кам'янська Слобода
с.,Камка
с.,Камка
с.,Камінь
с.,Канівщина
с.,Капустенці
с.,Капустинці
с.,Карабани
с.,Карабинівка
с.,Карасинівка
с.,Карасі
с.,Карацюбине
с.,Кардаші
с.,Карильське
с.,Карла Маркса
с.,Карпеки
с.,Карпенкове
с.,Карпилівка
с.,Карпилівка
с.,Карповичі
с.,Карпоки
с.,Карпівка
с.,Картовецьке
с.,Кархівка
с.,Катеринівка
с-ще,Каціри
с-ще,Качанівка
с.,Кезі
с.,Кербутівка
с.,Киколи
с.,Кинашівка
с.,Кирилівка
с.,Кирпичне
с.,Киріївка
с.,Киселівка
с.,Киселівка
с.,Киселівка
с.,Киселівка
с.,Киселівка
с.,Кислі
с.,Киїнка
с.,Кладьківка
с.,Клевин
с.,Кленове
с.,Клеці
с.,Климентинівка
с-ще,Клипин
с.,Клонів
с.,Клочків
с.,Клубівка
с.,Клюси
с.,Кнути
с.,Кобижча
с.,Кобилещина
с.,Кобилянка
с.,Ковальове
с.,Ковпинка
с.,Ковпита
с.,Ковтунівка
с.,Ковтунівка
с.,Ковтунівка
с.,Ковчин
с.,Козари
с.,Козацьке
с.,Козача Хомівка
смт,Козелець
с.,Козероги
с.,Козилівка
с.,Козилівщина
с-ще,Козин
с.,Козляничі
с.,Количівка
с-ще,Коломійцеве
с.,Коломійцівка
с.,Колос
с.,Колядин
с.,Колісники
с.,Колісники
с.,Комань
с.,Комарівка
с.,Комарівка
с.,Комарівка
с.,Комарівка
с.,Комарівка
с.,Комарівка
с-ще,Комсомольське
с.,Комуна
с.,Комуністичне
с.,Конотоп
с.,Коношівка
с.,Конятин
с.,Копачів
с.,Корабін
с.,Корніїв
с.,Коробки
с.,Коробчине
с.,Корольча
смт,Короп
с.,Короп'є
с.,Коростень
с.,Корчев'я
с.,Коршаки
м.,Корюківка
с.,Корінецьке
с.,Косачівка
с.,Костирів
с.,Костобобер
с.,Костобобрів
с.,Костючки
с.,Костянтинівка
с.,Котів
с.,Кошани
с.,Кошарище
с.,Кошмалів
с.,Кошівка
с.,Кравчиха
с.,Красилівка
с.,Красилівка
с.,Красківське
с.,Красляни
с-ще,Красна Гірка
с.,Красне
с.,Красне
с.,Красне
с.,Красне
с.,Красний Колядин
с.,Красний Хутір
с.,Краснопілля
с.,Краснопілля
с.,Краснопілля
с.,Красностав
с.,Красносільське
с.,Красні Лози
с.,Кратинь
с.,Кремський Бугор
с.,Крені
с.,Крестопівщина
с.,Крехаїв
с.,Кривецьке
с.,Кривицьке
с.,Кривуша
с.,Криниця
с.,Кринички
с.,Криски
с.,Криульки
с.,Кролевець-Слобідка
с.,Кропивне
с.,Кропивне
с.,Кроти
с.,Кругле
с.,Круглолугівка
с.,Крупичполе
с.,Крути
с.,Крути
с.,Крутоярівка
с.,Кувечичі
с.,Кугуки
с.,Кудлаївка
с.,Кудрівка
с.,Кузничі
с.,Кузьминське
с.,Кукарі
с-ще,Куковицьке
с.,Куковичі
с.,Кукшин
с.,Куликівка
с-ще,Куликівка
смт,Куликівка
с.,Кулишівка
с.,Кулішове
с.,Кунашівка
с.,Купина
с.,Купченків
с.,Купчичі
с.,Курганське
с.,Курилівка
с.,Курилівка
с.,Куропіївка
с.,Курінь
с.,Кусії
с.,Кусіївка
с.,Кути
с.,Кути Другі
с.,Кути Перші
с.,Кухарка
с.,Кучинівка
с.,Кучугури
с.,Кучугури
с.,Кучугури
с.,Кучі
с.,Кіпті
с.,Кірове
с.,Кіровка
с.,Кіровське
с.,Лави
с.,Лавіркове
смт,Ладан
с.,Ладинка
с.,Ладовщина
с.,Ладівщина
с.,Лазарівка
с.,Ларинівка
с.,Лашуки
с.,Лебедин
с.,Лебединці
с.,Лебедівка
с.,Лебіддя
с-ще,Левичівка
с.,Левки
с.,Левковичі
с.,Левоньки
с.,Левівщина
с.,Леляки
с.,Лемеші
с.,Лемешівка
с.,Леньків
с.,Леньків Круг
с.,Ленінівка
с.,Леонівка
с.,Леонідівка
с.,Лизунова Рудня
с.,Лизунівка
с.,Линея
смт,Линовиця
с.,Линівка
с.,Липове
с.,Липів Ріг
с.,Липівка
с-ще,Лиса Гора
с.,Лиски
с.,Лисовець
с.,Лисогори
с.,Лихачів
с.,Лихолітки
с.,Ловинь
с-ще,Логачове
с.,Логи
с.,Лозова
с-ще,Лозове
с.,Лозове
с.,Лозове
с.,Локнисте
с.,Ломанка
с-ще,Ломоносове
с-ще,Лопатин
с.,Лопатні
с.,Лосевочка
смт,Лосинівка
с.,Лоска
с.,Лосєва Слобода
с.,Лосівка
с.,Лошаки
с.,Лошакова Гута
с.,Лубенець
с.,Лубенець
с.,Лубня
смт,Луб’яне
с-ще,Лугове
с.,Лугове
с-ще,Лука
с.,Лукашівка
с.,Лукашівка
с.,Луки
с.,Лукнове
с.,Лукнів
с.,Луковець
с.,Лупасове
с.,Лустівка
с.,Лутава
с.,Лутайка
с.,Лутайки
с.,Лучківка
с.,Льгів
с.,Льгівка
смт,Любеч
с.,Любечанинів
с.,Любомудрівка
с.,Лютівка
с.,Лютіж
с.,Ляшківці
с.,Лідин
с.,Ліски
с.,Ліски
с.,Лісконоги
с.,Лісківка
с.,Лісківщина
с.,Лісне
с.,Лісова Поляна
с.,Лісове
с.,Лісове
с.,Лісове
с.,Лісові Сорочинці
с.,Лісові Хутори
с.,Мажугівка
с.,Мазки
с.,Майбутнє
с.,Майнівка
с.,Майське
с.,Макаренкове
с.,Макарівка
с.,Макишин
смт,Макошине
с.,Максаки
с.,Максаківський
с.,Максим
с.,Максимихине
с.,Максимівка
с.,Макушиха
с.,Макіївка
с.,Макіївка
с-ще,Мала Бондарівка
с.,Мала Доч
смт,Мала Дівиця
с.,Мала Загорівка
с.,Мала Кошелівка
с.,Мале Устя
с.,Малий Дирчин
с.,Малий Зліїв
с.,Малий Листвен
с.,Малинівка
с.,Малинівка
с.,Маличина Гребля
с.,Малківка
с.,Мальча
с.,Малійки
с.,Мамекине
с.,Манжосівка
с.,Маньки
с.,Марківці
с.,Мармизівка
с.,Марочкине
с.,Марс
с.,Мартинівка
с.,Масалаївка
с.,Матвіївка
с.,Матіївка
с.,Махнівка
с.,Маховики
с.,Маціївка
с.,Машеве
с.,Медведівка
с.,Мезин
с.,Мекшунівка
м.,Мена
с.,Мигурів
с.,Миколаїв
с.,Миколаївка
с.,Миколаївка
с.,Миколаївка
с.,Миколаївка
с.,Миколаївське
с.,Милейки
с.,Мильники
с.,Мильники
с.,Минаївщина
с-ще,Мирне
с.,Мирне
с-ще,Мирне
с.,Мирне
с.,Миси
с.,Митченки
смт,"Михайло-
Коцюбинське"
с.,Михайлове
с.,Михайлівка
с.,Михайлівка
с.,Михальчина-Слобода
с.,Мишине
с.,Млинок
с.,Мньов
с.,Мовчанів
с.,Мовчинів
с.,Мокляки
с.,Мокрі Велички
с.,Молодіжне
с.,Моложава
с.,Молочки
с.,Монастирище
с.,Монастирське
с.,Моргуличі
с.,Морівськ
с.,Москалі
с.,Мости
с.,Мости
с.,Мостище
с.,Мохнатин
с.,Мохначі
с.,Мохнівка
с.,Мохове
с.,Мочалище
с.,Мощенка
с.,Мощне
с.,Мрин
с.,Мудре
с.,Мурав'ї
с.,Муравейник
с.,Мурівка
с.,Муставець
с.,Мутичів
с.,Мхи
с.,Мікояна
с.,Мільки
с.,Містки
с.,Набережне
с.,Набільське
с.,Навози
с.,Надинівка
с.,Накот
с.,Наумівка
с.,Наумівка
с.,Наумівське
с.,Невкля
с.,Неданчичі
с.,Незаможне
с.,Некрите
с.,Нетягівщина
с.,Нетяжине
с.,Нетяжино
с.,Нехаївка
с.,Нечаїв
с.,Нечволодовщина
с.,Низи
с.,Низківка
с.,Никонівка
с.,Нова
с.,Нова Басань
с.,Нова Буда
с.,Нова Гребля
с.,Нова Гребля
с.,Нова Гуринівка
с.,Нова Ольшана
с.,Нова Папірня
с.,Нова Рудня
с.,Нова Тарнавщина
с.,Нова Тернавщина
м.,Новгород-Сіверський
с-ще,Нове
с-ще,Нове
с.,Нове Полісся
с.,Новеньке
с.,Новий Биків
с.,Новий Білоус
с.,Новий Лад
с.,Новий Поділ
с.,Новий Шлях
с.,Новики
с.,Новопавлівське
с.,Новопетрівське
с.,Новоселиця
с.,Новоселиця
с.,Новоселівка
с.,Новоселівка
с.,Новоселівка
с.,Новоселівка
с.,Новоселівка Друга
с.,Новоспаське
с.,Новосілки
с.,Новоукраїнське
с.,Нові Боровичі
с.,Нові Броди
с.,Нові Млини
с.,Нові Млини
с.,Нові Яриловичі
с.,Нориця
с.,Носелівка
м.,Носівка
м.,Ніжин
с.,Ніжинське
с.,Нічогівка
с.,Об'єднане
с.,Обичів
с.,Обмачів
с.,Оболоння
с.,Обухове
с.,Обірки
с.,Овчаренків
с.,Овчарівка
с.,Одинці
с.,Однольків
с.,Озереди
с.,Озерне
с.,Озеряни
с.,Озеряни
с.,Олбин
с.,Олександрівка
с.,Олександрівка
с.,Олександрівка
с.,Олександрівка
с.,Олександрівка
с.,Олександрівка Друга
с.,Олексинці
с.,Олексіївка
с.,Олексіївщина
с.,Оленівка
с.,Оленівка
с.,Олешня
с.,Олешня
смт,Олишівка
с.,Ольгодорф
с.,Ольшана
с.,Олійники
с.,Омбиш
с.,Омелянів
с.,Оникіївка
с.,Онищенків
с.,Опеньки
с.,Ополонське
с.,Орликівка
с.,Орлівка
с.,Орлівка
с.,Осинівка
с-ще,Основа
с.,Осове
с.,Осовець
с.,Осокорівка
с.,Остапівка
с.,Остапівка
м.,Остер
с.,Остер
с.,Острів
с.,Острів Надії
с.,Осьмаки
с.,Осьмаки
с.,Осіч
с.,Отрохи
с.,Охиньки
с.,Охрамієвичі
с.,Охіньки
с.,Павло-Іванівське
с.,Павлівка
с.,Павлівка
с.,Пакуль
с.,Паливода
с.,Пальчики
с.,Пам'ятне
с.,Пам'ять Леніна
с.,Папірня
с.,Парастовське
смт,Парафіївка
с.,Паристівка
с.,Парня
с.,Пархимів
с.,Патюти
с.,Пашків
с.,Пашківка
с.,Пекарів
с.,Пекурівка
с.,Пелюхівка
с.,Пенязівка
с.,Перебудова
с.,Перевод
с.,Переволочна
с.,Переділ
с.,Переділ
с.,Перелюб
с-ще,Перемога
с.,Перемога
с.,Перепис
с.,Перерост
с-ще,Пересаж
с.,Переходівка
с.,Переяслівка
с.,Перше Травня
с.,Перше Травня
с.,Перше Травня
с.,Першотравневе
с.,Песоцьке
с.,Петрики
с.,Петрова Слобода
с.,Петрове
с.,Петровського
с.,Петрушин
с.,Петруші
с.,Петрушівка
с.,Петрівка
с.,Петрівка
с.,Петрівка
с.,Петрівка
с.,Петрівське
с.,Петрівське
с.,Петрівське
с.,Петьків
с.,Печенюги
с.,Печі
с.,Пилипча
с.,Пильня
с.,Пилятин
с.,Пирогівка
с.,Пирогівці
с.,Пищики
с.,Платонівка
с.,Плехтіївка
с.,Плиски
с.,Плоске
с.,Плуг
с.,Плугатар
с.,Пльохів
с.,Пльохів
с.,Побочіївка
с.,Повідов
с.,Погорільці
с.,Погребець
с.,Погреби
с.,Подин
с.,Подище
с.,Подоляки
с.,Поділ
с.,Поетин
с.,Покошичі
с.,Покровка
с.,Покровське
с.,Покровське
с.,Покрівка
с.,Полова
с.,Пологи
с.,Полонки
с.,Полуботки
с.,Польове
с.,Полюшкине
с.,Поляна
с.,Поляна
с.,Полянське
с.,Полісся
с.,Полісся
с.,Поліське
с.,Поліське
с.,Політрудня
с.,Понори
смт,Понорниця
с.,Попове
с.,Поповичка
с.,Попівка
с.,Попільня
с.,Почечин
с.,Почечине
с.,Прачі
с.,Прибинь
с.,Привільне
с.,Привітне
с.,Придеснянське
м.,Прилуки
с.,Приозерне
с.,Припутні
с.,Пристань
с.,Присторонь
с.,Прогони
с-ще,Прогрес
с-ще,Прогрес
с.,Прогрес
с.,Прокопівка
с.,Пролетарська Рудня
с.,Пролетарське
с.,Пролетарське
с.,Пролетарське
с.,Пролетарське
с.,Пролетарське
с.,Проліски
с-ще,Прохори
с.,Прохори
с.,Прохорів
с.,Пручаї
с.,Пуста Гребля
с.,Пустинки
с.,Пустотине
с.,Путивськ
с.,Пушкарі
с.,Пушкарі
с.,Пушкарі
с.,Пушкіне
с.,Півнівщина
с-ще,Північне
с.,Підгайне
с.,Підгірне
с.,Підгірне
с.,Піддубівка
с.,Підлісне
с.,Пізнопали
с.,Пізнє
с.,Піски
с.,Піски
с.,Піски
с.,Піски
с.,Пісоцьке
с.,Піщанка
с.,Піщанка
с.,Радвине
с.,Радгоспне
с.,Радичів
с.,Радомка
смт,Радуль
с.,Радьківка
с.,Радянська Слобода
с.,Радянське
с.,Райгородок
с.,Ракужа
с.,Ракути
с.,Ранок
с.,Рашкова Слобода
с-ще,Ревунів Круг
с.,Редьківка
с.,Редьківка
с.,Рейментарівка
с.,Рибинськ
с.,Риботин
с.,Рибці
с.,Рижики
с.,Рижки
с.,Риків
с.,Рихли
с.,Рогощі
с.,Рогівка
с.,Рогізки
с.,Рождественське
с.,Рожнівка
с.,Розвинівка
с.,Роздольне
с.,Розльоти
с.,Розсудів
с.,Розівка
с.,Рокитне
с.,Романьки
с.,Романівська Буда
с.,Роща
с.,Роїще
с.,Рубанка
с.,Рубанників
с-ще,Рубанів
с.,Рубанів
с-ще,Рубіж
с.,Руда
с.,Рудка
с.,Рудня
с.,Рудня
с.,Рудня
с.,Рудня
с.,Рудня
с.,Рудня
с.,Рудьківка
с.,Рудівка
с.,Рябухи
с.,Рябці
с.,Ряшки
с.,Рівнопілля
с.,Рівчак-Степанівка
смт,Ріпки
с-ще,Саверське
с.,Савин
с.,Савинка
с.,Савинка
с.,Савинки
с.,Савинці
с.,Садове
с.,Садове
с.,Салтикова Дівиця
с.,Сальне
с.,Сальне
с.,Самотуги
с.,Самсони
с.,Самсонівка
с.,Самійлівка
с.,Сапожків Хутір
с.,Сапонівка
с.,Сахнівка
с.,Сахутівка
с.,Сваричівка
с.,Свердловка
с.,Свидовець
с.,Свинопухи
с.,Святе
с.,Святеньке
с.,Святі Гори
с.,Свірок
с.,Світанкове
с.,Світанок
с-ще,Світанок
с.,Світличне
смт,Седнів
с.,Сезьки
с.,Селихів
с.,Селище
с.,Селище
с.,Селище
с.,Селянська Слобода
с.,Семаки
с.,Семенягівка
с.,Семенівка
м.,Семенівка
с.,Сеньківка
с.,Сенюки
с.,Сергіївка
с.,Сергіївське
с.,Серединка
с.,Сибереж
с.,Сиволож
с.,Сивухи
с.,Сиделівка
с.,Сидорівка
с.,Сильченкове
с.,Синдаревське
с.,Синютин
с.,Синявка
с.,Синявка
с.,Сираї
с.,Скибівщина
с.,Скиток
с.,Скитьки
с.,Скороходове
с.,Скорінець
с.,Скрипчин
с.,Скугарі
с.,Слабин
с.,Слава
с.,Слобода
с.,Слобода
с.,Слобідка
с.,Слобідка
с.,Слобідка
с.,Слобідка
с.,Смидоревський
с.,Смичин
с.,Смолигівка
с.,Смолин
с.,Смолове
с.,Смоляж
с.,Смолянка
с.,Смош
с.,Смяч
с.,Смяч
с.,Смяч-Луб'янка
с.,Сміле
с.,Сміле
с.,Снов'янка
с.,Сновськ
с.,Сновське
с.,Сокирин
с.,Сокиринці
с.,Соколівка
с.,Соколівка
с.,Солов'їв
с.,Солонівка
с.,Сорок
с.,Сорокошичі
смт,Сосниця
с.,Соснівка
с.,Соснівка
с-ще,Софіївка
с.,Софіївка
с.,Софіївка
с.,Сохачі
с.,Спаське
с.,Спаське
с.,Спицько-Рогізки
с.,Спичувате
с.,Співакове
смт,Срібне
с.,Ставиське
с.,Ставок
с.,Сталіна
с.,Станове
с.,Станція Лосинівська
с.,Стара Басань
с.,Стара Гутка
с.,Стара Рудня
с.,Стара Талаївка
с.,Старий Биків
с.,Старий Білоус
с.,Старик
с.,Старобутівка
с.,Старосілля
с.,Старі Боровичі
с.,Старі Яриловичі
с.,Стаси
с.,Стасівщина
с.,Стаханове
с.,Стахорщина
с.,Степ
с.,Степ
с.,Степ
с.,Степ
с.,Степанівка
с.,Степанівка
с.,Степанівське
с.,Степове
с.,Степове
с.,Степові Хутори
с.,Степові Хутори
с.,Стовпівка
с.,Стодоли
с.,Стольне
с.,Стопилка
с.,Строївка
с.,Стрільники
с.,Стрільники
с.,Студенець
с.,Студинецьке
с.,Студинецьке
с.,Студинка
с.,Ступаківка
с.,Сулак
с.,Суличівка
с.,Суничне
с.,Суслівка
с.,Сутоки
с.,Сухиня
с.,Суховодка
с.,Сухоліски
с.,Сухополова
с.,Сухополовенька
с.,Сухоставець
с.,Сухоярівка
с.,Східне
с.,Сядрине
с.,Сіножацьке
с.,Сіриків
с.,Сіряківщина
с.,Табаївка
с.,Талалаївка
смт,Талалаївка
с.,Тамарівка
с.,Тараса Шевченка
с.,Тарасів
с.,Тарасівка
с.,Тарасівка
с.,Тарасівка
с.,Тарасівка
с.,Тасуїв
с.,Татарівка
с.,Твані
с.,Тельне
с.,Терехівка
с.,Терешиха
с.,Терешківка
с.,Тертишники
с.,Тимоновичі
с.,Тиниця
с.,Титівка
с.,Тихе
с.,Тихоновичі
с.,Тихонівське
с.,Тишківка
с.,Товкачі
с.,Товкачівка
с.,Товстоліс
с.,Томашівка
с.,Тонка
с.,Тополя
с.,Тополі
с-ще,Тополівка
с.,Тополівка
с.,Топчіївка
с.,Точене
с.,Травкине
с.,Травневе
смт,Трисвятська Слобода
с-ще,Тростянець
с.,Тростянець
с.,Тростянка
с.,Тростянська Слобода
с.,Троїцьке
с.,Трудове
с.,Трудовик
с.,Тужар
с.,Тулія
с.,Туманська Гута
с.,Тупичів
с.,Тур'я
с.,Турківка
с.,Турове
с.,Турівка
с.,Тютюнниця
с.,Уборки
с.,Убіжичі
с-ще,Угли
с.,Углова Рудня
с.,Удайці
с.,Узруй
с.,Українка
с.,Українка
с.,Українське
с.,Українське
с.,Українське
с.,Улянівка
с.,Улянівське
с.,Унучки
с.,Урожайне
с.,Уріччя
с.,Ушня
с.,Ушівка
с.,Фастівці
с.,Фаївка
с.,Ферубки
с.,Феськівка
с.,Форостовичі
с.,Фроли
с.,Фролів
с.,Фурсове
с.,Філонівка
с.,Філонівка
с.,Халимонове
с.,Халявин
с.,Хандобоківка
с.,Харитонівка
с.,Харкове
с.,Хатилова Гута
с.,Хаєнки
с.,Хаїха
с.,Хвилівка
с.,Хвостики
с.,Хибалівка
с.,Химо-Рябушине
с.,Хлоп'яники
с.,Хмільниця
с.,Ховдіївка
с.,Ховми
смт,Холми
с.,Холявки
с.,Хомине
с.,Хомівка
с.,Хомівці
с.,Хоробичі
с.,Хороше Озеро
с.,Хортиця
с.,Хотинівка
с.,Хотуничі
с.,Хотівля
с.,Хотіївка
с.,Хотіївка
с.,Храпате
с.,Хрещате
с.,Хрипівка
с.,Хрінівка
с.,Хукалівка
с.,Хукалівщина
с.,Хутір Шевченка
с-ще,Центральне
с.,Церковище
с.,Церковище
с.,Чайкине
с-ще,Чапаєвка
с.,Часниківка
с.,Часнівці
с.,Чемер
с.,Ченчики
с.,Чепелів
с.,Червона Буда
с.,Червона Гута
с.,Червона Гірка
с.,Червона Зірка
с.,Червона Поляна
с.,Червона Україна
с.,Червоне
с.,Червоне
с.,Червоне
с.,Червоне Озеро
с.,Червоний Гай
с.,Червоний Довжик
с.,Червоний Колодязь
с.,Червоний Лан
с.,Червоний Ліс
с.,Червоний Маяк
с.,Червоний Остер
с.,Червоний Пахар
с.,Червоний Пахар
с.,Червоний Плугатар
с.,Червоний Ранок
с.,Червоний Шлях
с.,Червоний Шлях
с.,Червоний Шлях
с.,Червоноармійське
с.,Червоні Гори
с.,Червоні Луки
с.,Червоні Партизани
с.,Червоні Партизани
с-ще,Черемушки
с.,Черецьке
с.,Черешеньки
с.,Чернацьке
с.,Чернецьке
с.,Черниш
с.,Черняхівка
м.,Чернігів
с.,Чижівка
с.,Чистий Колодязь
с-ще,Чистопілля
с.,Чисті Лужі
с.,Чорний Ріг
с.,Чорногорці
с.,Чорнозем
с.,Чорнотичі
с.,Чорнявка
с.,Чорторийка
с.,Чудівка
с.,Чулатів
с.,Чумак
с.,Шабалинів
с.,Шаболтасівка
с.,Шалойки
с.,Шами
с.,Шапихи
с.,Шаповалівка
с.,Шапіхи
с.,Шатура
с.,Шведчина
с.,Шевченка
с.,Шевченка
с-ще,Шевченка
с.,Шевченка
с.,Шевченка
с.,Шевченка
с.,Шевченкове
с.,Шептаки
с.,Шестовиця
с.,Шибиринівка
с.,Шиловичі
с.,Шишка
с.,Шишківка
с.,Шкробове
с.,Шкуранка
с.,Шлях Ілліча
с.,Шмаївка
с.,Шняківка
с.,Шолойки
с.,Шпаків
с.,Шульгівка
с.,Шуляки
с.,Шумани
с-ще,Шумейкине
с.,Шумейків
с.,Шумин
с.,Щаснівка
с.,Щокоть
м.,Щорс
с.,Щурівка
с.,Щуча Гребля
с.,Южне
с-ще,Юність
с.,Юр'ївка
с.,Юрківці
с.,Юрківщина
с.,Юхнове
с.,Яблуневе
с.,Яблунівка
с.,Яблунівка
с.,Яблунівське
с-ще,Яворці
с.,Ягідне
с.,Ядути
с.,Язви
с.,Якличі
с.,Якубівка
с.,Ямище
с.,Ямне
с.,Янжулівка
с.,Ярова Білещина
с.,Ярославка
с-ще,Ясенівка
с.,Ясна Зірка
с.,Ясна Поляна
с.,Ясне
с.,Яськове
с.,Яськів
с.,Яхнівка
с.,Ященків
с-ще,"залізничної станції
Яхнівка"
с-ще,радгоспу ім. Кірова
с-ще,радгоспу ім. Щорса
с-ще,"с-ще Іванівського
коноплезаводу"
с-ще,"с-ще Вапняного
заводу"
с-ще,"с-ще Киселівського
торфопідприємства"
с-ще,"с-ще з-ду Перше
Травня"
с-ще,"с-ще залізничної
станції Бондарівка"
с-ще,"с-ще залізничної
станції Григорівка"
с-ще,"с-ще залізничної
станції Костобобер"
с-ще,"с-ще залізничної
станції Угли"
с-ще,"с-ще залізничної
станції Яхнівка"
с-ще,"с-ще курорту
Качанівка"
с-ще,"с-ще радгоспу
""Дідово"""
с-ще,"с-ще радгоспу
Василівський"
с-ще,"с-ще радгоспу
Рубанського"
с-ще,"с-ще радгоспу
Софіївський"
с-ще,"с-ще радгоспу ім.
Кірова"
с-ще,"с-ще радгоспу ім.
Чапаєва"
с-ще,"с-ще радгоспу ім.
Чкалова"
с-ще,"с-ще радгоспу ім.
Чкалова"
с-ще,"с-ще радгоспу ім.
Щорса"
с.,хутір Вознесенський
